0,1,2,3,4,5,6,7,8,9,10,11,12,13,14,15,16,17,18,19,20,21,22,23,24,25,26,27,28,29,30,31,chain_break_fraction,energy,num_occurrences
1,1,0,1,1,1,1,1,0,1,1,1,0,1,1,1,1,1,1,1,1,1,1,1,1,0,1,1,1,1,1,1,0.0,-497.26988076873636,1
1,1,1,1,1,1,1,1,0,0,1,1,1,1,1,0,1,1,1,1,1,1,1,1,1,1,1,0,0,1,1,1,0.0,-496.8433011812153,1
1,0,1,1,0,1,0,1,0,1,1,1,1,1,1,1,1,1,1,1,1,1,1,1,1,0,1,0,1,1,1,1,0.0,-495.13601161735,1
1,0,1,1,0,1,1,1,1,1,1,1,1,0,1,1,0,0,1,1,1,1,1,0,1,1,1,1,1,1,1,1,0.0,-495.0231824605817,1
0,1,1,1,1,1,1,1,1,0,1,0,1,0,1,1,1,1,1,1,1,1,1,1,1,1,1,1,1,0,0,1,0.0,-494.94209027764464,1
1,1,1,1,1,1,1,1,0,1,1,1,1,1,1,1,1,1,1,1,1,1,0,1,0,1,1,1,1,0,0,0,0.0,-494.7596751575763,1
0,1,1,1,1,1,1,1,1,1,1,1,1,1,0,1,1,1,1,1,0,0,1,1,0,1,1,1,0,1,1,1,0.0,-494.71521246446116,1
0,1,1,1,1,1,1,1,1,1,1,0,1,0,1,1,1,1,1,1,1,1,1,1,0,0,1,1,1,0,1,1,0.0,-494.6680115506492,1
1,1,1,1,1,1,1,0,1,0,0,1,1,1,0,0,1,1,1,1,1,1,1,1,0,1,1,1,1,1,0,1,0.0,-492.35289569558506,1
1,0,1,1,1,1,1,1,0,0,1,1,1,1,1,1,0,1,0,0,1,1,0,1,1,1,1,1,1,1,1,1,0.0,-492.2802237244375,1
0,1,1,1,1,1,1,1,0,0,1,1,0,1,1,0,1,1,1,1,1,0,0,1,1,1,1,1,1,1,1,1,0.0,-492.160546215997,1
0,0,1,1,1,1,1,0,1,0,1,1,1,1,1,1,1,1,1,1,1,0,1,1,1,0,1,1,1,1,0,1,0.0,-492.12840489278994,1
1,0,0,1,1,1,1,1,0,1,1,0,1,1,1,1,1,1,1,1,1,1,1,0,1,1,1,1,1,0,1,0,0.0,-491.67231067392544,1
0,1,1,1,1,1,0,1,1,1,1,0,1,1,1,1,1,1,1,1,1,0,1,1,1,1,1,0,1,0,0,1,0.0,-491.6470060708887,1
1,0,1,1,1,1,1,1,0,1,1,1,1,0,0,1,1,0,1,0,1,1,0,1,0,1,1,1,1,1,1,1,0.0,-488.1905918223089,1
1,1,0,1,1,1,0,1,0,1,1,1,1,0,1,1,1,0,1,0,1,1,1,1,1,1,0,0,1,1,1,1,0.0,-488.06005142580204,1
1,0,1,1,1,1,0,0,0,1,1,0,1,1,1,1,1,0,1,0,1,1,1,1,1,1,1,1,1,1,0,1,0.0,-488.0092116877246,1
1,1,0,1,1,1,1,1,0,1,0,1,1,1,0,1,1,0,1,1,1,1,0,1,1,1,1,0,1,1,1,0,0.03125,-487.9724992868202,1
1,1,1,1,0,1,1,0,0,0,1,1,0,0,1,1,0,1,1,1,1,1,1,1,1,1,1,1,1,1,0,1,0.0,-487.96902380447636,1
0,1,0,1,0,1,0,1,0,1,1,1,1,1,1,1,1,0,1,1,1,1,0,1,1,1,0,1,1,1,1,1,0.0,-487.9509158075501,1
1,1,1,1,1,1,1,1,0,0,0,0,1,1,1,1,1,1,1,0,0,0,1,1,1,1,1,1,1,0,1,1,0.0,-487.9485683580185,1
1,1,1,0,0,1,1,1,0,1,0,1,1,1,1,1,1,1,1,1,1,1,1,0,0,1,0,1,1,1,0,1,0.0,-487.94019042200773,1
1,0,1,1,0,1,1,1,0,0,1,0,1,1,0,0,1,1,1,1,1,1,1,1,1,1,1,1,1,0,1,1,0.0,-487.8921012619594,1
0,0,1,1,1,1,1,1,1,0,1,1,0,1,0,1,1,1,1,1,1,1,1,1,1,0,0,1,1,0,1,1,0.0,-487.8862313669976,1
0,1,1,1,1,1,1,1,1,0,0,1,0,1,1,0,0,0,1,1,1,1,0,1,1,1,1,1,1,1,1,1,0.0,-487.87244747495413,1
1,0,0,0,1,1,1,1,0,0,1,1,1,1,1,0,1,1,0,1,1,1,1,1,0,1,1,1,1,1,1,1,0.0,-487.83786299901607,1
1,1,0,1,0,1,1,1,1,1,1,0,1,0,0,1,1,0,1,1,0,1,1,1,1,1,0,1,1,1,1,1,0.0,-487.8265892650651,1
0,1,1,1,1,1,1,1,0,1,0,1,1,1,0,1,1,1,1,0,1,1,1,1,0,1,1,1,0,1,1,0,0.0,-487.8201068763136,1
0,1,0,1,1,1,1,1,0,0,1,1,1,1,1,1,1,1,1,0,1,1,1,1,1,1,1,1,0,1,0,0,0.03125,-487.81299342717693,1
0,1,0,1,1,1,1,0,0,1,1,1,0,0,0,0,1,1,1,1,1,1,1,1,1,1,1,1,1,1,1,1,0.0,-487.7864922296177,1
0,1,1,1,1,1,0,1,0,1,1,1,1,1,0,1,1,1,1,1,1,1,0,1,0,1,1,1,1,0,0,1,0.0,-487.7804301905691,1
0,1,0,1,1,1,1,1,1,0,1,1,1,1,1,1,1,1,1,0,1,1,1,1,1,0,0,1,0,0,1,1,0.0,-487.7361199225045,1
0,1,0,1,1,1,1,0,0,1,0,1,1,1,1,1,1,1,1,0,1,1,1,1,1,0,1,1,0,1,1,1,0.0,-487.7306259413593,1
1,1,1,1,1,0,1,1,1,0,1,1,0,1,1,1,1,1,1,0,1,1,1,0,0,1,1,1,0,0,1,1,0.0,-487.7093696778825,1
1,1,1,1,1,1,1,0,0,1,1,1,1,1,0,1,1,1,0,1,1,1,1,1,1,1,0,0,0,0,1,1,0.0,-487.69369220748086,1
1,1,1,1,0,1,1,1,0,1,1,0,1,1,0,1,0,1,1,1,1,1,1,1,1,1,1,0,1,0,0,1,0.0,-487.68126147831606,1
1,1,0,0,1,1,1,1,0,1,1,0,0,0,1,1,1,1,1,1,1,0,1,1,1,1,1,1,1,1,0,1,0.0,-487.6434389455507,1
1,1,0,1,1,1,1,0,1,1,1,1,1,0,1,1,1,1,1,1,1,0,1,0,0,0,1,1,1,0,1,1,0.0,-487.50232683294206,1
0,0,1,1,0,1,0,0,1,1,1,1,1,0,1,1,1,1,1,1,1,1,0,0,1,1,1,1,1,1,1,1,0.0,-487.43811104902153,1
0,0,0,1,0,1,1,1,1,1,0,1,1,0,1,0,1,1,1,1,1,1,1,1,1,1,1,1,1,0,1,1,0.0,-487.42995064530686,1
1,1,1,1,0,0,1,1,1,1,1,0,0,1,1,1,0,1,0,1,1,1,1,1,1,1,1,0,1,1,0,1,0.0,-487.40997584408626,1
1,0,0,1,1,1,1,1,1,1,1,1,1,1,1,1,1,1,1,1,1,1,0,0,1,0,0,0,1,1,1,0,0.0,-487.29970079806725,1
1,1,0,1,1,1,1,1,0,0,1,1,1,1,0,1,1,1,1,0,1,0,0,1,1,1,0,1,1,1,0,1,0.0,-482.5761454351225,1
1,1,1,1,1,1,0,1,1,0,0,1,1,1,0,1,1,1,1,0,1,0,0,1,0,1,1,1,1,1,0,1,0.0,-482.5396597856363,1
0,0,1,1,1,1,0,1,0,0,1,1,1,1,0,1,1,1,1,0,1,1,1,1,1,1,1,0,1,1,0,1,0.0,-482.53728587793506,1
1,1,1,1,1,1,1,0,0,1,0,1,0,1,0,1,1,0,1,0,1,1,1,1,0,1,1,1,1,1,1,0,0.0,-482.5358935535495,1
1,0,1,1,1,1,0,1,0,0,1,1,1,1,1,1,1,1,1,0,1,0,1,0,1,0,1,1,1,0,1,1,0.0,-482.5229958405056,1
1,0,1,1,1,1,1,0,0,0,1,1,1,1,0,1,1,1,1,0,1,1,0,1,1,1,1,0,1,1,0,1,0.0,-482.5132681098287,1
1,1,1,1,1,1,0,1,1,0,1,1,1,1,1,0,1,0,0,0,1,1,1,1,0,1,0,1,0,1,1,1,0.0,-482.492727363244,1
1,1,1,1,1,1,0,1,0,1,1,0,1,0,0,1,1,0,1,0,1,1,0,1,1,1,1,1,0,1,1,1,0.0,-482.477122431128,1
1,0,1,1,1,1,0,0,0,0,1,1,1,1,0,1,1,1,0,1,1,1,1,1,1,1,0,0,1,1,1,1,0.0,-482.4705308304971,1
1,1,1,1,1,1,0,0,0,0,0,1,1,1,1,0,0,1,1,0,1,1,0,1,1,1,1,1,1,1,1,1,0.0,-482.4677958008037,1
1,0,1,1,0,0,1,1,1,0,1,1,0,1,0,1,1,0,1,1,1,1,1,1,1,1,1,1,1,1,0,0,0.0,-482.4556619814452,1
0,1,0,1,1,1,1,1,0,0,1,1,1,1,1,1,1,0,1,0,1,1,0,0,1,1,1,1,0,1,1,1,0.0,-482.4516282537314,1
1,1,1,1,1,1,1,1,1,0,0,1,1,1,0,1,0,0,1,1,1,1,1,1,1,1,0,1,0,0,0,1,0.0,-482.42796577010796,1
1,1,0,1,1,1,0,1,0,1,1,1,1,0,1,0,1,0,0,1,1,1,1,1,0,1,1,1,1,1,0,1,0.0,-482.4182062213156,1
1,1,1,0,1,1,0,1,1,0,1,0,1,0,1,1,1,0,1,1,1,0,0,1,1,1,1,0,1,1,1,1,0.0,-482.38906495983997,1
0,1,1,1,1,1,1,0,0,0,0,1,1,1,0,1,1,1,1,1,0,1,1,1,1,1,1,0,1,0,1,1,0.0,-482.3545481271728,1
0,0,1,0,1,1,1,1,0,1,1,1,1,1,1,1,1,0,1,1,1,1,1,1,0,0,0,0,1,1,1,1,0.0,-482.33532510713485,1
1,0,1,1,1,1,0,0,0,0,1,1,1,1,1,1,1,1,1,1,1,1,0,1,0,1,1,0,1,1,0,1,0.0,-482.3335034426084,1
1,1,1,1,1,1,1,1,0,1,1,1,1,1,1,0,0,0,1,0,1,1,0,1,0,0,1,1,0,1,1,1,0.0,-482.3298597246457,1
1,0,1,1,1,1,0,0,0,0,1,0,1,0,1,1,1,1,1,1,1,1,0,1,1,1,1,0,1,1,1,1,0.0,-482.2966693912807,1
0,1,1,0,1,1,1,1,0,0,1,1,1,1,0,1,1,1,1,1,0,1,1,1,0,1,1,1,1,0,1,0,0.0,-482.2505610020407,1
0,0,1,1,1,1,1,1,1,0,0,1,1,0,1,1,1,1,1,1,1,0,0,1,1,0,1,0,1,1,1,1,0.0,-482.24634595847476,1
1,1,0,1,0,1,1,1,0,1,1,1,0,0,1,1,1,0,0,1,1,1,1,1,1,1,0,1,0,1,1,1,0.0,-482.2390368866798,1
1,0,1,1,1,1,1,1,1,0,0,1,1,1,1,1,1,0,1,1,1,1,0,1,1,0,0,1,0,0,1,1,0.0,-482.2241470878257,1
0,1,0,1,1,1,1,1,0,1,1,1,1,1,0,1,0,1,1,1,1,1,1,0,1,0,1,1,1,0,0,1,0.0,-482.20788218561177,1
1,1,1,1,0,1,1,1,0,0,0,1,1,1,1,1,1,1,1,1,0,1,1,1,1,1,0,0,0,0,1,1,0.0,-482.2064763794734,1
1,0,1,1,1,1,1,0,1,0,0,1,0,1,1,1,1,1,0,1,1,1,0,0,1,0,1,1,1,1,1,1,0.0,-482.18886418344215,1
1,1,1,1,1,1,1,1,1,1,1,0,1,1,0,0,0,0,1,0,1,1,1,1,0,1,1,0,0,1,1,1,0.0,-482.1652305907703,1
0,1,1,1,1,1,1,1,0,1,0,1,1,1,0,0,1,1,1,1,1,1,0,1,1,1,0,0,0,1,1,1,0.0,-482.16476221922306,1
1,1,0,1,0,1,0,1,0,1,0,1,0,0,1,0,0,1,1,1,1,1,1,1,1,1,1,1,1,1,1,1,0.0,-482.1634541369497,1
1,1,0,1,1,1,1,0,0,1,1,0,0,0,0,1,1,1,1,1,1,1,1,1,0,1,1,1,1,0,1,1,0.0,-482.14372017820205,1
1,1,0,1,1,1,1,1,0,1,1,1,1,0,0,1,1,1,1,1,0,1,1,0,0,1,0,1,1,1,1,0,0.0,-482.13278570448966,1
1,0,1,1,1,1,1,1,0,1,0,1,1,0,1,1,1,1,0,0,1,0,1,1,1,1,1,1,0,0,1,1,0.0,-482.1301652671293,1
1,1,1,1,1,1,0,1,1,0,1,0,0,1,0,1,0,1,1,1,0,0,1,1,0,1,1,1,1,1,1,1,0.0,-482.1051819188435,1
1,0,0,1,1,1,1,0,1,1,0,1,1,1,0,1,1,1,1,1,1,1,0,1,1,1,0,0,1,1,0,1,0.0,-482.07863417716186,1
1,1,1,1,1,1,0,1,1,0,1,1,0,0,1,1,1,1,1,1,1,0,1,1,0,1,0,1,1,0,1,0,0.0,-482.07844968913986,1
0,1,1,1,1,1,1,1,1,1,1,1,0,0,0,1,1,1,0,0,0,0,1,1,1,1,0,1,1,1,1,1,0.0,-482.0777925884134,1
0,1,0,1,0,1,1,0,0,1,1,1,0,1,1,1,1,1,1,1,1,1,1,1,0,1,0,0,1,1,1,1,0.0,-482.0684052579005,1
1,1,1,1,1,1,0,1,1,0,1,0,1,1,1,1,0,1,1,0,1,1,0,1,1,1,1,1,1,0,0,0,0.0,-482.0236333007057,1
0,0,0,1,1,1,1,1,1,1,1,1,1,1,0,1,1,1,1,1,1,0,1,0,1,0,1,1,1,0,0,1,0.0,-482.01488920340904,1
1,1,1,1,1,1,1,0,0,1,1,0,1,0,1,1,1,1,0,1,1,1,1,1,1,1,0,0,0,1,0,1,0.0,-481.9696923555742,1
0,0,1,1,1,0,0,1,1,1,0,1,1,1,1,1,1,0,1,1,1,1,0,1,1,1,0,1,1,0,1,1,0.0,-481.966039171992,1
1,1,1,1,1,1,1,0,1,0,1,1,0,1,1,1,1,1,1,1,0,0,1,0,0,1,1,0,1,0,1,1,0.0,-481.95792268745487,1
1,0,1,1,1,1,0,0,1,1,1,0,1,0,0,1,1,1,1,1,1,1,1,0,0,1,1,1,0,1,1,1,0.0,-481.9524804348828,1
1,1,1,1,1,1,1,0,0,1,1,1,1,0,1,1,1,1,1,1,1,0,1,1,0,1,1,0,0,0,0,1,0.0,-481.9461879263555,1
1,1,0,1,1,0,1,1,1,1,0,1,1,0,1,1,1,1,1,0,1,1,0,0,0,1,1,1,0,1,1,1,0.0,-481.91311957477814,1
1,1,0,1,1,1,1,1,0,1,1,0,0,1,1,0,1,1,1,0,1,1,0,0,1,1,1,1,0,1,1,1,0.0,-481.90222357242266,1
0,1,1,1,1,1,0,0,1,1,0,1,1,0,1,1,1,1,0,1,1,0,1,1,0,1,1,1,0,1,1,1,0.0,-481.88258121192155,1
0,1,0,1,1,1,1,1,1,1,0,1,1,1,0,0,1,1,1,1,1,1,1,1,0,1,1,0,1,0,1,0,0.0,-481.87759821349465,1
1,1,1,1,0,1,1,0,1,1,1,1,0,1,0,1,1,1,0,1,1,1,1,0,1,1,1,0,0,0,1,1,0.0,-481.87472645235437,1
0,1,1,1,1,1,0,0,1,0,1,1,1,0,1,1,1,1,1,1,0,0,1,1,1,1,1,1,0,1,1,0,0.0,-481.8733082484721,1
0,1,0,1,1,1,1,0,1,1,1,0,1,0,0,1,1,1,1,1,1,1,1,1,1,1,0,0,0,1,1,1,0.0,-481.8696578537853,1
1,0,1,1,1,1,0,1,0,1,1,0,1,1,1,0,1,1,1,1,1,1,1,1,1,1,0,0,0,0,1,1,0.0,-481.8536014050005,1
0,1,0,1,1,1,1,0,0,1,1,1,1,0,1,1,1,1,1,1,1,1,1,1,1,1,0,1,0,0,0,1,0.0,-481.8471658517594,1
1,1,0,1,1,1,1,1,0,1,1,1,1,1,1,0,1,1,0,1,1,1,1,1,0,1,0,0,0,1,1,0,0.0,-481.8331337158791,1
0,1,1,1,0,1,1,1,1,1,0,1,0,0,1,1,1,1,1,1,1,1,1,0,1,1,0,0,1,0,1,1,0.0,-481.82105311786466,1
1,1,0,1,1,1,1,0,0,1,1,1,0,1,1,1,1,1,1,1,1,1,1,1,1,1,1,0,0,0,0,0,0.0,-481.68723876105645,1
0,1,0,1,1,0,1,0,1,1,1,1,0,1,1,1,1,1,1,1,1,1,0,0,1,1,1,1,1,0,1,0,0.0,-481.3842706149154,1
0,1,1,1,1,1,1,1,0,0,1,1,1,0,0,1,1,0,1,1,1,1,1,0,1,1,0,0,1,1,0,1,0.0,-475.78041015989135,1
1,0,1,1,1,1,1,1,0,0,0,0,1,0,0,1,1,0,1,1,0,1,1,1,1,1,1,1,1,0,1,1,0.0,-475.73395444544445,1
1,0,1,0,1,1,1,1,0,0,1,1,1,1,1,1,1,0,1,0,1,1,0,1,1,1,0,1,1,0,0,1,0.0,-475.7103630854172,1
0,1,1,1,0,1,0,1,1,0,0,1,1,1,0,1,1,0,1,1,1,1,1,1,1,1,0,1,1,1,0,0,0.0,-475.69924484545567,1
1,1,1,1,1,1,0,1,0,0,0,1,0,0,1,1,1,0,1,1,1,1,0,0,1,1,1,0,1,1,1,1,0.0,-475.6981444853025,1
0,1,0,1,1,1,0,1,1,0,0,1,1,1,0,1,1,0,0,1,1,1,1,1,0,1,1,1,1,0,1,1,0.0,-475.6899213759972,1
0,0,1,0,1,1,0,1,0,0,0,1,1,0,1,1,1,1,1,1,1,1,1,1,1,0,1,1,1,1,0,1,0.0,-475.6695721361684,1
1,1,1,1,1,1,1,1,0,1,1,1,1,1,0,0,1,0,0,1,1,1,1,1,0,0,0,1,1,0,0,1,0.0,-475.6542488783179,1
1,1,1,1,1,1,1,0,0,0,1,1,0,1,0,1,0,0,1,1,1,0,0,1,1,1,1,0,1,1,1,1,0.0,-475.6484418857773,1
1,1,1,1,0,1,1,1,0,0,0,1,1,1,1,1,0,0,1,1,1,1,1,0,1,0,1,1,0,1,1,0,0.0,-475.62617449561856,1
1,1,0,1,1,1,1,0,0,0,1,0,1,0,1,1,1,0,1,1,0,1,1,1,0,1,1,1,1,1,0,1,0.0,-475.62021908860305,1
1,1,0,1,1,1,1,1,0,0,1,1,1,0,1,1,1,0,1,0,0,1,1,1,0,1,1,0,1,0,1,1,0.0,-475.6052455530922,1
1,1,1,1,1,0,1,1,1,0,1,1,0,0,0,1,1,0,1,1,1,1,1,1,1,0,1,1,0,0,0,1,0.0,-475.59728817615866,1
0,1,0,1,1,1,0,1,0,0,0,1,1,1,1,1,1,1,1,1,1,0,1,1,1,1,0,0,1,1,0,1,0.0,-475.5700878905509,1
1,1,1,0,1,1,1,0,0,0,0,1,1,1,1,1,1,1,1,0,1,1,0,1,1,1,0,1,0,1,0,1,0.0,-475.5511406616876,1
0,1,1,1,1,0,1,1,0,0,0,1,1,0,1,1,0,1,1,0,1,1,1,1,1,1,1,1,0,1,0,1,0.0,-475.54105241360134,1
1,1,0,1,1,0,1,1,0,1,1,1,1,0,0,1,1,1,0,0,1,1,0,1,1,1,0,1,1,1,0,1,0.0,-475.5283440430819,1
1,1,1,1,1,1,0,1,0,0,1,1,1,0,1,0,1,1,1,1,1,1,1,0,0,1,0,1,1,1,0,0,0.0,-475.52149935655444,1
0,0,1,1,1,1,1,1,1,0,1,1,1,0,0,1,1,1,1,0,1,1,0,1,1,1,0,0,1,1,0,1,0.0,-475.5123774282457,1
0,0,1,1,1,1,1,1,0,1,0,1,1,1,1,1,1,0,1,0,1,1,1,1,0,0,1,1,0,1,0,1,0.0,-475.49790833977585,1
1,0,0,1,1,0,1,1,0,0,1,1,1,1,1,0,1,1,1,1,1,1,1,1,0,0,1,1,1,0,0,1,0.0,-475.48317595036406,1
1,1,0,1,1,0,0,1,0,0,1,1,1,1,0,1,1,1,1,1,1,0,1,1,1,1,1,1,0,0,0,1,0.0,-475.46483133911755,1
1,0,1,0,1,1,1,0,0,0,1,1,1,1,1,1,1,1,1,1,1,1,0,0,0,1,0,0,1,1,1,1,0.0,-475.46417742957794,1
0,1,0,1,1,1,1,1,0,0,1,1,1,1,0,1,0,1,1,1,1,1,1,1,1,0,1,0,1,1,0,0,0.0,-475.45993443384066,1
0,1,0,1,1,1,1,0,0,0,0,1,1,1,1,1,1,1,1,1,1,1,1,0,1,0,1,1,0,1,0,1,0.03125,-475.4504531932534,1
0,1,1,1,1,1,0,1,0,1,1,0,1,0,0,1,1,0,1,1,1,1,0,1,1,1,0,1,0,1,1,1,0.0,-475.44212065307414,1
1,0,0,1,1,1,1,1,1,1,1,1,1,1,0,0,1,0,1,0,1,0,1,1,1,1,0,1,0,1,0,1,0.0,-475.4267712162701,1
0,1,1,1,1,1,1,1,0,0,0,1,1,0,1,1,1,1,1,1,1,0,1,1,1,1,0,1,0,0,0,1,0.0,-475.42431408615124,1
1,0,1,1,1,1,1,0,0,0,1,1,1,0,1,0,1,1,1,0,1,0,1,1,1,1,1,0,1,1,1,0,0.0,-475.42239466127114,1
1,1,0,1,1,1,0,0,0,1,1,1,1,1,0,0,0,1,1,1,1,0,1,0,1,0,1,1,1,1,1,1,0.0,-475.405773989463,1
0,1,1,1,1,1,1,0,0,1,0,1,1,1,1,1,0,0,1,0,1,1,0,1,1,1,0,1,1,1,0,1,0.0,-475.40402383096017,1
1,1,0,1,1,1,0,1,0,1,1,0,1,0,0,1,1,1,1,0,1,0,1,1,0,1,1,1,0,1,1,1,0.0,-475.40383583601897,1
0,0,0,1,1,1,1,0,0,1,1,1,1,1,0,1,0,0,1,1,1,0,1,1,1,1,1,1,0,1,1,1,0.0,-475.39773656223105,1
1,1,1,1,1,0,0,0,0,1,1,0,1,0,0,1,1,1,1,0,1,1,0,1,1,1,1,1,1,0,1,1,0.0,-475.39578645133497,1
0,1,0,1,0,1,1,1,1,1,0,1,1,0,1,1,1,0,1,1,1,0,1,1,1,0,1,0,1,1,0,1,0.0,-475.38744323806236,1
1,1,0,0,0,1,1,1,0,0,1,1,0,1,1,0,1,1,1,1,1,1,1,1,1,1,0,1,1,0,0,1,0.0,-475.3871421566134,1
0,0,1,0,1,1,1,1,0,0,1,1,1,0,1,1,0,1,1,1,1,1,0,1,1,0,1,1,1,1,1,0,0.0,-475.3846720059993,1
0,1,1,1,0,1,1,1,0,1,1,0,1,0,0,1,1,1,0,0,1,1,1,1,1,1,1,0,0,1,1,1,0.0,-475.37570349453546,1
1,1,1,1,1,1,1,1,0,0,1,1,0,1,1,1,1,1,0,0,1,1,0,1,1,1,0,1,0,1,0,0,0.0,-475.3540683561102,1
1,1,1,0,0,1,1,1,0,1,1,1,1,0,0,0,1,1,1,0,1,0,1,1,0,1,1,0,1,1,1,1,0.0,-475.34417802308866,1
0,1,1,1,1,1,0,1,0,1,1,1,1,0,1,1,1,0,1,1,0,1,0,1,0,1,0,1,1,1,0,1,0.0,-475.338752755506,1
0,1,1,1,1,0,1,0,0,1,1,0,1,0,1,1,1,0,0,1,1,1,1,1,1,1,1,0,1,1,0,1,0.0,-475.3299812782308,1
0,0,0,1,1,1,1,1,0,1,1,1,0,1,1,1,1,0,1,0,1,1,1,1,1,1,0,1,0,1,0,1,0.0,-475.3268339861296,1
1,0,1,1,0,1,1,0,0,1,0,1,1,0,1,1,1,1,0,1,1,1,0,1,0,1,1,1,1,1,0,1,0.0,-475.3265888641041,1
0,0,1,1,1,1,0,0,0,1,1,1,1,0,1,0,1,0,1,1,1,1,1,1,1,1,1,1,0,1,0,1,0.0,-475.32143481160153,1
1,1,1,1,1,1,0,1,0,1,1,1,0,1,1,1,0,1,1,0,1,1,1,0,0,0,0,1,0,1,1,1,0.0,-475.32107585214607,1
0,0,1,1,1,1,1,0,0,1,1,0,1,0,0,1,1,1,1,1,1,0,1,0,1,1,1,0,1,1,1,1,0.0,-475.31671113979155,1
0,0,1,1,1,1,1,1,0,1,0,1,1,1,1,0,1,1,1,0,1,1,1,1,0,1,0,0,1,0,1,1,0.0,-475.3099222010336,1
0,1,1,1,0,1,1,1,0,1,1,1,1,0,0,1,1,1,1,1,1,1,1,1,0,1,0,1,1,0,0,0,0.0,-475.30914620827315,1
1,1,1,0,0,1,0,0,0,1,1,1,0,1,0,1,0,1,1,1,1,0,1,1,0,1,1,1,1,1,1,1,0.0,-475.3063377451162,1
0,1,1,0,1,1,1,1,0,1,1,0,1,1,0,1,1,1,1,0,1,1,0,0,1,1,0,1,0,1,1,1,0.0,-475.2972818501211,1
0,1,1,1,1,1,1,1,0,0,1,0,1,0,1,1,1,1,1,0,0,1,0,1,1,1,0,1,0,1,1,1,0.0,-475.29578360880083,1
1,1,1,1,1,1,1,1,1,1,0,0,1,0,0,1,1,0,1,1,1,0,1,0,0,1,1,1,0,0,1,1,0.0,-475.29551287404655,1
1,1,1,1,1,1,0,1,0,1,1,1,1,0,0,1,1,1,1,1,1,0,1,1,1,1,0,0,1,0,0,0,0.0,-475.29494277673194,1
1,1,0,1,1,1,1,0,0,0,1,0,1,1,1,1,1,1,1,1,1,1,0,1,0,1,1,0,1,1,0,0,0.0,-475.2945025037806,1
1,1,0,1,1,1,0,1,1,1,1,1,1,0,1,1,1,0,1,0,1,1,1,0,1,0,0,0,0,1,1,1,0.0,-475.28642173982064,1
1,1,0,1,0,1,0,1,0,1,1,1,0,0,0,1,1,1,1,1,1,1,1,1,1,1,1,1,1,0,0,0,0.0,-475.2624294515855,1
1,1,0,1,1,1,1,0,0,1,1,1,1,1,0,0,1,1,1,1,0,1,1,1,0,0,1,1,0,1,0,1,0.0,-475.2611278635567,1
0,1,1,1,1,0,1,1,0,1,1,0,0,1,0,1,1,0,1,1,1,1,1,1,1,1,1,0,0,1,1,0,0.0,-475.2599795513492,1
0,1,0,1,1,1,0,0,0,1,1,1,1,0,0,1,1,1,1,1,1,1,1,1,0,1,1,1,1,0,1,0,0.0,-475.25634726831623,1
1,1,0,1,1,1,0,1,0,1,1,0,1,0,1,1,1,1,1,0,1,1,1,0,1,1,0,0,1,0,1,1,0.0,-475.25416378540746,1
0,1,0,1,1,1,0,1,0,1,1,0,1,1,0,1,0,1,1,0,0,1,0,1,1,1,1,1,1,1,1,1,0.0,-475.24719221317883,1
1,1,0,1,1,1,0,0,1,0,1,1,0,0,1,0,0,1,1,1,1,1,1,1,1,0,1,1,0,1,1,1,0.0,-475.24309131268336,1
0,1,1,1,1,0,0,1,0,1,1,0,1,0,1,0,1,1,1,0,1,1,1,1,1,1,1,1,1,0,0,1,0.03125,-475.23420666446657,1
1,1,1,1,1,1,1,0,1,1,1,1,1,1,0,0,0,0,1,1,1,1,1,1,1,0,1,0,0,0,0,1,0.0,-475.2294184561645,1
0,0,1,1,1,1,0,1,1,1,0,0,1,1,0,1,1,1,1,0,1,0,1,1,1,1,1,0,1,1,1,0,0.0,-475.2070749414053,1
1,0,1,1,1,1,1,0,1,1,1,1,1,0,0,1,1,1,1,0,0,0,0,0,1,1,0,1,1,1,1,1,0.03125,-475.2002169995923,1
0,0,0,1,1,1,1,0,1,0,0,1,1,0,1,1,1,1,0,1,1,1,1,1,1,1,1,1,0,1,0,1,0.0,-475.1548564939635,1
1,1,1,1,0,1,0,1,1,1,1,1,1,0,0,1,0,1,1,0,0,0,1,1,1,1,0,1,0,1,1,1,0.0,-475.14271029880024,1
0,1,1,0,1,1,0,0,1,1,1,1,0,0,0,1,1,1,1,1,1,0,1,1,1,1,0,1,0,1,1,1,0.0,-475.1352204681589,1
1,1,1,1,1,1,0,1,0,1,1,1,0,1,0,1,1,1,1,1,1,0,0,1,1,1,0,1,0,0,1,0,0.0,-475.1063051984709,1
1,1,1,1,1,1,1,0,0,1,1,1,0,0,1,1,1,1,0,1,1,0,0,1,0,1,1,0,1,0,1,1,0.0,-475.09512239197045,1
1,0,0,1,1,1,1,1,1,0,1,1,1,1,1,1,0,1,1,0,1,1,0,0,1,1,1,1,0,1,0,0,0.0,-475.08159499748405,1
1,0,1,0,1,1,1,1,0,1,1,1,1,0,1,1,1,1,1,1,0,1,1,1,0,1,0,0,0,1,0,1,0.0,-475.0447984660794,1
0,0,1,1,1,1,1,0,0,1,0,1,1,0,1,1,1,1,1,1,1,1,1,1,1,0,0,1,0,1,1,0,0.0,-475.032227516526,1
0,1,1,1,1,1,0,1,0,1,1,0,1,0,1,0,1,1,1,1,1,1,1,1,1,1,1,0,0,0,0,1,0.0,-474.9960617572609,1
1,0,1,0,0,1,1,1,1,1,0,1,0,0,1,1,1,1,0,1,1,1,1,1,1,1,1,0,0,1,0,1,0.0,-474.9822298991665,1
0,1,1,1,1,1,1,1,1,1,0,1,1,1,1,1,0,1,1,0,1,1,1,1,0,1,0,0,1,0,0,0,0.0,-474.9454705288263,1
1,1,1,1,1,1,0,0,1,1,0,1,0,0,1,1,1,1,1,1,0,1,1,0,0,0,1,1,0,1,1,1,0.0,-474.90074585275005,1
1,1,1,1,1,0,0,1,1,1,0,1,1,1,1,1,1,1,1,1,1,0,0,1,1,0,0,1,0,0,1,0,0.0,-474.8826581534091,1
0,1,0,1,1,0,1,1,0,1,1,1,1,0,1,1,1,1,1,1,1,1,0,1,1,1,0,1,0,0,1,0,0.0,-474.8301054899956,1
0,0,1,1,1,1,1,0,1,1,1,1,1,0,1,0,0,1,1,1,1,1,0,1,1,1,0,1,1,0,1,0,0.0,-474.64346737888616,1
1,0,1,1,0,1,1,1,0,0,0,1,1,0,0,1,1,0,1,1,1,1,1,1,1,1,0,0,1,1,0,1,0.0,-467.72359565136884,1
0,1,1,1,0,1,0,1,0,0,1,1,1,1,0,1,1,0,1,0,1,1,1,1,1,0,1,0,1,0,1,1,0.0,-467.710815894924,1
0,0,1,1,0,1,1,1,0,0,0,1,1,1,0,1,1,0,0,1,1,1,1,1,1,0,1,1,0,1,1,1,0.0,-467.7006983199675,1
1,1,1,1,1,1,0,1,0,0,1,1,1,0,0,1,1,1,1,0,1,0,0,1,0,0,1,1,1,1,0,1,0.0,-467.6544749863279,1
1,1,0,1,1,1,0,1,0,0,1,0,0,1,0,0,1,0,1,1,1,1,1,1,1,0,1,1,1,0,1,1,0.0,-467.6371275018924,1
1,1,0,1,1,0,1,0,0,0,1,1,1,1,0,0,1,0,1,0,0,1,0,1,1,1,1,1,1,1,1,1,0.03125,-467.635143556487,1
1,1,1,0,1,1,1,1,0,0,1,0,1,1,0,1,1,0,0,1,1,1,1,0,1,1,0,1,1,0,0,1,0.0,-467.62307884994425,1
0,1,1,1,1,1,0,1,0,0,0,1,0,0,0,1,0,1,1,0,1,1,1,1,0,1,1,1,1,1,1,1,0.0,-467.59932402325234,1
0,1,1,1,1,1,1,1,0,0,1,1,1,1,0,0,1,0,1,0,1,1,0,1,1,1,0,0,1,0,1,1,0.0,-467.57757738301075,1
1,0,1,1,1,1,1,1,0,0,1,1,1,0,0,1,1,0,0,0,0,1,1,1,1,1,1,0,1,0,1,1,0.0,-467.5533190653162,1
1,0,0,1,0,1,1,0,0,0,1,1,0,1,1,1,1,0,1,1,1,1,1,0,0,1,1,1,1,1,0,1,0.03125,-467.532554865605,1
1,0,1,1,1,1,1,1,0,0,1,1,1,1,1,1,0,0,1,0,1,0,1,0,1,1,0,1,0,1,0,1,0.0,-467.52772522584013,1
0,1,1,1,0,1,1,1,1,0,0,1,1,1,0,0,1,1,1,0,1,1,1,1,0,0,1,0,1,1,0,1,0.03125,-467.5063830183794,1
1,1,1,1,1,1,1,0,0,1,0,0,1,1,0,1,0,0,1,1,1,1,1,1,1,0,0,0,1,1,0,1,0.0,-467.49061671865365,1
0,1,1,1,0,1,1,0,0,0,1,1,0,1,0,1,1,1,1,0,1,1,1,1,1,0,1,0,0,1,1,1,0.0,-467.4838858146963,1
1,1,0,1,1,1,1,1,1,0,0,0,1,1,0,1,0,0,1,0,1,1,1,1,1,1,1,0,0,1,0,1,0.0,-467.4574089784259,1
0,1,1,1,1,1,1,1,0,0,0,1,1,1,1,0,1,1,1,0,1,0,1,1,1,0,1,0,0,1,0,1,0.0,-467.434865524489,1
1,1,1,1,1,1,0,1,0,0,1,1,1,1,1,0,0,1,1,0,1,1,1,0,0,1,0,1,1,0,0,1,0.0,-467.42447516615636,1
0,1,1,1,1,1,0,0,1,0,1,1,0,0,0,1,1,0,0,1,1,1,1,1,1,1,0,1,1,0,1,1,0.0,-467.42328772951487,1
1,1,1,1,1,1,0,1,0,1,1,1,1,0,0,1,1,0,0,1,1,1,1,0,0,1,0,0,1,0,1,1,0.0,-467.4218700237469,1
1,1,0,1,1,1,0,0,0,0,1,1,1,0,1,1,1,0,1,1,0,0,0,1,1,1,1,1,1,0,1,1,0.0,-467.416916629435,1
1,0,1,1,1,1,1,1,0,0,0,0,1,0,0,1,1,1,1,1,1,0,1,1,1,1,0,1,0,0,1,1,0.0,-467.3974880620999,1
0,1,0,1,1,1,0,0,1,0,1,1,1,0,0,1,1,1,1,0,1,1,1,1,1,0,1,0,1,0,1,1,0.0,-467.3942790804417,1
0,0,1,1,1,1,0,1,1,0,0,1,1,1,0,1,1,1,1,0,1,0,1,1,1,1,0,1,0,1,0,1,0.0,-467.3902644987153,1
1,0,1,1,1,1,0,0,0,0,1,1,0,0,0,1,1,1,1,1,0,0,1,1,1,1,0,1,1,1,1,1,0.0,-467.38822106999146,1
1,0,1,1,1,1,0,1,0,1,0,1,1,1,1,1,1,0,1,0,1,1,0,1,0,0,0,1,1,1,1,0,0.0,-467.3836182669816,1
0,1,1,1,1,0,1,0,0,0,1,0,1,1,0,1,1,1,1,0,0,1,1,1,1,1,0,1,0,1,1,1,0.0,-467.3826019759931,1
0,1,1,1,1,1,1,0,0,0,1,1,1,0,0,1,1,1,0,0,1,1,1,1,1,1,1,0,0,0,1,1,0.0,-467.3756646092641,1
0,0,1,0,1,1,1,1,0,0,0,0,1,0,1,1,1,1,1,1,1,1,1,0,0,1,1,1,1,1,0,1,0.0,-467.37124760532186,1
1,0,1,0,0,1,1,1,0,0,1,1,1,1,0,1,1,1,0,0,0,1,1,0,1,1,1,1,1,1,1,0,0.0,-467.3677668439459,1
0,0,1,1,1,1,0,1,0,1,1,1,1,1,0,1,1,0,1,0,1,1,1,1,1,1,1,0,0,0,0,1,0.0,-467.3619596925414,1
1,1,1,1,1,1,1,0,1,0,1,1,1,0,0,1,1,1,1,0,1,1,1,0,0,1,0,0,1,1,0,0,0.0,-467.36103449023653,1
0,0,0,1,1,1,0,1,1,1,1,1,1,0,0,1,1,0,1,0,1,1,1,1,1,0,1,1,1,0,0,1,0.0,-467.35618077085803,1
1,1,1,1,0,0,0,0,0,0,1,1,0,1,1,1,1,1,1,0,1,0,1,1,1,1,1,1,1,0,1,0,0.0,-467.3543111482042,1
1,1,1,1,1,1,1,1,0,0,1,0,1,0,0,1,1,1,1,1,1,1,1,1,0,0,1,0,0,1,0,0,0.0,-467.34750080624883,1
1,0,0,1,1,1,0,0,1,0,1,0,0,1,0,1,1,0,1,1,1,1,1,0,1,1,1,1,1,1,1,0,0.0,-467.3360576826288,1
0,1,1,1,1,0,1,1,0,0,1,1,1,0,1,0,0,1,1,0,1,0,1,1,1,1,1,1,0,1,0,1,0.0,-467.3216947962398,1
0,1,1,1,1,1,0,1,0,0,1,0,1,0,0,1,1,1,1,1,1,1,0,0,1,1,1,0,0,1,1,1,0.0,-467.3147722901852,1
0,1,0,1,1,1,1,0,0,0,0,1,1,1,1,1,1,1,1,0,1,1,0,1,1,0,1,1,0,1,0,1,0.0,-467.3133530788247,1
0,1,1,1,0,1,0,1,1,1,1,1,1,1,1,1,1,0,0,0,1,0,1,0,0,1,1,0,1,1,0,1,0.03125,-467.3033986278845,1
1,1,0,1,0,0,1,1,0,1,0,1,0,1,1,1,1,0,0,1,0,1,0,1,0,1,1,1,1,1,1,1,0.0,-467.29788770065414,1
1,1,0,1,1,1,1,0,0,0,1,1,1,0,1,0,0,0,1,1,1,1,0,1,1,1,1,0,0,1,1,1,0.0,-467.2951155165454,1
1,1,1,1,0,1,0,1,0,1,1,1,1,0,1,1,1,0,1,1,0,0,0,1,1,1,0,0,1,1,0,1,0.0,-467.28732367091067,1
1,1,1,1,0,1,0,1,0,0,1,1,1,1,0,1,0,1,1,0,1,1,1,1,1,1,1,1,0,0,0,0,0.0,-467.2821881038458,1
1,1,0,1,1,1,0,0,0,0,1,1,1,0,1,1,1,1,1,1,0,1,1,1,0,1,0,1,1,0,0,1,0.0,-467.2818406555744,1
0,1,1,1,1,1,0,1,1,0,1,1,0,1,0,1,1,1,1,0,1,0,1,1,0,1,0,1,0,0,1,1,0.0,-467.278934901602,1
0,0,1,1,1,1,1,0,1,0,1,1,1,0,0,1,1,0,1,1,1,0,0,1,1,1,1,0,1,1,1,0,0.0,-467.27885459854747,1
1,1,1,1,1,1,1,1,1,0,1,1,1,0,0,0,0,1,1,0,1,1,0,1,0,1,0,1,0,1,0,1,0.0,-467.2787725163274,1
1,1,0,1,1,1,1,1,0,0,1,1,1,1,0,0,1,1,1,0,1,0,0,1,1,1,1,1,0,0,0,1,0.0,-467.27483165218985,1
1,1,1,1,1,1,1,0,0,0,1,1,0,0,1,1,1,1,0,1,1,0,1,1,0,1,1,0,1,0,0,1,0.0,-467.26396112270885,1
1,1,1,0,1,1,1,0,0,1,0,0,1,1,0,1,1,1,1,1,1,1,1,0,1,0,0,0,1,1,1,0,0.0,-467.25903390086853,1
1,0,0,1,0,1,1,0,0,1,1,0,1,0,1,1,1,0,1,1,1,1,0,1,1,1,0,1,1,1,0,1,0.0,-467.24972169655837,1
0,0,0,1,1,1,1,1,0,0,1,1,1,1,1,1,1,0,1,1,1,1,0,1,1,1,0,1,0,0,0,1,0.0,-467.2474946773133,1
1,0,1,1,1,0,1,1,1,0,0,1,0,0,0,1,0,1,0,1,1,1,1,1,0,1,1,1,0,1,1,1,0.0,-467.2403369700812,1
1,0,0,1,1,1,0,0,0,0,1,1,1,1,0,1,0,1,0,1,1,1,0,1,1,1,1,1,1,1,1,0,0.0,-467.2348987373555,1
0,1,1,1,1,0,1,1,0,0,1,0,1,1,0,1,0,1,0,1,1,1,0,1,1,1,1,1,1,0,1,0,0.0,-467.22662641536607,1
1,1,0,1,1,1,0,0,0,0,1,1,0,0,1,1,1,1,1,1,1,1,0,1,1,0,1,1,0,0,1,1,0.0,-467.22002514287004,1
0,1,0,0,1,1,1,0,0,0,1,1,1,1,0,1,1,1,1,1,1,1,1,1,1,1,0,1,0,0,1,0,0.0,-467.21994120604666,1
1,1,1,1,0,0,0,0,1,1,1,1,1,0,0,1,1,1,1,1,1,1,1,0,0,0,0,1,0,1,1,1,0.0,-467.2082721955675,1
0,0,1,0,1,1,0,1,1,1,1,0,1,0,0,1,1,1,1,0,1,1,1,0,1,0,0,1,1,1,1,1,0.0,-467.20763687478944,1
1,1,0,1,1,0,1,0,1,1,1,1,1,0,0,1,1,0,0,1,1,1,1,0,1,0,1,0,0,1,1,1,0.0,-467.2068537791936,1
0,1,1,1,1,1,1,1,0,1,0,1,1,0,1,1,1,0,0,0,1,1,1,1,0,1,1,0,0,0,1,1,0.0,-467.2051544864776,1
0,1,0,1,0,1,1,1,1,0,0,1,1,1,1,1,0,1,0,1,1,1,1,0,0,1,0,0,1,1,1,1,0.0,-467.2013532949462,1
1,1,0,1,1,1,0,1,0,1,0,1,0,1,1,1,1,1,1,0,1,0,0,1,0,1,0,1,1,0,1,1,0.0,-467.1959988306147,1
1,1,1,0,1,1,1,1,1,1,0,1,1,0,1,0,0,0,1,0,1,0,1,1,1,1,1,0,0,1,0,1,0.0,-467.1945289751249,1
0,1,0,1,1,1,1,1,0,1,1,0,1,0,0,1,0,1,1,0,1,0,1,0,1,1,1,1,1,0,1,1,0.0,-467.1840604798743,1
0,1,0,1,1,1,1,1,1,0,0,1,1,0,0,0,1,1,1,1,1,0,0,1,1,1,1,0,1,0,1,1,0.0,-467.17832455962576,1
1,1,1,1,1,1,1,1,0,1,0,1,1,0,1,1,1,0,1,0,1,1,1,0,1,1,0,0,0,0,0,1,0.0,-467.1730926024782,1
0,1,1,1,1,1,1,1,0,0,1,1,1,1,1,1,1,1,1,0,0,1,0,0,0,1,1,0,0,1,0,1,0.0,-467.1689738919832,1
0,1,0,1,1,1,0,0,0,1,1,1,1,0,1,1,1,0,1,1,1,1,0,1,0,1,1,0,1,0,1,1,0.0,-467.16198667335954,1
0,1,1,1,1,1,0,1,0,1,1,1,1,0,0,1,1,0,1,1,0,1,1,1,0,1,1,0,0,1,1,0,0.0,-467.15653012426014,1
1,1,0,1,0,1,1,1,0,0,0,1,1,1,1,1,1,1,1,1,1,1,1,0,1,1,1,0,0,0,0,0,0.0,-467.1527382957409,1
1,1,0,1,1,1,0,1,0,1,1,1,1,0,0,1,1,1,0,1,0,1,1,0,1,1,0,1,0,1,0,1,0.0,-467.1345590834012,1
0,1,0,1,1,1,1,1,0,1,1,1,1,0,1,1,1,1,1,0,1,0,1,1,0,1,0,0,1,0,0,1,0.0,-467.1300459769892,1
0,0,1,1,1,1,1,0,0,1,1,1,0,0,0,1,1,1,0,1,1,1,1,0,1,0,1,1,0,1,1,1,0.0,-467.12649468888736,1
0,1,0,1,0,1,1,1,0,1,0,1,1,0,1,1,0,1,1,0,1,1,1,1,0,1,1,0,0,1,1,1,0.0,-467.1264746725877,1
1,0,0,1,1,1,1,1,0,0,1,1,1,1,1,1,1,1,0,1,1,0,0,1,0,1,1,0,1,0,0,1,0.0,-467.1237288252954,1
1,0,1,1,1,1,0,1,1,0,0,0,1,0,1,1,1,1,1,0,0,0,1,1,1,1,1,1,0,1,0,1,0.0,-467.1219513079762,1
0,1,0,1,1,0,1,0,0,0,1,1,1,1,1,0,1,1,1,1,1,1,1,1,1,1,0,0,0,0,1,1,0.0,-467.1209633070347,1
0,1,0,1,1,1,0,0,0,1,0,1,0,1,1,1,1,0,1,1,0,1,1,1,0,1,1,1,1,0,1,1,0.0,-467.11915534047773,1
0,1,0,1,1,1,0,0,0,0,0,1,1,1,1,1,1,1,1,1,1,1,0,1,1,1,1,1,0,0,0,1,0.0,-467.1179416394055,1
0,1,1,1,1,0,0,0,0,0,1,1,0,1,1,1,1,1,1,1,0,1,1,0,1,1,1,1,1,1,0,0,0.0,-467.11703018341984,1
0,1,0,1,1,1,1,0,1,1,0,0,1,1,0,1,1,0,1,1,1,0,1,0,1,1,0,1,1,0,1,1,0.0,-467.1159341892201,1
1,1,1,1,1,1,1,1,0,0,0,1,0,0,1,1,1,1,1,1,1,1,0,1,1,0,1,0,0,0,1,0,0.0,-467.1148371528148,1
0,1,0,1,1,1,1,1,0,0,1,1,1,1,1,0,0,1,1,1,1,1,1,0,1,1,0,1,0,0,0,1,0.0,-467.11270388797556,1
0,1,0,0,1,1,1,1,0,0,0,1,1,1,1,1,0,1,1,1,1,1,0,1,1,1,1,1,0,0,0,1,0.0,-467.1087736329239,1
1,1,0,0,0,1,1,0,0,1,1,1,0,1,0,0,1,1,1,1,1,1,1,0,1,1,1,1,0,1,0,1,0.0,-467.10593228466155,1
0,0,0,1,1,1,1,0,1,0,1,1,1,0,1,1,1,1,1,0,1,1,0,1,1,0,1,1,1,0,0,1,0.0,-467.1051236766496,1
0,1,0,1,1,1,0,0,0,1,1,1,1,1,0,1,1,1,1,1,0,1,1,1,0,1,0,1,1,1,0,0,0.0,-467.09387658944524,1
0,1,0,1,1,1,0,0,0,0,1,1,1,1,1,1,1,1,1,1,1,1,0,0,1,1,1,0,0,0,1,1,0.0,-467.074013843951,1
0,1,1,1,0,1,1,0,1,1,1,0,1,1,0,1,0,0,1,1,1,1,1,1,0,1,1,0,1,1,0,0,0.0,-467.0725482013217,1
1,0,1,1,1,0,1,1,1,1,1,0,0,0,0,1,1,1,1,0,1,1,1,0,1,0,1,0,1,0,1,1,0.0,-467.0692728286233,1
0,1,1,1,1,1,0,0,1,1,0,0,1,0,1,1,1,0,0,1,1,0,0,1,0,1,1,1,1,1,1,1,0.0,-467.0550744388049,1
0,0,0,1,1,0,0,0,1,0,1,1,1,1,1,1,1,1,1,0,0,1,1,1,1,1,1,1,1,1,0,0,0.0,-467.0407110657781,1
0,1,0,1,0,1,1,0,0,1,1,1,1,0,1,1,0,1,1,1,1,1,0,0,0,1,1,1,1,1,0,1,0.0,-467.04013428962656,1
0,0,0,1,1,1,0,1,1,1,1,1,0,0,0,1,1,0,1,1,1,0,1,1,1,1,1,1,0,0,1,1,0.0,-467.03225350579754,1
0,1,0,1,1,1,0,1,0,1,1,1,1,0,1,1,1,1,1,1,0,0,1,0,0,1,1,0,1,1,0,1,0.0,-467.0206388260617,1
0,0,1,1,1,1,0,1,0,1,1,1,1,0,1,0,0,1,1,0,1,1,1,1,1,1,1,0,0,1,0,1,0.0,-467.0187430936424,1
1,0,1,1,0,1,1,1,0,0,1,1,1,1,1,1,0,1,1,1,1,1,1,0,1,1,0,0,0,0,1,0,0.0,-466.99323954127226,1
1,1,1,1,1,1,0,0,0,1,1,1,1,0,1,1,1,1,1,0,1,0,1,1,1,1,0,1,0,0,0,0,0.0,-466.9882274411408,1
0,0,1,1,1,1,0,1,0,1,1,1,1,1,0,1,1,1,0,1,1,1,0,0,1,1,1,1,0,0,0,1,0.0,-466.97720520468033,1
0,0,1,1,0,1,1,1,1,1,1,0,0,1,1,1,1,1,0,0,1,0,1,0,1,0,1,0,1,1,1,1,0.03125,-466.9761733414241,1
0,1,1,1,1,1,0,1,0,1,1,1,0,1,1,1,0,1,1,1,1,0,0,0,1,0,1,0,1,0,1,1,0.0,-466.97492019921253,1
0,1,0,1,1,1,1,1,0,1,0,1,1,1,0,1,1,1,1,0,0,1,0,1,1,1,1,1,0,1,0,0,0.0,-466.96427217555595,1
0,1,1,0,1,0,1,1,0,1,0,1,0,0,1,1,0,1,0,1,1,1,1,0,1,1,1,1,1,1,1,0,0.0,-466.9637549326798,1
1,1,1,1,1,1,1,0,1,1,1,1,1,0,0,1,1,0,1,1,0,0,0,1,1,1,1,0,0,0,0,1,0.0,-466.9616722147427,1
1,1,1,1,1,1,1,1,0,1,1,0,1,1,1,1,0,0,0,1,0,1,1,0,1,0,1,0,0,0,1,1,0.0,-466.96149054519,1
0,1,0,1,0,1,0,1,0,1,1,1,0,1,1,0,1,1,1,1,1,1,1,0,1,0,1,1,0,1,1,0,0.0,-466.9464337289046,1
1,1,0,1,1,1,1,1,1,1,0,1,1,1,1,0,0,0,1,1,1,1,0,0,0,1,1,0,1,1,0,0,0.03125,-466.9417677935803,1
1,1,0,1,0,1,0,0,1,0,1,1,0,1,1,1,1,1,1,1,0,1,0,1,1,1,0,0,0,1,1,1,0.0,-466.9276604423011,1
1,1,0,0,1,1,0,0,0,1,1,0,0,1,1,1,1,1,1,1,1,1,1,1,1,0,1,0,0,0,1,1,0.0,-466.9229617870374,1
0,1,0,1,0,1,1,1,0,1,1,0,1,1,1,1,1,1,1,1,1,1,1,0,0,0,1,0,1,0,1,0,0.0,-466.9195277472048,1
0,0,0,1,1,1,1,1,0,1,0,0,1,0,1,1,1,1,1,1,0,1,1,0,0,1,1,1,1,1,0,1,0.0,-466.91551298791387,1
0,1,0,1,1,1,1,1,0,1,1,0,0,0,1,1,1,0,1,0,1,1,0,1,1,1,1,1,0,1,1,0,0.0,-466.9015883761476,1
0,1,0,1,0,1,1,0,1,1,1,0,1,0,0,1,1,1,1,1,1,1,1,0,1,0,1,1,0,1,1,0,0.0,-466.8659047999252,1
0,0,1,1,1,1,1,1,0,0,1,0,1,1,1,1,0,1,1,1,1,1,0,1,1,1,1,1,0,0,0,0,0.0,-466.85678731157617,1
0,1,0,1,1,1,1,0,1,1,1,1,1,1,0,0,0,1,1,1,0,0,1,0,1,1,0,1,0,1,1,1,0.0,-466.7819687734059,1
0,0,1,0,1,1,1,1,1,1,1,1,0,0,0,1,1,1,1,1,1,1,1,1,0,1,0,1,0,1,0,0,0.0,-466.7607822204126,1
0,1,1,1,1,1,1,1,0,1,1,0,1,1,1,1,0,0,1,1,1,1,0,1,1,1,1,0,0,0,0,0,0.0,-466.7591255290262,1
0,1,0,1,1,1,0,0,1,1,1,0,0,0,1,1,0,1,1,1,1,0,1,0,1,1,1,1,1,1,0,1,0.0,-466.7496540538687,1
0,1,0,1,1,1,0,0,1,1,0,1,1,1,1,0,1,1,1,1,1,1,0,1,0,1,1,0,0,0,1,1,0.0,-466.66154335724053,1
0,1,0,1,1,1,1,1,1,1,0,0,0,1,1,1,0,1,0,0,1,1,0,1,1,1,0,1,1,1,1,0,0.0,-466.6555100413462,1
0,1,0,1,1,1,0,0,1,1,0,1,1,0,1,1,1,1,1,1,0,1,1,1,1,0,1,1,0,0,0,1,0.0,-466.6028336525275,1
1,0,1,1,1,1,0,1,0,0,0,1,1,1,1,0,1,0,1,0,1,0,1,0,1,1,0,1,1,1,0,1,0.0,-458.2932556800536,1
0,0,1,1,1,1,0,1,0,0,1,1,1,1,0,1,1,0,1,0,1,1,0,1,1,0,0,1,1,0,1,1,0.0,-458.26502970530214,1
1,0,1,1,0,1,1,1,0,0,0,1,1,0,0,1,1,0,1,1,1,0,1,1,1,1,1,0,1,0,0,1,0.0,-458.17407001969605,1
1,1,1,1,1,1,1,0,0,0,1,1,1,1,0,1,1,0,0,0,1,1,0,1,0,1,0,1,0,0,1,1,0.0,-458.1695804615563,1
0,1,1,1,0,1,0,1,0,0,1,1,1,1,0,1,1,0,0,1,1,0,1,1,1,1,0,1,0,1,0,1,0.03125,-458.1566055615548,1
0,0,1,1,1,1,1,0,0,0,0,1,1,1,1,1,1,0,0,1,1,1,1,1,0,0,1,0,1,1,0,1,0.0,-458.1496486483844,1
0,1,1,1,0,1,1,0,0,0,1,1,1,1,0,1,0,0,1,1,1,1,1,0,1,1,0,1,1,0,0,1,0.0,-458.1375094598434,1
0,1,1,1,1,1,0,1,0,0,0,0,1,1,0,1,1,0,1,1,1,1,0,1,1,1,0,1,1,1,0,0,0.0,-458.12666541903565,1
0,1,1,1,1,1,0,1,0,1,0,1,1,0,0,1,1,0,0,0,1,1,1,1,0,1,1,1,0,1,0,1,0.0,-458.1169109559677,1
1,0,0,0,1,1,1,0,0,0,0,1,1,1,1,1,1,0,1,1,1,1,1,1,0,1,1,0,1,0,0,1,0.0,-458.0713492271041,1
1,1,1,1,1,0,0,0,0,0,1,1,1,1,0,0,1,1,1,1,1,1,0,1,1,0,0,1,0,1,0,1,0.0,-458.06243877508206,1
1,0,1,1,1,1,0,1,0,0,1,0,1,1,0,0,1,0,1,1,1,0,1,1,0,1,1,1,0,1,0,1,0.0,-458.0591705415823,1
1,0,0,1,1,0,1,0,0,0,1,1,1,0,1,1,1,0,1,1,1,0,0,1,1,1,1,1,1,0,0,1,0.0,-458.0198905567494,1
1,1,1,1,0,1,1,1,0,0,1,1,1,0,0,1,1,1,0,0,1,0,0,1,0,1,0,0,1,1,1,1,0.0,-458.016445496281,1
0,1,1,1,1,1,0,1,0,0,0,0,1,0,1,1,0,0,1,1,1,1,1,1,1,1,0,1,0,1,0,1,0.0,-457.9938190758305,1
1,1,1,1,1,1,0,1,1,0,0,0,1,0,0,1,1,1,1,0,1,0,1,0,1,1,0,0,1,0,1,1,0.0,-457.9926692430092,1
1,0,1,1,1,1,1,1,0,0,1,0,1,0,1,1,1,0,0,0,1,0,1,1,1,1,1,0,0,0,1,1,0.0,-457.9623475207144,1
0,1,0,0,1,1,0,1,0,0,1,1,1,1,0,0,1,1,0,1,1,1,0,0,0,1,1,1,1,1,1,1,0.0,-457.9609157104328,1
0,0,1,1,1,1,1,1,1,0,1,1,1,0,0,1,1,0,1,0,1,0,0,0,1,1,1,0,0,1,1,1,0.0,-457.9590308645746,1
1,1,0,1,1,1,1,0,0,0,1,1,0,1,1,0,0,0,1,0,1,1,1,1,0,1,1,1,0,0,1,1,0.0,-457.9520524609411,1
1,0,0,1,1,1,1,1,0,0,0,0,1,1,0,1,1,1,1,1,1,1,0,1,0,1,0,1,0,1,0,1,0.0,-457.94716697407046,1
0,1,1,1,1,0,1,0,1,0,1,1,0,1,0,0,1,0,1,1,1,1,1,1,0,1,1,0,1,0,0,1,0.0,-457.9365947731989,1
0,1,0,1,1,1,0,1,0,0,0,1,0,1,1,1,1,1,1,1,1,1,0,0,1,0,1,0,1,1,0,1,0.0,-457.92730224816455,1
0,0,0,1,0,1,0,1,0,1,0,1,1,0,0,1,1,1,1,0,1,1,0,1,1,1,1,1,1,1,0,1,0.0,-457.9073473449579,1
0,0,1,1,0,1,1,1,0,0,1,1,1,0,1,1,1,1,1,0,1,1,1,0,1,1,0,0,1,1,0,0,0.0,-457.90576353105826,1
1,1,1,0,1,1,0,0,0,1,1,1,0,0,0,1,0,1,1,0,1,1,1,1,1,1,0,0,1,1,0,1,0.0,-457.90340669117916,1
0,1,1,1,1,1,1,0,0,0,0,1,1,0,1,1,1,0,1,0,0,1,1,1,0,1,1,1,1,0,1,0,0.0,-457.90152076392246,1
0,1,1,1,1,1,1,1,0,0,0,1,1,1,0,1,1,1,1,1,1,1,0,1,0,0,0,1,0,0,1,0,0.0,-457.894514219994,1
0,1,1,1,1,1,0,0,0,0,1,0,1,0,1,1,1,0,1,1,1,1,1,1,0,1,1,1,1,0,0,0,0.0,-457.89302907897036,1
0,0,1,1,1,1,0,1,0,0,1,0,1,1,0,1,1,1,1,0,1,0,1,1,0,1,1,0,0,1,1,1,0.0,-457.8838730123704,1
0,1,1,1,1,1,1,0,0,1,0,1,0,1,0,0,1,0,0,0,1,1,1,1,1,1,1,1,0,1,1,0,0.0,-457.8730363482815,1
1,0,1,1,1,1,1,0,0,0,0,1,1,0,0,0,1,1,1,1,1,1,1,1,1,1,1,0,0,1,0,0,0.0,-457.86717010884706,1
1,1,0,1,1,0,1,0,0,0,1,1,1,1,0,1,1,1,1,0,0,1,1,1,1,1,0,0,0,0,1,1,0.0,-457.86636133844036,1
0,1,1,1,1,1,0,0,0,0,1,1,1,1,0,1,0,1,1,1,1,0,1,1,1,1,0,0,1,1,0,0,0.0,-457.8569616823695,1
0,0,0,1,1,1,1,1,1,0,1,1,0,0,0,1,1,0,1,1,1,0,1,1,0,1,1,0,1,0,1,1,0.0,-457.8368890339858,1
1,0,0,1,0,1,1,0,1,0,1,1,1,1,0,1,1,1,1,1,1,1,1,0,1,0,0,0,0,1,0,1,0.0,-457.8365307226723,1
1,0,0,1,1,1,0,1,0,0,0,1,1,1,1,1,1,1,1,1,1,1,1,0,1,1,0,0,0,0,0,1,0.0,-457.8153257023006,1
0,1,1,1,1,1,1,1,0,1,1,1,1,0,0,1,1,1,1,0,1,0,1,0,0,0,1,1,1,0,0,0,0.0,-457.81162512687604,1
0,0,1,1,0,1,1,1,0,0,0,0,1,1,1,1,1,1,1,0,1,1,0,1,1,1,0,1,0,0,1,1,0.0,-457.8092872597296,1
0,1,1,1,1,1,1,0,0,1,0,1,1,0,0,1,1,0,1,1,1,1,0,0,1,0,0,1,1,0,1,1,0.0,-457.80186943811754,1
0,1,1,1,1,1,0,1,0,1,1,0,0,1,1,1,1,0,1,0,1,0,0,1,1,0,1,1,1,0,0,1,0.0,-457.77832632338095,1
0,0,1,1,1,1,0,0,0,1,0,1,1,1,1,0,1,0,1,1,1,0,1,1,0,1,1,1,1,0,1,0,0.0,-457.7697859025304,1
0,1,0,1,0,0,1,1,0,1,1,0,1,0,1,0,0,0,1,1,1,1,1,1,1,1,0,1,1,0,1,1,0.0,-457.76872686815625,1
1,1,0,1,1,1,0,1,1,0,1,1,1,0,0,0,0,1,1,0,1,0,0,0,1,1,1,0,1,1,1,1,0.0,-457.7673190938263,1
0,0,1,1,1,1,1,0,1,0,1,1,1,0,1,1,0,0,1,0,1,0,1,1,1,1,1,1,0,1,0,0,0.0,-457.75212617867584,1
0,1,1,1,1,1,0,0,1,1,0,1,0,0,0,1,1,0,0,1,1,1,0,1,1,1,0,0,1,1,1,1,0.0,-457.75014155885947,1
1,0,0,1,1,1,1,1,1,0,0,1,1,1,1,0,1,1,1,0,1,0,0,0,1,1,0,1,1,1,0,0,0.0,-457.748441484542,1
0,1,1,0,1,1,1,1,0,0,0,1,0,1,1,0,1,1,1,1,1,1,1,0,1,1,0,1,0,0,0,1,0.0,-457.74536044210754,1
0,1,0,1,1,0,1,0,0,0,1,0,1,1,1,1,1,0,1,1,1,1,0,1,1,1,1,0,1,0,1,0,0.0,-457.74299719632995,1
1,1,1,1,1,1,0,0,0,1,1,0,1,0,0,1,1,1,1,0,0,1,1,1,0,0,1,1,0,1,1,0,0.0,-457.7181406582286,1
1,1,0,1,0,1,1,1,0,1,0,1,0,0,1,1,1,1,1,0,1,0,0,1,1,1,0,1,1,1,0,0,0.0,-457.71791893989166,1
1,1,0,1,1,1,0,1,1,1,0,1,0,0,0,0,1,1,1,0,1,1,1,0,1,1,1,0,1,0,0,1,0.0,-457.71121118538997,1
1,1,0,1,1,1,0,1,1,1,1,1,0,1,0,0,1,0,1,0,0,0,0,1,1,1,1,0,1,0,1,1,0.0,-457.70366377445595,1
0,1,1,1,1,1,1,1,0,1,1,0,1,0,0,0,1,1,1,0,0,1,1,1,1,1,0,0,0,1,0,1,0.0,-457.67960839123316,1
0,1,0,1,1,1,1,0,1,1,1,1,1,1,0,1,1,0,1,0,1,0,0,1,0,1,1,0,0,0,1,1,0.0,-457.6787304168338,1
0,1,1,1,1,1,0,1,0,1,1,1,0,0,0,1,1,1,1,0,0,0,0,0,1,1,1,1,1,0,1,1,0.0,-457.6772373338661,1
1,1,1,1,1,1,0,0,0,1,0,1,0,1,1,1,1,1,1,0,1,0,0,1,1,1,0,0,1,1,0,0,0.0,-457.67720870868834,1
0,0,1,1,1,1,1,1,1,0,1,0,0,0,1,1,0,1,1,1,1,0,1,0,1,0,1,0,1,1,0,1,0.0,-457.65162275206285,1
0,0,1,1,1,1,0,0,0,1,1,1,0,0,0,1,1,1,1,1,1,0,1,1,1,1,1,0,0,1,0,1,0.0,-457.64696118676216,1
0,1,0,1,1,1,0,0,0,1,0,0,1,1,1,1,0,0,1,1,1,1,0,1,1,1,1,0,0,1,1,1,0.0,-457.64382838446477,1
0,1,1,1,1,0,0,1,0,1,1,1,0,1,0,1,1,1,0,1,1,0,1,1,1,1,1,0,0,0,0,1,0.0,-457.62639140839144,1
0,0,1,0,0,1,1,0,1,1,1,0,1,1,1,1,1,0,1,0,1,0,0,1,1,1,1,1,1,0,0,1,0.0,-457.62609082721576,1
0,1,0,1,1,1,1,1,0,1,1,1,1,1,0,1,1,1,1,0,1,0,0,0,1,1,1,0,0,1,0,0,0.0,-457.6256051422515,1
0,0,1,1,1,0,1,1,1,0,0,0,1,1,1,1,1,1,1,0,1,1,1,0,1,1,0,0,0,0,1,1,0.0,-457.58756307569956,1
0,1,1,1,0,1,0,0,0,1,1,0,1,1,0,0,1,1,1,1,1,1,0,1,0,1,1,1,0,0,1,1,0.0,-457.5868728138755,1
1,1,1,1,1,1,1,1,1,0,1,1,0,1,0,0,0,0,1,1,0,1,0,1,1,1,0,0,0,1,1,0,0.0,-457.5849811244101,1
1,1,0,1,1,1,1,1,0,1,0,1,1,1,1,1,0,1,1,0,1,0,0,1,0,1,1,0,0,0,0,1,0.0,-457.57673204334765,1
0,1,0,1,0,1,0,0,1,1,1,1,1,0,1,1,1,0,1,1,1,0,0,1,0,1,1,0,1,1,1,0,0.0,-457.5718854105103,1
0,0,1,0,1,1,1,0,1,1,1,1,1,1,0,0,1,1,1,0,1,1,0,0,1,0,1,1,0,1,0,1,0.0,-457.56389023475236,1
0,1,0,1,0,1,1,1,1,1,1,1,1,0,0,1,1,1,1,0,1,1,0,1,0,1,0,0,0,0,1,1,0.0,-457.54366399050116,1
0,1,1,0,1,1,1,1,0,1,1,1,1,0,1,0,0,1,1,0,1,0,1,1,0,1,1,1,0,1,0,0,0.0,-457.5306229354789,1
0,0,0,1,1,1,0,1,0,1,0,1,1,1,1,0,1,1,1,1,1,0,1,1,0,1,1,1,1,0,0,0,0.0,-457.51861717537963,1
0,1,0,1,1,1,1,1,1,0,0,1,0,1,1,0,1,1,1,0,1,0,1,0,1,1,1,1,0,0,1,0,0.0,-457.514259934616,1
1,0,0,1,1,1,0,1,0,1,1,0,0,0,0,1,1,1,0,1,1,0,1,1,1,1,1,1,0,1,1,0,0.0,-457.50863239684725,1
0,0,1,1,1,1,0,0,0,1,1,0,1,0,0,1,1,1,1,1,1,0,1,1,1,1,1,1,0,0,1,0,0.0,-457.487531185342,1
0,0,0,1,1,1,1,0,0,1,0,0,1,0,1,0,1,1,1,1,0,1,1,0,1,1,1,0,1,1,1,1,0.0,-457.4802538861046,1
1,0,0,1,1,1,0,1,0,1,0,0,0,1,1,1,1,1,1,1,1,1,0,0,0,1,1,0,0,1,1,1,0.0,-457.4665569020716,1
1,1,0,1,0,1,0,0,1,0,1,1,0,1,1,0,1,1,0,1,0,1,1,1,0,1,1,0,1,1,1,0,0.0,-457.4485865166498,1
0,0,0,1,1,1,0,1,1,1,0,1,1,1,1,1,1,1,1,0,1,0,1,0,1,0,1,1,0,0,0,1,0.0,-457.44188807035437,1
0,1,1,1,1,1,0,0,0,1,1,1,0,0,1,1,1,1,1,1,1,1,1,0,1,0,1,0,0,0,0,1,0.0,-457.4342222721865,1
1,0,0,1,1,1,0,1,1,1,1,1,0,1,0,1,0,1,0,0,1,1,1,1,1,1,1,0,0,1,0,0,0.0,-457.3945623773389,1
1,1,0,1,1,1,1,1,1,1,1,0,1,0,0,1,0,1,1,1,1,1,0,0,1,0,1,0,1,0,0,0,0.0,-457.3756651912295,1
0,1,0,1,1,1,0,1,1,1,1,1,0,0,0,1,1,1,0,1,1,1,0,0,1,1,1,0,1,0,1,0,0.0,-457.332896935399,1
1,1,0,0,0,1,1,0,1,1,1,0,1,1,1,1,0,1,1,1,1,1,0,1,1,0,1,0,0,0,1,0,0.0,-457.12476420767314,1
1,0,1,1,0,1,1,1,0,0,0,0,1,0,0,1,1,0,1,1,1,1,0,1,1,1,0,0,1,1,0,1,0.0,-447.5137438023286,1
1,1,1,1,1,1,0,0,1,0,0,0,0,1,0,0,1,0,0,0,1,0,1,1,1,1,1,1,1,1,0,1,0.0,-447.49041870339465,1
1,1,0,1,1,1,0,1,0,0,1,1,0,0,0,1,1,0,0,0,1,1,1,1,1,1,0,0,0,1,1,1,0.0,-447.4569366884149,1
1,1,1,1,0,1,0,0,0,0,1,1,0,0,0,1,1,0,0,1,0,0,1,1,1,1,0,1,1,1,1,1,0.0,-447.44671325575007,1
1,1,1,1,1,1,1,1,0,0,0,0,0,1,0,1,1,0,0,1,0,0,1,1,0,1,0,1,1,0,1,1,0.0,-447.42223458086767,1
1,0,0,1,0,1,0,1,1,0,0,1,1,0,0,1,1,0,1,0,1,0,0,1,1,1,1,1,0,1,1,1,0.03125,-447.3886384982185,1
0,0,0,1,1,1,1,1,0,0,1,1,0,1,0,0,1,0,1,0,1,0,1,0,1,1,1,1,1,1,1,0,0.0,-447.3840064030819,1
1,0,0,1,1,1,0,1,0,0,1,1,0,0,1,1,1,0,1,0,1,0,0,1,1,1,0,1,1,1,1,0,0.0,-447.35442749330633,1
0,1,1,1,1,1,0,1,0,0,0,1,1,0,0,1,0,1,1,1,1,0,0,1,1,0,0,0,1,1,1,1,0.0,-447.3512352345997,1
0,0,1,1,1,1,1,0,0,0,0,1,1,0,0,1,0,1,1,0,1,1,1,1,0,1,0,1,1,1,1,0,0.0,-447.3489881697719,1
0,0,1,0,0,0,1,1,0,0,1,1,1,1,0,1,1,1,1,0,1,1,1,1,0,1,0,1,1,1,0,0,0.0,-447.34766300533624,1
1,0,0,1,1,1,1,0,1,0,0,0,1,0,0,0,1,0,1,1,1,1,1,0,1,1,0,1,1,1,0,1,0.0,-447.3467317224356,1
0,1,1,1,1,1,1,0,0,1,0,1,1,1,0,1,1,0,1,0,1,0,1,1,0,1,0,0,0,1,0,1,0.0,-447.3414243982056,1
1,0,0,1,0,1,0,0,0,0,1,1,1,0,1,1,1,0,0,1,1,1,1,0,1,1,1,1,0,1,0,1,0.0,-447.32070663236135,1
0,1,1,1,1,1,0,1,0,0,0,1,0,1,0,1,1,1,1,1,1,1,1,0,0,1,0,0,1,1,0,0,0.0,-447.3064418491146,1
1,0,1,1,0,1,0,0,0,1,0,1,0,0,1,1,1,0,1,0,1,1,1,1,1,0,0,1,0,1,1,1,0.0,-447.28053978081493,1
0,1,0,1,1,1,0,1,0,0,1,1,0,0,0,1,1,1,0,0,1,1,0,0,1,1,1,1,1,0,1,1,0.0,-447.26674267185444,1
1,1,1,1,1,1,0,1,0,0,0,1,0,1,0,1,1,1,0,0,1,0,1,1,0,1,1,1,0,0,1,0,0.0,-447.2570343353521,1
0,0,1,1,1,1,1,1,0,0,0,1,0,0,0,1,0,1,1,1,1,1,0,1,1,1,0,0,1,1,0,1,0.0,-447.2567524092509,1
0,0,1,1,1,1,1,1,0,0,1,1,0,0,1,1,0,0,1,0,1,1,0,1,0,1,1,1,0,1,0,1,0.0,-447.25333900415933,1
0,0,0,1,1,1,1,1,0,0,0,1,1,1,0,1,1,1,1,1,1,1,1,0,1,0,0,0,1,0,1,0,0.0,-447.23338933933945,1
0,0,1,1,1,1,1,1,0,0,0,0,1,1,0,1,1,1,1,1,1,0,0,1,0,1,0,1,1,1,0,0,0.0,-447.2326946682657,1
1,1,1,1,1,1,0,0,0,1,1,1,1,0,0,1,1,0,1,0,0,0,0,1,1,1,1,0,0,1,0,1,0.0,-447.22857266587584,1
1,1,0,1,1,0,0,1,0,0,1,1,0,0,0,1,1,1,0,1,1,1,1,0,1,1,1,1,1,0,0,0,0.0,-447.2038197348813,1
0,0,1,1,1,1,0,1,0,1,0,1,0,0,0,1,1,0,1,1,1,1,0,1,1,1,0,0,1,0,1,1,0.0,-447.1771537598992,1
0,0,1,1,1,1,1,1,0,1,0,0,0,0,0,0,1,0,1,1,0,1,1,1,1,1,0,1,1,1,0,1,0.0,-447.15090307560456,1
1,1,1,1,0,1,1,1,0,0,0,0,1,0,1,0,1,1,1,1,1,0,0,0,1,1,1,0,1,0,0,1,0.03125,-447.149551902584,1
0,0,0,1,1,0,1,1,0,0,1,1,1,1,0,1,1,1,0,0,0,1,1,1,1,1,0,1,0,0,1,1,0.0,-447.1464117650351,1
1,1,0,1,1,1,1,1,0,0,0,0,1,1,1,1,0,0,1,1,1,1,0,1,1,1,0,0,0,0,0,1,0.0,-447.1459435807427,1
0,1,0,1,1,1,1,1,0,1,1,1,1,0,0,0,0,0,1,1,1,1,1,1,1,0,0,0,1,1,0,0,0.0,-447.1435956613595,1
0,1,0,1,1,1,0,1,1,0,0,0,1,0,1,1,1,1,1,0,1,0,1,0,1,1,0,0,1,1,0,1,0.0,-447.1423784336862,1
0,1,0,1,0,0,0,1,0,0,1,1,1,1,0,1,0,1,1,0,1,1,0,1,1,1,1,0,1,1,1,0,0.0,-447.1258353253156,1
1,1,0,1,1,1,0,1,1,0,1,1,1,0,1,1,0,1,0,0,1,1,1,0,0,0,0,0,0,1,1,1,0.0,-447.11263983586844,1
0,1,0,1,1,1,0,0,0,0,1,1,0,1,0,1,1,1,1,1,0,1,1,1,1,0,1,1,0,0,0,1,0.0,-447.11080135167197,1
1,0,0,1,1,1,0,1,0,1,0,1,1,0,0,0,1,1,0,0,1,1,0,1,0,1,1,1,0,1,1,1,0.0,-447.10409058033576,1
0,1,1,1,1,0,1,1,0,1,1,0,1,1,0,0,0,0,1,0,1,1,1,0,1,1,1,0,0,0,1,1,0.0,-447.10212797666196,1
1,0,0,1,1,1,1,1,1,0,0,1,1,0,0,1,0,1,1,0,0,0,1,1,0,1,0,1,1,1,1,0,0.0,-447.0800197027289,1
1,0,1,1,1,1,0,1,0,0,1,1,0,1,1,1,1,1,0,0,0,0,1,0,1,1,0,0,1,1,1,0,0.0,-447.0775084411414,1
1,1,1,1,1,0,1,1,1,0,0,0,0,0,1,0,1,0,1,1,0,1,1,1,1,0,0,0,1,0,1,1,0.0,-447.07383615751786,1
0,1,0,1,1,1,1,0,0,0,1,1,1,1,0,0,1,1,1,0,1,1,1,0,1,1,1,0,0,0,1,0,0.0,-447.0559295461504,1
0,1,1,1,1,1,0,1,1,0,0,1,0,1,0,0,1,0,1,1,1,1,0,1,1,1,0,1,0,0,1,0,0.0,-447.05431270559404,1
0,1,1,1,1,1,0,1,0,1,1,0,1,0,0,1,0,1,1,0,1,0,0,1,1,0,1,0,0,1,1,1,0.0,-447.04140509781166,1
1,1,1,1,1,1,0,1,1,0,0,0,1,0,0,1,1,1,0,1,1,0,0,1,1,1,1,0,0,0,0,1,0.0,-447.0293803746164,1
1,1,0,1,1,0,1,1,0,1,1,0,1,0,0,1,0,1,0,0,1,0,1,1,1,1,0,0,0,1,1,1,0.0,-447.02499617508727,1
0,0,1,1,0,1,1,0,1,0,1,1,1,1,0,1,1,0,1,1,0,0,1,0,1,1,1,0,0,0,1,1,0.0,-447.0077882495592,1
1,0,0,0,1,1,0,0,1,1,1,1,1,1,0,1,1,0,1,1,1,1,1,0,0,1,0,1,0,0,0,1,0.0,-446.99736053658296,1
0,1,0,1,0,1,1,1,0,0,1,1,1,1,0,1,0,1,1,1,0,1,1,1,0,1,0,1,0,0,0,1,0.03125,-446.9932361708064,1
1,1,0,1,0,1,0,0,1,0,0,1,0,0,1,1,1,1,1,1,0,0,1,1,1,1,0,0,1,0,1,1,0.0,-446.97367540549754,1
0,1,0,1,1,0,0,1,0,1,0,1,0,0,0,1,1,1,0,1,0,0,1,1,1,1,1,1,1,1,1,0,0.0,-446.96602477537994,1
0,0,0,0,0,0,1,1,0,1,1,1,1,0,0,0,1,1,1,1,1,1,1,1,0,1,1,1,1,0,0,1,0.0,-446.958490964661,1
0,0,1,1,0,1,1,1,0,1,1,1,0,0,0,1,1,1,0,0,1,1,0,1,1,1,1,0,0,0,1,1,0.0,-446.92780941924417,1
0,0,1,0,0,1,1,1,1,1,0,1,1,1,0,1,1,1,0,1,1,0,1,1,1,0,0,0,1,0,1,0,0.0,-446.91418407241986,1
1,1,0,1,1,1,0,1,1,0,1,1,1,0,1,0,0,1,0,1,1,1,1,0,0,0,1,0,0,0,1,1,0.0,-446.8992169185452,1
1,0,0,0,0,1,1,1,0,0,1,0,1,0,1,1,1,1,1,1,1,1,0,0,1,1,1,0,0,1,1,0,0.0,-446.89004379449216,1
0,1,1,1,1,1,0,0,0,1,0,0,0,1,0,0,1,1,1,1,0,1,1,1,1,1,1,0,1,0,0,1,0.0,-446.8833459645206,1
0,0,1,1,1,1,0,0,0,1,1,1,0,0,1,1,0,1,1,0,0,0,1,1,0,1,1,0,1,1,1,1,0.0,-446.8679744295928,1
0,1,1,1,1,1,0,0,0,1,1,1,0,1,1,1,0,0,1,1,1,1,0,1,0,0,1,1,1,0,0,0,0.03125,-446.86645897724816,1
0,1,0,1,1,1,0,0,0,1,1,1,0,0,0,1,0,1,1,1,0,0,1,1,1,1,0,1,0,1,1,1,0.0,-446.85961592327635,1
0,1,0,1,1,1,0,1,1,1,1,0,1,0,0,1,0,1,0,1,0,0,1,0,1,0,1,0,1,1,1,1,0.0,-446.82421440952584,1
1,1,0,1,0,1,0,0,1,0,1,1,0,1,0,1,1,1,1,1,0,0,1,1,1,1,0,0,0,0,1,1,0.0,-446.8201568781541,1
0,0,1,0,1,1,0,0,0,1,1,1,0,1,1,1,1,0,1,1,1,1,1,0,1,1,0,1,0,0,0,1,0.0,-446.81407164409063,1
1,0,0,1,1,1,0,0,1,1,1,1,1,0,0,1,0,0,1,1,1,1,1,0,1,1,1,0,0,0,1,0,0.0,-446.76937805510613,1
1,1,1,1,1,1,1,0,0,1,1,1,0,1,1,0,1,0,1,1,0,1,1,0,1,0,0,0,0,1,0,0,0.0,-446.76768386597,1
0,1,1,1,1,0,1,0,0,1,0,0,1,1,1,1,1,0,1,1,1,1,0,1,1,0,0,0,0,0,1,1,0.0,-446.7652223822017,1
1,1,0,0,0,1,1,1,1,1,0,1,1,1,1,1,1,1,1,1,0,0,1,0,1,0,0,0,0,0,0,1,0.0,-446.72242751175804,1
0,1,0,1,1,1,1,0,0,1,0,0,1,0,1,0,1,1,1,1,1,0,1,0,1,1,1,1,0,0,0,1,0.0,-446.6978633525408,1
0,0,1,0,1,0,1,0,1,1,0,1,0,0,0,1,1,1,1,1,0,1,1,1,1,1,0,1,0,1,0,1,0.0,-446.69684048102096,1
0,0,1,1,1,1,0,0,0,1,0,1,0,0,1,1,1,1,1,1,0,1,1,1,1,1,0,0,0,0,1,1,0.0,-446.63059145227,1
0,0,1,1,0,0,1,0,1,1,0,1,0,1,1,1,1,1,1,0,0,1,1,1,0,1,1,0,0,0,1,1,0.0,-446.5821966999492,1
0,0,0,0,0,1,1,0,1,1,0,0,1,1,1,1,1,1,1,1,0,1,0,1,1,1,1,1,0,0,0,1,0.0,-446.30769173400677,1
0,0,1,1,1,1,1,0,0,0,0,1,1,0,0,1,1,1,0,0,1,1,1,1,0,1,0,0,1,1,0,1,0.0,-435.44328164098,1
1,1,0,0,1,1,1,0,0,0,0,0,0,0,0,1,1,0,1,1,1,0,0,1,1,1,1,1,1,0,1,1,0.0,-435.43653671255106,1
1,1,1,1,1,1,0,1,0,0,1,1,1,1,0,0,1,0,1,1,1,0,0,0,0,1,0,0,1,0,0,1,0.0,-435.3938784551045,1
1,1,1,1,0,1,1,1,0,0,0,0,1,0,0,0,1,1,1,0,1,0,1,1,1,0,1,0,0,1,0,1,0.0,-435.33671429608785,1
0,1,0,0,0,1,0,1,0,0,1,0,1,0,0,1,0,1,1,0,1,1,1,1,1,0,1,1,1,1,1,0,0.0,-435.26817562714825,1
1,1,1,0,0,1,0,1,0,0,1,0,1,1,1,1,0,0,1,0,1,1,0,0,1,1,0,1,0,1,1,0,0.0,-435.26091259176246,1
1,0,0,1,1,1,0,1,0,0,0,1,1,0,1,1,1,0,1,1,1,1,1,0,0,1,0,0,0,0,1,1,0.03125,-435.25627593678144,1
0,0,0,1,0,1,1,0,1,0,1,1,0,0,0,1,1,0,1,0,1,1,0,1,1,1,1,0,1,0,1,1,0.0,-435.2520423283246,1
0,0,1,1,1,1,1,1,0,0,0,0,0,0,0,1,0,1,1,0,1,0,0,1,1,1,1,1,0,1,1,1,0.0,-435.19757349957786,1
0,1,0,1,0,1,1,1,0,0,1,1,1,0,0,1,1,1,1,1,1,1,0,0,0,1,0,1,1,0,0,0,0.0,-435.1814281549754,1
1,1,1,0,1,1,0,0,0,0,1,0,0,0,1,1,1,1,1,0,1,1,1,0,1,1,0,0,1,0,0,1,0.0,-435.1707413055225,1
1,1,0,1,1,1,1,0,0,0,0,0,1,0,1,1,0,1,1,1,1,1,0,1,0,0,0,1,1,0,0,1,0.0,-435.16729522014094,1
1,0,1,1,1,1,0,0,0,0,0,1,1,1,1,1,1,1,1,0,1,0,0,1,0,1,1,0,1,0,0,0,0.0,-435.1559579724764,1
1,1,0,1,1,1,0,1,1,0,0,0,0,0,0,1,1,1,0,1,1,1,1,0,0,1,0,1,1,1,0,0,0.0,-435.1450043500299,1
1,0,0,1,1,1,0,0,0,0,1,0,1,0,0,1,1,1,1,1,1,1,0,1,0,1,1,0,1,0,0,1,0.0,-435.13902773635834,1
1,0,0,1,1,1,0,0,0,0,0,0,1,0,1,1,0,1,1,0,1,1,1,1,0,1,1,1,0,0,1,1,0.0,-435.12416796482745,1
0,1,1,1,1,0,1,1,0,0,1,0,0,0,0,1,1,1,1,1,1,0,1,0,1,1,0,0,1,0,1,0,0.0,-435.10848073118086,1
1,0,0,0,1,1,0,1,0,0,1,1,1,0,0,1,1,1,1,1,0,0,0,0,1,1,0,1,0,1,1,1,0.0,-435.0964434326226,1
1,0,0,1,0,1,1,1,0,0,1,0,1,0,1,1,0,1,1,0,1,1,1,0,1,1,1,0,1,0,0,0,0.0,-435.01908357816325,1
1,1,1,0,1,1,0,1,1,0,1,0,1,1,0,0,0,1,1,0,1,1,0,1,0,1,0,1,0,1,0,0,0.0,-435.0110087274644,1
0,1,0,1,1,1,1,1,0,0,0,1,1,0,1,1,1,1,1,1,1,0,0,1,1,0,0,1,0,0,0,0,0.0,-434.98924451005007,1
1,1,1,1,1,0,0,1,0,1,0,0,0,0,0,1,0,1,1,1,1,1,0,1,1,0,0,1,1,0,1,0,0.0,-434.984381406168,1
0,0,1,1,1,1,0,0,1,1,1,0,0,1,0,1,0,0,1,0,1,1,1,1,1,0,1,1,0,0,0,1,0.0,-434.9536111049566,1
0,1,0,0,0,0,1,1,1,1,1,1,0,0,0,0,1,0,0,1,1,1,1,1,1,1,1,1,0,0,0,1,0.0,-434.94634875095187,1
0,1,0,1,1,1,0,0,1,1,0,0,1,0,0,1,0,1,1,1,1,1,1,0,1,1,0,0,0,1,1,0,0.0,-434.6863070497648,1
0,1,0,1,1,1,1,1,0,1,0,1,0,1,1,1,1,0,1,0,1,1,0,0,1,1,0,0,0,0,1,0,0.0,-434.6821060477977,1
0,1,1,1,0,1,0,0,1,1,0,1,0,1,1,1,1,1,1,0,0,0,0,1,1,1,0,1,0,0,0,1,0.0,-434.572177898307,1
0,1,0,1,0,1,1,1,0,1,1,0,1,0,0,0,0,0,0,0,1,1,1,1,0,1,0,1,1,1,1,0,0.0,-421.94511399963534,1
1,0,1,1,1,1,1,1,0,0,0,1,1,0,0,1,0,1,1,1,1,0,0,0,0,1,0,0,1,1,0,0,0.0,-421.93494726320796,1
0,0,0,1,1,1,1,1,1,0,0,0,1,0,0,1,1,1,1,1,1,0,1,0,0,0,0,0,1,1,1,0,0.0,-421.84450282254363,1
0,1,0,1,0,1,1,0,0,1,0,1,1,0,0,1,0,0,1,1,1,1,0,1,1,1,1,0,0,0,0,1,0.0,-421.8365477236712,1
0,0,1,1,0,1,1,0,1,0,0,0,0,1,0,0,1,1,1,1,1,0,1,1,0,1,0,0,1,1,0,1,0.0,-421.82114957458265,1
0,0,1,1,1,1,1,1,0,0,1,1,0,0,0,1,1,0,1,1,0,0,0,0,1,1,1,1,0,0,1,0,0.0,-421.7863461125638,1
1,0,0,0,0,1,1,0,1,1,0,1,1,1,1,1,1,0,1,0,1,0,0,0,1,1,0,0,0,1,0,1,0.0,-421.76159185397864,1
1,0,0,1,0,1,0,0,0,0,1,1,1,1,1,1,1,1,1,0,1,0,1,1,0,1,1,0,0,0,0,0,0.0,-421.685842940672,1
1,1,0,1,0,1,0,0,0,1,1,0,0,0,1,0,1,0,1,1,0,1,0,1,0,1,1,0,1,1,1,0,0.0,-421.63894204193707,1
0,0,0,1,0,1,1,1,0,0,1,1,0,0,0,1,0,0,1,1,1,1,0,1,0,1,1,0,1,0,0,1,0.03125,-407.3851394043772,1
0,1,1,1,1,0,0,1,0,0,1,0,0,1,1,0,1,0,1,1,1,0,0,0,1,0,0,0,1,0,1,1,0.0,-407.38153107990104,1
0,0,1,1,1,1,0,0,1,0,1,0,1,0,0,0,0,0,0,1,1,1,1,1,1,1,0,0,1,0,0,1,0.0,-407.3316398430952,1
0,1,0,1,1,1,1,0,0,0,0,0,0,1,0,1,1,1,1,1,1,0,0,1,0,0,1,1,0,0,0,1,0.0,-407.29619833464096,1
0,1,0,0,0,1,0,0,1,1,0,0,1,1,0,0,1,0,1,1,1,1,0,1,0,1,0,0,1,0,0,1,0.0,-391.4315994642032,1
