0,1,10,11,12,13,14,15,16,17,18,19,2,20,21,22,23,24,25,26,27,28,29,3,30,31,4,5,6,7,8,9,chain_break_fraction,energy,num_occurrences
1,0,1,0,1,0,0,1,1,0,0,0,1,1,1,0,1,0,0,1,1,1,0,0,0,1,1,1,0,1,0,0,0.0,-224.35826591248394,1
0,1,0,1,0,1,0,0,1,0,0,1,1,1,1,1,0,0,0,1,1,1,0,1,0,0,1,1,0,1,0,0,0.0,-224.19850992085156,1
0,0,0,1,0,0,0,1,1,0,0,0,1,0,1,1,0,1,1,0,1,0,1,1,1,1,0,1,1,1,0,0,0.0,-224.19654976936818,1
0,1,0,1,0,1,0,0,1,0,1,1,1,1,0,0,0,1,0,1,0,0,1,1,1,1,1,1,0,0,0,0,0.0,-224.16934357586698,1
0,1,1,0,0,1,0,0,1,0,1,0,1,0,1,1,1,1,0,1,1,0,0,0,0,1,1,1,0,1,0,0,0.0,-224.12205244395128,1
0,0,1,1,1,1,0,0,1,0,0,0,1,1,0,0,1,1,0,1,0,1,0,1,1,0,1,1,0,1,0,0,0.0,-224.11449434391633,1
0,0,1,1,0,1,0,0,1,0,0,0,0,0,1,1,1,0,1,1,1,1,0,1,1,1,1,1,0,0,0,0,0.0,-224.10725628172747,1
0,1,1,1,1,1,0,0,1,0,0,0,0,1,1,0,1,1,0,0,0,0,1,1,0,0,1,1,1,1,0,0,0.0,-224.0942824961357,1
0,0,0,0,1,0,0,0,1,0,1,0,1,1,1,1,1,1,1,0,0,0,0,1,1,1,1,1,1,0,0,0,0.0,-224.09363431888409,1
0,1,0,0,0,1,0,0,1,0,0,1,1,1,1,1,0,0,1,1,1,1,0,1,0,0,1,1,0,1,0,0,0.0,-224.08963743266605,1
0,1,1,0,1,0,0,0,1,0,0,0,1,1,0,1,1,0,0,0,1,1,0,0,0,1,1,1,1,1,0,1,0.0,-224.08453690522094,1
0,0,0,1,0,0,0,1,1,0,0,1,1,1,0,1,1,1,0,1,1,0,0,1,1,0,0,1,1,1,0,0,0.0,-224.08448831523157,1
0,0,0,1,0,0,0,0,0,1,1,0,1,0,1,1,1,1,0,0,1,1,1,0,1,1,1,1,1,0,0,0,0.0,-224.0813568854785,1
1,0,0,0,0,1,0,1,1,0,1,0,0,1,1,0,1,0,0,0,0,0,1,1,1,1,1,0,1,1,1,0,0.0,-224.07681007050607,1
1,0,1,1,1,0,0,0,1,1,1,0,1,1,0,0,1,0,0,0,0,1,1,0,0,1,1,0,1,1,0,0,0.0,-224.0617049247694,1
0,0,0,0,0,1,0,1,1,0,1,0,1,1,1,0,1,1,1,1,0,0,1,0,1,0,1,1,0,1,0,0,0.0,-224.05786657660178,1
0,1,1,0,0,1,0,0,1,0,1,0,1,1,1,1,0,0,0,0,1,0,0,1,1,1,1,1,1,0,0,0,0.0,-224.0537718492333,1
0,1,0,0,0,0,0,0,1,0,1,1,0,1,1,1,0,1,1,0,1,0,0,1,1,1,1,1,0,1,0,0,0.0,-224.05185838321515,1
0,1,0,1,1,1,0,0,1,0,1,0,0,1,0,0,1,1,0,1,0,0,0,1,1,0,1,1,1,1,0,0,0.0,-224.0512885694336,1
0,1,0,1,1,0,0,0,0,0,0,1,1,1,1,0,1,0,1,1,0,1,1,0,0,1,0,1,0,1,0,1,0.0,-224.05082773573255,1
0,0,1,0,1,0,1,0,0,0,1,0,0,1,1,1,0,1,1,0,0,1,1,0,1,1,1,1,0,1,0,0,0.0,-224.0486955124313,1
1,1,1,0,0,1,0,0,0,0,0,0,1,1,1,0,1,0,1,0,1,1,1,0,1,0,1,0,0,1,1,0,0.0,-224.04179897933528,1
0,0,0,0,0,0,0,0,1,1,1,0,1,1,1,1,0,0,0,1,0,1,1,1,1,0,1,1,1,1,0,0,0.0,-224.03891997493952,1
0,0,1,1,0,0,0,0,1,0,1,0,1,1,0,1,1,1,1,0,1,0,0,1,0,0,1,1,1,1,0,0,0.0,-224.03810281314267,1
1,0,0,1,0,0,0,1,1,0,1,0,1,0,1,1,1,1,0,0,1,0,1,0,0,1,1,1,0,0,0,1,0.0,-224.029240358905,1
0,0,1,0,1,1,0,0,1,1,1,0,1,0,0,1,0,1,0,1,1,1,1,0,0,1,1,0,0,1,0,0,0.0,-224.0213232784808,1
0,1,0,1,0,1,0,0,1,0,1,1,1,1,0,0,1,1,1,0,0,0,0,1,0,1,1,1,1,0,0,0,0.0,-224.02080497356826,1
0,1,1,1,1,0,0,1,0,0,0,0,0,0,1,1,1,1,1,0,0,0,1,0,1,1,1,1,0,1,0,0,0.0,-224.0207220491102,1
1,0,1,1,0,0,0,0,1,0,1,1,0,1,1,1,0,1,0,0,1,0,0,1,1,0,1,1,0,1,0,0,0.0,-224.0186527255867,1
0,1,0,1,0,1,0,0,1,0,0,1,0,0,1,1,1,1,1,0,0,1,1,1,1,0,1,1,0,0,0,0,0.0,-224.0133233899112,1
0,1,1,0,0,1,0,0,0,0,1,0,1,0,1,1,1,0,1,0,1,1,0,1,1,0,1,1,0,1,0,0,0.0,-224.0061753617509,1
0,0,0,0,0,1,0,1,1,0,1,0,1,1,1,1,1,0,1,1,0,0,0,1,1,0,1,1,0,1,0,0,0.0,-224.00087886122768,1
0,1,0,0,1,0,0,1,1,1,1,0,0,1,0,1,1,0,0,1,0,0,1,1,1,0,1,1,0,1,0,0,0.0,-223.9972731019142,1
0,0,0,0,1,1,0,1,0,0,0,0,1,1,1,1,1,0,1,0,1,0,1,0,1,0,1,1,0,1,1,0,0.03125,-223.99641227843884,1
1,0,1,1,0,1,0,0,1,0,1,0,1,0,0,1,1,1,0,0,0,0,1,0,1,1,1,1,0,0,1,0,0.0,-223.9776618828596,1
0,0,1,0,0,1,0,1,0,1,0,0,1,1,1,0,1,0,0,0,0,1,1,1,1,1,0,1,1,1,0,0,0.0,-223.9734988187342,1
0,0,1,0,1,0,1,0,0,0,1,0,0,0,1,1,1,1,0,0,1,1,1,0,1,1,1,0,0,1,1,0,0.0,-223.9711764571689,1
0,1,0,1,1,0,0,0,1,0,0,1,1,0,1,0,1,1,0,1,0,0,1,1,1,0,1,1,1,0,0,0,0.0,-223.96665803383758,1
0,0,1,0,0,0,0,1,0,1,0,0,0,0,1,1,1,0,0,1,1,1,1,1,1,1,1,0,1,1,0,0,0.0,-223.9533517836528,1
0,1,1,0,0,0,0,1,1,1,1,0,0,1,0,0,1,1,0,0,0,1,1,1,0,1,1,0,0,1,1,0,0.0,-223.94845861656768,1
0,0,0,1,1,0,0,1,0,0,0,1,0,1,1,1,1,1,0,1,1,0,1,0,1,0,0,1,0,1,1,0,0.0,-223.94421800915137,1
0,0,0,0,0,0,0,0,1,1,1,0,1,0,1,1,1,0,1,1,0,1,1,1,1,1,0,0,1,1,0,0,0.0,-223.94348848286276,1
0,0,0,0,0,1,1,1,1,0,0,0,0,1,1,0,0,1,0,1,1,1,1,1,0,1,1,0,1,1,0,0,0.0,-223.9369158197236,1
0,0,1,0,0,0,0,0,1,1,1,0,1,1,0,1,1,0,0,1,0,1,1,1,1,1,0,1,0,1,0,0,0.0,-223.93442242941384,1
0,1,1,0,1,1,0,1,1,1,0,0,0,0,1,0,0,1,0,1,1,1,0,1,0,1,0,1,0,1,0,0,0.0,-223.93435694429624,1
0,0,0,0,1,0,1,1,0,0,1,0,1,1,1,1,0,0,1,0,0,1,1,1,0,0,1,1,1,1,0,0,0.0,-223.9307965732237,1
0,1,1,1,0,0,0,0,0,0,1,1,0,0,1,1,1,0,0,1,1,1,0,0,0,1,1,1,0,1,1,0,0.0,-223.9307409666606,1
0,1,1,1,0,1,0,0,0,0,0,0,0,0,1,1,1,0,1,1,0,1,0,1,1,1,1,1,1,0,0,0,0.0,-223.92789900411216,1
0,0,0,0,1,0,0,0,1,0,1,0,1,1,1,0,1,1,0,1,0,1,1,0,1,1,1,0,0,0,1,1,0.0,-223.92313356753192,1
1,1,1,0,1,0,0,0,0,1,1,0,1,0,1,1,0,1,0,0,0,0,1,1,0,1,1,1,1,0,0,0,0.0,-223.91988738505566,1
0,0,1,0,1,0,1,1,1,0,1,0,1,1,1,0,1,1,0,0,0,0,1,0,1,0,0,1,1,1,0,0,0.0,-223.916008355149,1
0,1,0,0,1,0,0,1,1,1,1,1,1,1,1,1,0,0,1,1,0,0,1,1,0,0,0,1,0,0,0,0,0.0,-223.91271287165785,1
0,1,0,1,0,0,0,0,1,1,1,0,0,1,0,1,0,1,0,0,1,0,1,0,1,1,1,1,0,1,0,1,0.0,-223.90288154372766,1
0,1,1,1,1,0,0,1,1,1,1,0,0,0,0,0,1,1,0,1,0,1,1,0,1,1,0,1,0,0,0,0,0.0,-223.90268987498598,1
0,1,1,0,0,0,0,1,1,1,1,0,1,1,0,1,1,0,0,0,0,0,1,1,1,1,0,0,0,1,1,0,0.0,-223.9016991848636,1
1,0,0,0,0,1,0,1,0,0,1,0,1,1,0,1,0,0,0,1,0,0,1,1,1,0,1,1,1,1,1,0,0.0,-223.9015228929133,1
1,0,0,0,0,1,0,0,0,1,0,0,0,1,1,1,1,0,0,1,0,0,1,1,1,1,1,1,1,1,0,0,0.0,-223.88395732300106,1
0,0,1,0,0,1,0,1,1,1,0,0,1,1,0,1,0,1,0,0,1,0,1,0,0,1,1,1,0,1,1,0,0.0,-223.87757585139656,1
0,1,1,0,0,1,0,0,1,1,1,0,1,1,0,0,0,1,1,0,0,1,1,1,1,0,1,1,0,0,0,0,0.0,-223.8704583167718,1
0,1,0,1,1,0,0,0,1,0,1,0,1,0,0,1,0,1,1,0,1,0,0,1,1,1,1,1,0,0,0,1,0.0,-223.86394942663412,1
0,0,1,0,0,1,0,0,1,0,1,0,1,0,0,1,0,1,0,0,1,0,1,0,1,1,1,1,1,1,0,1,0.0,-223.86032189799582,1
0,0,1,0,1,0,1,0,1,0,1,0,0,1,0,1,1,1,1,1,0,0,1,1,1,0,0,1,0,1,0,0,0.0,-223.8486683931567,1
0,0,0,0,1,0,0,1,1,1,1,0,0,1,0,1,0,0,1,0,0,0,1,1,1,1,1,1,0,1,1,0,0.0,-223.84680429424552,1
0,1,0,1,1,0,0,0,0,1,1,0,1,1,0,0,1,0,1,1,0,1,1,1,0,1,0,1,0,0,1,0,0.0,-223.8344413334763,1
0,0,0,1,0,0,0,0,0,0,0,0,1,1,0,1,1,1,1,0,1,0,1,1,1,1,1,0,0,1,1,1,0.0,-223.8336048777208,1
0,1,1,0,1,0,0,0,0,0,0,1,1,1,1,1,1,0,1,0,0,0,1,0,1,1,1,1,0,0,1,0,0.0,-223.8333969931832,1
0,1,1,0,0,1,0,1,0,1,1,0,1,0,1,1,0,0,0,1,1,0,1,1,1,0,0,0,1,1,0,0,0.0,-223.83256085664587,1
0,1,0,0,1,0,0,0,1,1,1,0,0,0,0,1,1,1,1,1,0,1,1,0,1,0,1,0,1,1,0,0,0.0,-223.83229148525308,1
0,1,0,0,1,1,0,1,0,1,1,0,0,0,1,1,0,1,1,0,1,0,0,0,1,1,1,1,0,1,0,0,0.0,-223.82956685756147,1
0,0,0,0,1,1,0,0,1,0,1,0,1,0,1,1,1,0,1,1,1,0,0,0,0,1,1,0,1,1,0,1,0.0,-223.8291525775913,1
1,0,1,0,0,1,0,0,0,1,0,0,1,1,1,1,1,1,0,0,0,0,0,1,1,1,1,1,0,1,0,0,0.0,-223.82901123354915,1
0,1,1,0,0,1,0,0,0,0,1,1,0,1,1,1,0,0,0,1,0,0,1,1,1,1,1,1,0,0,1,0,0.0,-223.82837255283454,1
0,1,1,1,1,0,1,0,0,1,1,0,0,1,1,1,0,1,0,0,0,0,0,1,1,1,1,0,0,1,0,0,0.0,-223.828166377276,1
0,1,0,0,0,1,0,0,1,0,0,1,0,1,1,1,1,1,0,1,0,0,0,1,0,1,1,1,0,1,0,1,0.0,-223.82548147936583,1
0,0,0,1,0,1,0,1,0,1,1,0,0,0,1,0,1,0,1,0,1,0,1,1,1,1,1,1,0,1,0,0,0.0,-223.82287762366985,1
0,1,1,0,1,1,0,1,1,0,1,0,0,0,0,0,0,0,1,1,0,0,1,1,0,1,1,1,0,1,0,1,0.0,-223.82018413643797,1
1,1,0,0,1,1,0,0,0,1,1,1,1,1,1,0,0,0,1,1,0,1,0,0,1,0,1,0,0,1,0,0,0.0,-223.8193163335031,1
1,0,0,0,0,1,1,1,1,1,1,0,0,1,1,1,1,0,1,0,0,0,0,1,0,1,1,0,0,1,0,0,0.0,-223.81787358894778,1
0,1,1,1,0,0,0,0,1,1,1,1,1,0,1,1,1,0,0,0,1,0,1,1,0,0,1,1,0,0,0,0,0.0,-223.81456692359052,1
0,1,0,0,0,0,0,0,1,1,1,1,0,0,1,1,1,1,1,0,1,0,1,0,0,1,1,1,0,1,0,0,0.0,-223.80918998645356,1
0,0,1,1,0,1,0,0,1,0,1,0,1,0,0,1,0,0,1,1,0,1,1,1,1,0,0,0,1,1,1,0,0.0,-223.80724822040798,1
0,0,0,0,1,0,0,1,1,1,1,1,1,1,1,1,0,0,0,0,0,0,1,1,0,1,1,1,0,0,1,0,0.0,-223.80314254590817,1
0,1,0,0,0,1,1,0,1,0,0,1,0,1,1,0,0,1,0,0,0,0,1,1,1,1,1,1,1,1,0,0,0.0,-223.8027713492936,1
0,1,1,0,0,1,0,1,0,0,0,0,0,1,0,0,0,1,1,1,0,0,1,1,1,1,1,1,0,1,0,1,0.0,-223.80156587179258,1
1,1,0,0,1,0,1,1,0,0,0,0,1,0,1,0,1,1,1,0,1,0,1,1,1,0,1,1,0,0,0,0,0.0,-223.7988075455734,1
0,1,1,0,1,0,0,0,1,1,0,0,0,0,1,0,1,1,0,1,1,0,0,1,1,1,1,1,0,1,0,0,0.0,-223.7987126450584,1
0,1,0,0,0,1,0,0,1,1,1,0,1,0,1,1,1,1,1,0,0,0,1,0,1,0,1,1,0,1,0,0,0.0,-223.7985992939887,1
0,0,1,1,1,0,1,0,0,0,1,0,0,0,1,1,0,0,1,0,1,0,1,0,1,1,1,1,0,1,1,0,0.0,-223.7951697937994,1
0,0,0,1,0,0,1,1,0,1,1,0,1,1,1,0,0,1,1,0,0,0,1,0,1,1,1,0,1,1,0,0,0.0,-223.79490958734277,1
0,1,1,0,1,0,0,0,0,1,1,0,1,1,1,0,0,0,0,0,0,1,0,1,0,1,1,1,1,1,1,0,0.0,-223.7928624179271,1
0,1,0,1,0,1,0,0,0,1,1,0,1,0,1,1,1,0,0,1,0,0,1,1,1,0,1,1,1,0,0,0,0.0,-223.78119512337545,1
0,1,0,0,1,0,1,0,1,1,0,0,1,1,0,1,0,0,0,1,0,1,1,1,0,1,1,1,0,0,0,1,0.0,-223.77985810207366,1
0,1,0,1,0,1,1,0,1,1,1,1,0,1,1,1,1,0,0,0,0,0,1,0,1,0,1,1,0,0,0,0,0.0,-223.77979314663588,1
0,0,1,0,0,1,0,0,0,0,1,0,0,1,0,1,0,0,1,1,1,0,0,1,1,1,1,1,1,1,1,0,0.0,-223.77658474505606,1
0,1,1,0,0,1,0,1,0,0,1,1,1,1,0,1,1,0,1,0,0,0,1,1,1,0,0,1,0,1,0,0,0.0,-223.7738540790282,1
0,0,0,1,0,1,0,0,1,0,0,1,1,1,1,1,0,1,1,1,0,0,1,1,1,0,1,0,0,0,1,0,0.0,-223.7736211799807,1
1,0,1,0,1,0,0,1,1,1,1,0,0,0,0,1,0,1,0,0,0,0,1,1,1,1,1,1,0,0,1,0,0.0,-223.77287244590377,1
0,1,0,0,0,0,1,1,0,1,1,0,0,0,1,1,1,1,0,0,0,0,1,1,1,1,1,1,0,1,0,0,0.0,-223.77271017796636,1
0,1,1,1,0,0,0,0,1,0,1,1,0,1,0,1,0,1,0,1,0,0,1,1,1,0,1,0,1,0,1,0,0.0,-223.75704258802148,1
0,0,0,0,1,0,0,1,1,1,1,0,1,1,1,0,1,0,0,1,0,0,1,0,1,1,1,0,1,0,0,1,0.0,-223.75335363072358,1
0,1,1,0,0,1,1,1,1,1,0,0,0,0,1,1,0,0,0,1,1,0,1,0,0,1,1,1,0,1,0,0,0.0,-223.75229227220944,1
0,1,0,1,1,0,0,0,1,0,1,1,0,1,0,0,1,1,0,0,0,0,0,1,1,0,1,1,1,1,1,0,0.0,-223.75173505030745,1
0,1,1,0,0,1,0,1,1,0,0,0,1,0,0,1,1,1,1,0,0,0,0,1,0,1,1,1,0,1,0,1,0.0,-223.75167758566874,1
0,1,1,0,0,0,0,0,1,1,0,1,1,1,0,0,1,0,1,0,0,0,1,1,1,1,1,1,0,1,0,0,0.0,-223.7472899524576,1
0,0,1,1,1,0,0,1,0,1,0,0,0,1,0,1,1,1,1,1,0,0,1,1,0,1,1,0,0,1,0,0,0.0,-223.74238292458818,1
0,0,1,0,0,1,0,1,1,0,1,1,1,0,0,0,1,0,0,0,0,1,0,1,1,1,1,1,0,1,0,1,0.0,-223.73954380566855,1
0,0,0,1,1,0,1,0,1,0,0,0,0,0,1,0,0,1,1,1,0,1,0,1,1,1,1,1,0,1,1,0,0.0,-223.73461599174078,1
0,0,0,0,1,0,1,0,1,1,0,0,1,1,0,1,1,0,1,1,0,0,1,1,0,0,1,1,1,1,0,0,0.0,-223.7313661941973,1
1,1,0,0,1,1,0,0,0,1,1,0,0,0,1,1,0,1,1,1,0,1,1,1,0,1,0,0,0,0,0,1,0.0,-223.72530208344267,1
0,0,0,0,1,0,0,1,0,1,1,1,0,0,0,1,0,0,1,1,1,0,1,1,1,1,1,1,0,1,0,0,0.0,-223.72305843782362,1
1,0,0,0,0,1,1,1,0,1,0,0,1,1,0,0,1,1,1,0,0,1,0,1,1,0,1,1,0,1,0,0,0.0,-223.7209308675591,1
1,0,1,0,1,0,0,1,0,1,0,0,0,1,1,0,1,0,1,1,1,0,1,1,0,0,1,1,0,1,0,0,0.03125,-223.7159739401627,1
0,1,0,0,0,1,0,1,1,1,0,0,1,1,1,1,1,0,1,0,0,0,1,1,0,0,1,1,0,0,1,0,0.0,-223.715631278131,1
0,1,1,0,0,1,1,0,0,0,1,0,1,1,0,1,1,0,1,0,0,0,1,1,0,1,1,1,0,0,0,1,0.0,-223.71370891041158,1
0,1,1,0,1,0,0,0,1,0,1,0,0,0,0,1,1,0,1,1,0,0,1,1,1,0,1,1,0,1,0,1,0.0,-223.71326624815,1
0,1,0,0,1,1,0,0,0,1,0,0,1,1,0,0,1,1,1,0,1,1,1,0,1,0,1,1,0,0,0,1,0.0,-223.71202521243566,1
0,0,1,0,1,1,1,1,0,0,0,1,1,1,1,1,0,1,1,0,0,0,1,0,1,0,1,0,0,1,0,0,0.0,-223.71031588352128,1
0,0,0,1,0,0,0,0,1,1,1,0,1,0,0,1,0,1,0,1,1,0,1,1,0,1,1,1,0,1,0,1,0.0,-223.71026735752042,1
0,1,1,0,1,0,1,1,0,0,1,0,1,0,0,0,0,1,1,1,0,0,0,1,0,1,1,1,1,1,0,0,0.0,-223.70933942358107,1
0,1,1,0,1,1,0,0,0,1,0,0,0,0,1,1,1,0,1,0,0,1,0,1,1,1,1,1,0,1,0,0,0.0,-223.7055895302237,1
0,0,0,0,0,1,0,1,1,1,1,1,1,1,0,1,1,1,0,0,1,0,0,0,0,1,0,0,1,1,0,1,0.0,-223.70134281503618,1
0,1,1,0,0,1,0,1,0,0,1,0,1,0,0,1,1,0,1,1,0,0,1,0,0,0,1,1,1,1,1,0,0.0,-223.69040269521741,1
0,0,0,1,0,0,0,0,1,1,1,0,0,1,0,0,1,1,1,1,0,0,1,0,1,1,1,1,0,1,1,0,0.0,-223.6819006290846,1
0,1,1,0,1,0,1,0,1,1,1,0,1,0,0,0,0,0,1,1,0,0,1,1,1,1,1,0,0,1,0,0,0.0,-223.67617112655887,1
0,0,1,1,0,1,0,1,0,1,0,1,1,1,1,1,0,0,0,1,0,0,0,1,1,0,1,1,0,1,0,0,0.0,-223.67421780639017,1
0,0,1,1,0,0,0,0,1,1,1,0,1,0,0,0,1,0,1,1,1,0,0,1,1,1,1,1,0,1,0,0,0.0,-223.6583373167167,1
0,1,1,0,1,0,0,1,0,1,1,0,0,0,1,1,1,0,1,0,0,0,1,1,1,0,1,1,0,1,0,0,0.0,-223.6539329139431,1
0,1,0,1,1,0,0,0,0,1,1,1,1,1,0,1,1,0,0,1,0,0,0,1,1,1,0,1,0,0,1,0,0.0,-223.6509679089254,1
0,1,0,0,0,0,1,0,1,0,1,0,1,0,1,1,0,0,0,1,1,1,0,0,1,1,1,1,0,1,0,1,0.0,-223.6494850718643,1
1,1,0,0,0,1,0,0,1,1,1,0,0,0,1,1,1,0,0,0,0,1,0,1,1,0,0,1,1,1,0,1,0.0,-223.63863406929275,1
0,0,1,0,1,0,0,0,0,1,0,0,1,1,0,1,1,0,1,0,1,0,1,1,0,1,1,1,0,1,0,1,0.0,-223.6376296973178,1
0,1,1,1,0,0,0,0,1,1,0,1,1,0,0,1,0,1,1,0,1,0,0,1,1,0,1,1,0,1,0,0,0.0,-223.63540639333533,1
0,1,0,0,1,0,0,0,0,1,0,0,1,1,1,1,1,1,1,0,0,0,0,1,0,1,1,1,1,0,0,1,0.0,-223.63455898598053,1
0,1,1,0,0,1,0,0,1,1,0,1,1,1,0,0,1,1,0,0,0,0,0,1,1,0,1,1,1,1,0,0,0.0,-223.63028636277338,1
0,0,1,0,0,1,0,0,1,0,1,1,1,0,0,0,1,1,1,1,0,0,1,0,1,1,1,1,0,0,1,0,0.0,-223.62729032979115,1
0,1,1,0,0,1,1,0,1,0,0,1,0,0,0,1,0,1,0,1,0,1,0,1,1,1,1,1,0,0,1,0,0.0,-223.62555564769156,1
0,0,0,0,0,1,0,0,1,1,0,0,1,1,1,1,0,0,1,1,1,0,0,0,1,1,1,1,0,1,0,1,0.0,-223.61617195287897,1
0,0,1,0,0,0,0,0,0,0,1,0,1,0,0,0,1,1,1,1,1,0,1,1,1,0,1,1,1,1,1,0,0.0,-223.61593030146918,1
0,1,1,0,0,0,0,1,0,1,0,1,0,0,1,1,1,0,0,0,1,0,1,0,1,1,1,1,0,1,1,0,0.0,-223.61273516223252,1
0,0,1,0,1,1,1,0,1,0,1,0,1,0,0,0,1,0,0,1,1,1,0,0,1,0,1,1,0,1,0,1,0.0,-223.6099905950376,1
0,1,1,0,0,0,0,0,1,1,0,1,1,0,1,1,1,0,0,0,1,1,0,0,1,0,1,1,0,1,1,0,0.0,-223.60527265061998,1
0,0,1,0,1,1,1,1,1,1,1,1,1,1,0,0,1,1,0,0,0,0,1,0,0,0,1,0,1,0,0,0,0.0,-223.60339075823993,1
0,1,1,0,0,1,0,1,0,0,1,1,1,1,1,0,1,1,1,1,0,0,0,1,0,0,0,1,0,0,1,0,0.0,-223.60131087830578,1
1,0,1,0,1,1,0,0,1,0,0,1,0,1,1,0,0,1,0,0,0,0,0,1,1,0,1,1,1,1,1,0,0.0,-223.59631949352234,1
0,0,1,0,0,1,1,1,0,0,0,1,0,1,0,0,1,0,0,1,1,0,1,1,1,1,1,0,0,1,0,1,0.0,-223.5947308366604,1
0,1,0,0,0,0,0,1,0,1,1,1,1,1,0,0,1,0,1,1,0,0,1,1,0,1,0,1,1,0,1,0,0.0,-223.59305871062136,1
0,0,0,0,0,0,0,1,1,1,1,1,0,1,0,0,1,1,1,0,0,0,1,1,0,1,1,1,0,1,1,0,0.0,-223.59178729409695,1
0,1,0,1,0,1,1,1,0,0,1,0,1,0,0,1,0,1,1,0,0,0,1,1,1,0,1,0,0,1,1,0,0.0,-223.589756399069,1
0,1,1,0,1,0,0,0,1,1,0,0,1,1,0,0,1,0,0,1,0,0,1,1,1,0,0,1,1,1,0,1,0.0,-223.58389540772407,1
0,0,0,0,0,0,1,0,0,0,0,0,1,0,0,1,1,1,1,1,0,1,1,0,1,1,1,1,0,1,1,1,0.0,-223.58340437833803,1
0,0,0,0,0,1,0,1,1,0,1,0,1,1,1,0,1,1,0,1,0,1,1,0,1,1,1,0,0,0,0,0,0.0,-223.5831624993653,1
1,0,1,0,1,0,1,0,1,0,0,0,0,1,0,0,1,0,0,1,0,0,1,0,1,1,1,0,1,1,1,1,0.0,-223.58031705943498,1
0,1,1,0,0,1,0,0,1,1,0,0,1,0,1,1,1,0,1,0,0,0,0,1,0,1,1,1,0,1,1,0,0.0,-223.57832665968027,1
0,0,0,1,0,1,0,1,1,0,1,0,1,1,1,1,1,0,0,0,1,0,1,0,1,0,1,0,0,1,0,0,0.0,-223.57699876372922,1
0,1,1,1,0,0,1,0,0,1,0,1,0,1,0,1,0,1,1,1,0,0,1,0,1,1,1,1,0,0,0,0,0.0,-223.57105268041437,1
0,0,1,0,0,1,1,0,1,0,1,1,1,0,1,1,1,0,0,1,0,1,0,1,0,0,0,1,0,1,1,0,0.0,-223.5700302894616,1
0,1,1,0,0,1,0,0,1,1,1,1,0,0,1,0,0,1,0,1,0,0,0,1,1,1,1,1,1,0,0,0,0.03125,-223.5693688392406,1
0,0,1,0,0,1,0,1,1,1,1,0,1,1,0,0,1,1,0,1,0,0,0,1,1,0,1,0,0,1,1,0,0.0,-223.56861332585805,1
0,0,0,0,0,0,0,0,1,1,0,0,1,0,1,0,1,1,1,1,0,0,1,0,1,1,1,1,1,1,1,0,0.0,-223.56736470661062,1
0,0,0,1,0,1,0,0,0,1,0,1,0,1,0,0,1,1,0,1,1,0,1,1,0,1,1,1,0,1,1,0,0.0,-223.56557815996317,1
1,0,1,0,0,1,1,1,0,1,1,0,1,0,0,0,1,0,0,1,1,0,1,1,1,0,1,1,0,0,0,0,0.0,-223.55931943649543,1
0,0,1,1,1,0,1,0,1,1,0,1,1,0,1,0,0,0,1,0,0,0,1,1,0,1,1,1,0,1,0,0,0.0,-223.55804355348533,1
0,1,1,0,0,1,1,1,1,1,1,0,1,1,0,1,0,0,1,1,0,0,0,1,0,0,1,1,0,0,0,0,0.0,-223.5499582212424,1
0,1,1,0,1,1,0,0,1,1,1,0,0,0,1,1,1,0,0,0,0,0,0,1,1,0,1,1,0,1,1,0,0.0,-223.54578540812884,1
0,1,1,0,0,0,1,0,0,0,1,0,0,1,1,1,0,1,1,1,0,0,0,1,0,1,1,1,0,1,0,1,0.0,-223.54051169832718,1
0,0,1,0,1,1,0,0,0,1,1,0,0,0,1,0,0,1,1,1,1,0,1,1,1,0,1,1,0,1,0,0,0.0,-223.53957287481472,1
0,1,1,0,1,0,1,1,1,0,1,0,1,0,0,0,0,0,0,0,1,0,1,1,1,0,1,1,0,1,1,0,0.0,-223.5374828945496,1
0,1,0,0,1,1,0,0,1,0,0,0,1,0,1,1,1,1,0,0,1,0,1,1,0,1,1,0,0,1,0,0,0.0,-223.53724671701346,1
1,0,1,0,0,0,0,1,1,1,1,0,0,1,0,1,1,0,1,0,0,1,0,1,0,0,0,1,1,1,0,1,0.0,-223.5336566377298,1
0,0,1,0,0,1,0,0,1,1,1,0,1,0,1,0,0,0,1,1,1,0,1,0,1,1,0,1,1,0,1,0,0.0,-223.5334495719996,1
1,1,1,0,0,1,1,0,1,1,1,0,0,1,0,0,1,0,1,0,0,0,0,1,1,0,1,1,0,1,0,0,0.0,-223.51719859342654,1
1,0,1,0,1,1,0,0,0,0,0,0,1,1,1,1,0,0,0,0,0,1,1,1,1,1,1,0,0,1,0,0,0.0,-223.5097149488385,1
0,0,0,0,0,0,1,1,1,1,1,0,0,1,1,0,1,1,1,0,0,1,0,1,1,0,1,1,1,0,0,0,0.0,-223.5069081545804,1
0,0,0,0,1,1,0,0,0,1,1,1,1,1,0,1,0,1,1,0,0,0,1,1,1,0,1,1,0,0,1,0,0.0,-223.50665308726687,1
0,1,1,0,0,0,0,0,0,1,1,0,0,1,1,1,0,1,0,0,0,0,1,1,1,1,1,0,0,1,1,1,0.0,-223.50411620936922,1
0,1,0,0,1,0,0,0,0,0,1,1,1,1,1,0,1,1,0,0,0,1,1,0,1,1,0,1,0,1,0,0,0.0,-223.50277138101566,1
0,0,1,1,0,1,0,0,1,1,0,0,1,1,1,0,0,1,1,1,1,0,1,0,0,0,0,1,0,1,0,1,0.0,-223.4958682509959,1
0,1,1,1,0,1,0,0,0,1,1,1,0,1,0,0,0,1,0,1,0,1,0,0,1,0,1,1,0,1,1,0,0.0,-223.48733586810047,1
0,0,1,1,0,1,0,1,0,1,1,0,1,0,0,1,0,0,1,1,0,0,1,0,0,1,1,1,0,1,0,1,0.0,-223.48726552926087,1
0,0,1,0,0,1,0,0,1,1,1,1,1,1,0,1,0,1,0,0,0,0,1,1,1,0,0,1,0,1,0,1,0.0,-223.48419779826992,1
0,1,0,0,0,1,0,0,1,1,0,1,0,0,0,0,0,1,0,1,1,0,1,1,1,1,1,0,1,1,0,1,0.0,-223.4838310306986,1
0,0,0,1,1,0,1,1,0,0,0,0,1,1,1,1,1,1,0,1,0,1,0,0,0,1,1,0,0,1,0,0,0.0,-223.48301620807902,1
0,0,1,1,1,0,1,0,1,1,0,1,1,0,1,1,1,0,0,1,0,0,0,1,1,0,1,1,0,0,0,0,0.0,-223.47998557526577,1
0,1,1,0,0,1,0,0,1,0,1,0,0,1,0,1,0,1,0,1,0,0,1,1,0,1,1,1,0,1,0,0,0.0,-223.47456334295757,1
0,1,1,0,0,1,1,0,1,1,1,0,1,0,0,1,0,1,0,1,0,0,0,1,0,0,1,1,1,1,0,0,0.0,-223.47317401668056,1
0,1,0,1,0,1,0,0,0,1,1,0,0,1,1,1,1,0,1,0,0,0,0,1,1,1,0,1,0,0,1,1,0.0,-223.47038426854542,1
0,0,0,1,0,0,0,1,1,0,1,0,1,1,0,1,0,1,0,1,1,0,0,1,1,1,1,1,0,0,0,0,0.0,-223.46743167456606,1
0,0,0,0,0,0,0,0,1,0,0,0,0,1,0,1,1,0,1,1,1,0,1,1,1,1,1,1,1,1,0,0,0.0,-223.46541891479498,1
0,1,1,0,0,1,1,0,1,1,1,0,0,0,1,1,0,1,0,1,1,0,0,1,0,0,1,1,0,1,0,0,0.0,-223.46373313233832,1
0,0,0,1,0,0,1,0,1,1,0,1,1,1,1,0,1,1,0,1,1,0,0,1,0,0,1,0,1,1,0,0,0.0,-223.457058561916,1
0,0,1,1,0,0,1,1,1,0,1,0,1,1,1,1,0,1,0,0,0,0,1,0,0,0,1,0,1,1,0,1,0.0,-223.45599712943945,1
0,0,1,0,1,1,0,1,0,1,1,0,0,1,0,0,1,0,1,1,0,0,1,0,1,1,1,1,0,0,0,1,0.0,-223.4554597741429,1
0,1,0,0,1,1,0,0,0,1,1,0,0,1,0,0,1,1,0,1,0,0,1,0,0,1,1,1,1,0,1,1,0.0,-223.44780181578886,1
0,0,1,0,0,0,0,0,0,1,1,0,0,0,1,1,1,1,1,1,0,0,1,1,0,1,1,0,1,1,1,0,0.0,-223.44658614949367,1
0,0,0,0,0,0,1,0,1,1,1,0,1,0,1,1,0,0,1,0,1,0,1,1,0,1,1,1,0,1,1,0,0.0,-223.44625983802044,1
1,0,0,0,1,1,0,1,0,1,0,0,1,1,1,0,0,1,0,0,0,0,0,1,0,1,1,1,0,1,1,1,0.0,-223.44482458585762,1
0,1,1,0,0,0,1,0,0,0,1,1,0,0,1,0,0,1,0,1,1,0,1,0,1,1,1,1,0,1,0,1,0.0,-223.44368370169,1
0,1,1,1,1,1,1,0,0,1,1,0,0,0,1,1,1,0,0,0,0,1,0,1,0,0,1,0,0,1,0,1,0.0,-223.44265066746217,1
0,0,0,0,0,1,0,0,1,1,1,0,1,0,0,0,1,0,0,1,1,0,0,1,1,1,1,1,1,1,0,1,0.0,-223.44067036848983,1
0,0,0,0,0,0,1,1,0,0,1,0,0,1,1,0,0,0,1,1,0,1,1,1,0,1,1,1,0,1,1,1,0.0,-223.4318789021298,1
0,1,1,0,0,0,1,0,0,1,1,1,0,0,1,0,0,1,1,1,1,1,1,0,1,0,1,1,0,0,0,0,0.0,-223.430179762404,1
0,1,0,1,0,0,0,1,0,0,1,1,1,1,1,0,1,1,0,1,0,0,1,0,0,1,1,0,1,0,0,0,0.0,-223.42774787477404,1
0,0,0,0,1,0,0,1,0,0,1,0,1,1,1,0,1,0,1,1,0,0,1,1,1,1,0,1,0,1,0,0,0.0,-223.42526480293043,1
0,1,1,1,0,0,0,1,1,1,1,0,0,0,0,0,1,0,0,1,0,0,1,1,1,1,1,0,0,0,1,1,0.0,-223.42198830066673,1
0,0,1,0,0,1,0,1,1,1,0,1,1,1,0,0,1,0,1,1,0,0,0,1,1,0,0,1,1,1,0,0,0.0,-223.41643656238372,1
0,0,0,0,1,1,0,1,1,0,0,0,0,1,0,1,0,1,1,1,1,0,1,1,1,0,1,0,0,1,0,0,0.0,-223.4131777011567,1
0,0,0,0,1,0,1,0,1,1,1,0,1,0,1,0,0,1,1,0,0,1,1,0,1,1,1,1,0,0,0,1,0.0,-223.41122270370826,1
0,0,1,1,1,1,0,1,1,1,1,0,1,0,0,0,1,0,1,1,0,0,0,1,0,0,1,0,0,1,1,0,0.0,-223.4097366908887,1
0,1,1,0,1,0,0,0,1,0,0,0,0,0,1,1,1,1,0,1,0,0,1,1,1,1,1,1,0,0,0,0,0.0,-223.4095281193227,1
0,1,1,0,1,1,0,0,1,1,1,0,0,0,0,0,1,0,0,0,1,0,1,0,1,1,0,1,1,0,1,1,0.0,-223.40907576595043,1
0,0,1,0,1,1,0,1,0,0,1,0,0,1,0,1,1,1,0,0,0,1,0,1,1,1,1,0,0,1,0,0,0.0,-223.40845924722132,1
0,1,1,0,0,1,0,0,1,1,1,1,0,1,0,0,0,1,0,0,0,1,0,1,0,0,1,1,1,1,0,1,0.0,-223.40525109392814,1
0,0,0,1,0,1,0,1,1,1,0,0,1,0,1,1,1,1,1,0,0,0,0,1,0,0,1,1,0,1,0,1,0.03125,-223.40392542825603,1
0,0,0,1,0,0,1,0,0,1,0,1,1,1,1,1,1,1,1,0,0,1,0,1,0,0,1,1,0,0,1,0,0.0,-223.4036103395435,1
0,1,0,0,0,1,1,0,0,1,0,0,1,0,1,0,0,1,1,0,1,0,1,1,1,1,1,0,0,1,1,0,0.0,-223.40128831554244,1
0,1,1,0,1,1,1,1,1,1,1,1,0,0,1,1,0,0,1,1,0,0,0,1,1,0,0,0,0,0,0,0,0.0,-223.3917904313404,1
0,1,1,1,1,1,0,1,1,0,1,0,0,1,1,0,1,0,1,0,0,1,0,1,0,0,1,0,0,0,0,0,0.0,-223.3898321666212,1
0,1,0,0,1,1,0,0,1,0,0,0,1,1,1,0,1,1,1,1,0,0,1,1,1,0,0,1,0,0,0,0,0.0,-223.388364603333,1
0,0,0,1,1,0,0,0,1,0,1,0,0,1,0,0,1,0,1,1,0,1,1,1,1,1,0,1,0,0,0,1,0.0,-223.38581956940672,1
0,1,1,0,1,0,0,1,0,0,0,0,1,1,1,0,1,1,0,0,0,1,1,1,0,0,1,0,1,1,0,0,0.0,-223.38528970035966,1
1,1,0,0,0,1,0,0,1,1,1,1,0,1,0,0,0,0,0,1,0,1,1,0,0,0,1,1,1,0,1,1,0.0,-223.38255261693897,1
0,1,1,1,1,0,0,1,1,1,1,1,1,0,0,0,0,1,1,1,0,0,0,1,0,0,0,1,0,0,1,0,0.03125,-223.38094604969595,1
0,0,1,0,1,1,1,1,1,1,0,0,0,0,0,0,1,1,0,1,0,0,1,1,0,1,1,0,0,1,0,1,0.0,-223.38025914772155,1
0,1,1,0,1,0,0,0,1,0,0,1,1,1,0,0,1,1,0,0,0,0,1,1,1,1,1,1,0,0,0,0,0.0,-223.37987641769894,1
0,0,0,0,1,1,1,0,0,1,1,0,0,1,1,1,0,0,1,1,1,0,1,1,0,0,1,0,0,1,0,1,0.0,-223.37628052619743,1
0,0,1,0,0,1,0,1,1,0,1,0,1,1,0,0,0,0,1,1,1,0,1,1,0,1,1,0,1,0,0,0,0.0,-223.37580901227767,1
0,1,1,0,1,0,1,0,0,1,0,1,0,0,1,0,1,1,0,1,0,1,1,1,0,1,1,0,0,0,0,1,0.0,-223.37330350086341,1
0,0,0,0,1,0,0,1,1,1,0,0,1,1,1,1,1,1,0,1,0,0,1,1,0,1,1,0,0,0,0,0,0.0,-223.3705310078561,1
1,0,1,0,0,1,0,0,1,0,0,0,0,1,1,1,0,1,1,0,0,0,1,1,1,1,1,1,0,0,0,0,0.0,-223.3699996062063,1
0,0,1,1,0,1,0,1,1,0,0,0,0,0,0,1,0,0,1,1,1,1,1,0,1,0,1,1,0,1,0,0,0.0,-223.3668027520441,1
0,0,1,0,1,0,1,0,1,0,0,0,0,0,1,0,1,0,1,0,1,1,1,0,1,0,0,1,1,1,1,1,0.0,-223.36562054433008,1
0,0,0,0,0,0,1,0,0,1,1,1,1,1,1,1,1,0,0,1,1,0,0,1,1,0,0,1,0,1,1,0,0.0,-223.3655499941036,1
0,1,1,0,0,0,1,1,1,1,1,1,0,0,1,1,1,1,0,1,0,0,0,1,0,0,1,1,0,0,0,0,0.0,-223.36358822170124,1
1,1,0,0,1,1,1,0,0,1,0,1,0,0,1,0,0,0,0,0,0,1,1,0,1,1,1,0,0,1,1,1,0.0,-223.36141000160902,1
0,0,0,0,0,1,0,0,1,1,0,0,0,0,0,1,1,1,1,1,0,1,1,0,0,1,0,1,1,1,1,1,0.0,-223.35959559766746,1
0,0,0,0,0,0,1,1,0,0,1,0,1,1,0,0,1,0,0,1,0,1,1,1,1,1,1,1,1,0,0,0,0.0,-223.3573923835608,1
0,0,0,1,0,1,1,0,0,1,1,0,0,1,0,0,1,1,0,1,0,0,1,1,1,1,0,0,0,1,1,1,0.0,-223.356406908823,1
0,0,1,1,1,0,0,0,1,0,1,0,1,0,1,1,0,0,1,0,1,0,1,1,1,0,1,0,0,1,0,0,0.0,-223.35631866369852,1
0,1,0,0,0,1,1,0,1,1,0,1,1,1,0,0,0,0,1,0,0,0,1,1,0,1,1,1,0,1,0,1,0.0,-223.35608550065535,1
0,1,0,0,0,1,0,1,0,0,1,0,1,0,1,0,1,0,0,1,0,0,1,1,1,1,1,0,1,1,0,0,0.0,-223.3534109430512,1
0,0,1,0,0,1,1,0,0,0,1,0,0,0,0,0,1,1,1,1,1,0,1,1,1,0,1,1,0,1,0,1,0.0,-223.3516164825342,1
0,1,0,1,0,1,0,1,0,0,0,1,0,1,0,0,0,1,1,0,1,0,1,1,1,1,1,1,0,0,0,0,0.0,-223.34933361260613,1
0,0,0,0,1,1,0,0,1,1,1,0,1,1,0,0,0,0,0,1,0,0,1,1,0,0,1,1,1,1,1,1,0.0,-223.34932337783715,1
1,1,0,0,0,1,1,0,0,1,0,1,1,0,1,0,0,0,0,1,0,1,0,1,0,1,1,1,0,1,0,1,0.0,-223.34855342176294,1
0,1,0,1,0,1,1,0,0,0,1,1,1,1,0,0,0,1,1,1,0,0,0,0,0,1,0,0,1,1,1,1,0.0,-223.34658841355184,1
0,1,0,0,0,1,1,1,1,1,1,0,1,1,0,0,0,0,1,0,0,1,0,0,0,1,1,1,1,0,0,1,0.0,-223.34582795907824,1
0,0,1,0,1,0,1,0,0,0,0,0,0,0,1,0,1,0,0,1,1,1,1,1,1,1,1,1,0,1,0,0,0.0,-223.34478745063691,1
0,0,1,1,1,0,0,1,1,0,0,0,0,0,1,1,0,1,1,0,0,0,1,1,1,1,1,0,0,1,0,0,0.0,-223.3410603570647,1
1,1,0,0,1,0,0,0,0,0,0,0,0,1,0,1,1,1,1,1,0,0,1,0,1,1,1,1,0,1,0,0,0.0,-223.33937144457704,1
1,0,0,0,0,1,0,0,1,0,0,0,1,0,1,1,0,1,0,0,0,1,1,1,1,1,1,0,0,1,0,1,0.0,-223.33512865904916,1
0,1,1,0,1,0,1,0,1,1,1,0,0,1,0,0,1,0,0,1,0,0,0,1,1,0,1,1,1,0,1,0,0.0,-223.32957616207472,1
0,0,1,0,1,1,0,0,1,0,1,0,0,0,1,1,0,0,1,1,0,1,0,1,0,1,1,1,0,1,0,0,0.0,-223.32832191508047,1
1,1,0,1,0,0,0,0,1,0,0,0,1,1,0,0,0,1,0,1,0,1,0,1,1,0,1,1,0,1,1,0,0.0,-223.32781208840834,1
0,0,0,1,0,1,1,0,1,1,1,0,1,1,0,0,1,1,1,1,0,0,1,1,0,0,1,0,0,0,0,1,0.0,-223.3275661091163,1
0,1,1,1,0,0,1,0,1,0,1,0,0,1,0,1,0,0,1,1,0,1,1,0,1,0,1,0,0,1,0,0,0.0,-223.32689850898853,1
0,0,1,1,0,0,1,0,0,0,0,1,1,0,1,1,1,1,1,1,1,0,1,0,0,0,1,1,0,0,0,1,0.0,-223.32500382183366,1
0,0,1,1,0,1,0,0,0,0,1,0,1,0,1,1,1,0,0,1,0,0,1,1,1,1,1,1,0,0,0,0,0.0,-223.3189828572387,1
0,1,1,0,1,0,1,0,0,0,1,1,0,1,0,0,1,0,0,1,0,0,0,0,1,1,1,1,0,1,1,1,0.0,-223.31560642193375,1
0,0,0,0,0,1,0,1,0,1,1,0,1,1,0,1,1,1,0,0,1,0,1,1,0,1,1,1,0,0,0,0,0.0,-223.31466773222778,1
0,0,1,0,0,0,0,1,0,1,1,0,1,1,0,1,1,0,0,0,1,0,0,1,0,1,1,1,1,0,1,1,0.0,-223.31140088219962,1
0,0,1,0,1,1,0,0,1,1,1,1,0,0,0,0,0,0,0,1,1,0,1,1,1,0,1,1,0,1,0,1,0.0,-223.30579098731596,1
1,0,1,0,1,1,1,0,0,1,1,1,0,1,0,0,1,0,1,0,0,0,1,1,0,0,1,1,0,1,0,0,0.0,-223.30562941324396,1
0,1,1,0,1,0,0,0,0,0,0,0,0,1,1,0,1,0,1,1,1,1,0,1,0,0,1,1,1,1,0,0,0.0,-223.30333377905885,1
0,0,1,0,0,1,0,0,1,1,1,1,0,0,0,0,0,0,1,1,1,0,1,1,0,1,1,1,0,1,1,0,0.0,-223.30273131103792,1
0,0,1,0,0,0,0,0,1,0,1,1,0,1,0,0,0,1,1,1,1,0,1,1,1,1,1,0,0,1,0,0,0.0,-223.29870250642472,1
0,1,1,0,0,1,1,1,1,0,1,0,0,0,1,0,0,1,0,1,0,0,0,1,1,0,1,1,0,1,1,0,0.0,-223.29698561939043,1
1,1,1,0,0,1,0,0,1,0,1,1,1,1,0,0,0,0,0,1,0,1,1,0,0,1,0,0,0,1,0,1,0.0,-223.29597200355212,1
0,0,1,0,1,0,0,0,1,0,0,0,0,0,1,0,1,0,1,1,1,0,1,1,0,1,1,1,1,1,0,0,0.0,-223.28992742175905,1
0,0,0,0,1,0,1,0,1,1,1,1,0,1,0,1,0,1,1,0,0,0,0,1,1,0,1,1,0,1,1,0,0.0,-223.28813168117412,1
0,1,0,0,0,1,0,0,1,0,1,0,1,1,1,0,1,0,1,0,0,1,0,1,0,1,1,1,0,0,1,0,0.0,-223.28277784504405,1
0,0,0,0,1,1,1,1,0,0,1,1,1,1,1,0,0,0,0,1,0,0,1,0,1,1,1,0,0,1,0,0,0.0,-223.2815120214772,1
1,0,1,0,0,0,1,0,0,0,0,0,0,0,1,1,0,1,0,0,1,1,1,1,1,1,1,1,1,0,0,0,0.0,-223.2801543019076,1
0,1,0,0,0,1,1,1,1,0,1,1,0,1,1,0,0,0,1,0,1,0,1,0,0,0,1,1,0,1,0,1,0.0,-223.27372578415742,1
0,0,1,0,1,1,0,0,0,1,0,1,0,1,1,0,1,0,1,0,0,0,1,1,1,0,1,0,1,1,1,0,0.0,-223.27193841134178,1
1,0,0,0,0,1,1,1,0,0,1,1,1,1,1,1,1,0,0,1,0,0,0,0,1,1,1,0,0,0,0,0,0.0,-223.2699949491763,1
0,0,1,0,0,1,0,1,0,1,0,1,0,1,0,0,1,0,0,0,1,0,1,1,1,1,1,0,0,1,1,1,0.0,-223.2663003614664,1
0,0,0,1,0,0,0,1,0,0,1,1,1,1,1,0,1,0,1,1,0,1,0,0,1,1,1,0,0,0,1,0,0.0,-223.25584199270398,1
0,0,1,0,0,0,0,1,0,0,1,0,0,0,1,0,1,1,1,1,0,0,0,1,0,1,1,1,1,1,1,1,0.0,-223.25392006741777,1
1,0,0,0,0,0,0,1,1,1,1,0,1,0,0,0,0,1,1,0,0,1,1,1,0,1,1,1,0,1,0,0,0.03125,-223.25287448385393,1
0,1,1,0,1,0,0,0,1,0,0,0,0,1,1,0,1,1,0,1,1,0,0,0,1,1,1,1,0,0,1,0,0.0,-223.2516860031871,1
0,1,0,0,1,0,0,1,1,1,0,1,0,1,0,0,0,0,0,1,1,0,0,1,1,0,0,1,1,1,1,1,0.0,-223.25095544064,1
0,0,1,0,0,1,0,1,1,0,1,0,0,1,1,1,0,0,0,1,0,1,1,1,1,0,1,0,0,0,1,0,0.0,-223.25063140764044,1
0,1,1,0,0,1,0,0,1,1,1,0,0,0,1,1,0,0,0,0,1,1,1,1,1,0,1,0,0,1,0,0,0.0,-223.2476900434339,1
0,0,0,0,1,0,0,0,1,1,0,0,0,1,0,0,1,1,0,0,1,1,1,1,1,1,1,1,0,0,1,0,0.0,-223.24588181766535,1
0,1,1,1,0,1,0,0,1,1,0,0,1,0,1,0,1,0,1,0,0,0,0,0,1,1,1,1,0,0,1,1,0.0,-223.23434877153227,1
0,0,1,0,0,1,0,1,0,0,0,0,0,1,0,1,1,1,0,0,0,1,0,1,1,1,1,1,0,1,1,0,0.0,-223.23249653235877,1
0,1,0,0,0,1,0,1,1,1,1,0,1,0,0,1,1,0,1,0,0,1,0,1,1,1,1,0,0,0,0,0,0.0,-223.2277741581724,1
0,1,0,1,0,0,0,1,0,0,0,1,1,1,0,1,0,1,1,0,0,0,1,0,0,1,1,1,0,1,1,0,0.0,-223.222635601642,1
1,1,1,0,0,1,0,0,0,1,1,0,0,0,1,1,1,0,0,0,1,1,1,0,0,1,1,0,0,1,0,0,0.0,-223.2211503523017,1
0,1,1,0,1,0,0,1,1,0,1,0,1,1,1,0,0,0,0,1,0,1,0,1,1,0,1,0,1,0,0,0,0.0,-223.2196799079954,1
0,1,0,0,0,1,0,0,1,1,1,0,0,1,0,0,1,1,1,0,0,0,1,1,0,0,1,1,1,0,1,1,0.0,-223.21738993348035,1
0,1,1,0,1,1,0,1,1,0,1,0,1,0,1,1,1,0,1,0,0,0,0,1,0,0,1,0,0,1,0,0,0.0,-223.21698999249878,1
0,0,0,0,1,1,0,0,1,0,0,0,1,0,1,1,1,1,0,0,0,0,0,1,1,1,1,1,0,1,1,0,0.0,-223.21359634417936,1
0,0,1,0,0,1,1,0,1,1,1,1,1,0,1,1,0,0,0,1,0,0,0,1,0,1,1,1,0,0,1,0,0.0,-223.21325628704207,1
0,1,1,1,0,1,0,1,1,0,1,0,0,1,1,1,1,0,0,0,0,0,0,0,0,0,1,1,0,1,1,0,0.03125,-223.20959108576622,1
0,0,0,0,0,0,1,1,1,0,1,0,0,1,0,0,0,1,0,1,0,0,1,1,1,1,1,1,1,1,0,0,0.0,-223.20881176754128,1
0,0,1,0,0,1,0,0,0,0,0,0,1,0,1,1,0,1,1,1,0,0,1,1,1,1,1,0,1,1,0,0,0.0,-223.20793260285186,1
0,0,1,1,0,1,0,0,0,0,1,0,0,0,1,1,1,0,1,1,1,0,0,1,0,1,1,1,0,1,0,0,0.0,-223.2053516144159,1
0,1,1,0,1,1,0,1,1,1,1,0,0,1,0,0,1,1,0,0,0,0,1,1,0,0,1,0,0,1,0,0,0.0,-223.20064926388744,1
0,1,0,1,0,0,0,0,1,1,0,0,0,0,1,0,0,1,1,1,0,0,1,1,0,1,1,1,1,0,1,1,0.0,-223.1998549388914,1
0,0,0,0,0,1,0,0,1,0,1,0,0,1,1,0,1,0,1,0,0,0,1,1,0,1,1,1,1,1,1,0,0.0,-223.19821758628964,1
0,1,0,1,1,1,0,0,1,0,1,0,0,1,0,1,0,1,1,1,1,0,0,1,0,1,1,1,0,1,0,0,0.0,-223.1977134607836,1
0,0,0,0,1,0,0,0,1,0,1,0,1,1,0,0,0,1,0,0,0,0,1,1,1,1,1,1,1,1,0,1,0.0,-223.19601708288235,1
0,1,1,0,0,1,1,0,1,1,0,1,0,1,0,0,0,0,1,1,0,0,1,0,1,0,1,1,0,1,1,0,0.0,-223.19580674361308,1
1,0,0,1,0,0,0,1,1,1,1,0,0,1,1,0,1,1,0,1,0,0,0,1,1,0,1,0,0,1,0,0,0.0,-223.19377325032494,1
0,0,0,1,0,1,1,1,0,0,1,0,0,0,0,0,0,0,0,1,1,1,1,1,0,1,1,1,0,1,1,0,0.0,-223.19044991382677,1
0,1,1,1,1,0,0,0,1,0,1,0,0,1,0,1,0,1,0,1,0,0,1,1,1,1,1,0,1,1,0,0,0.0,-223.18913426911345,1
1,1,0,1,0,0,1,0,1,0,0,0,1,1,1,0,0,1,1,0,0,0,1,0,0,1,1,0,0,1,1,0,0.0,-223.1888155462859,1
0,0,1,1,1,1,0,0,1,1,1,0,0,1,0,1,0,1,0,0,0,0,0,1,1,1,1,1,0,0,0,0,0.0,-223.18631705196896,1
0,0,0,1,1,0,0,1,1,1,0,0,1,1,0,0,1,0,0,0,1,0,1,1,1,0,0,1,0,1,1,0,0.0,-223.17977300322073,1
0,1,1,0,1,1,0,1,0,0,1,0,0,1,0,1,1,1,0,0,0,0,1,0,1,0,1,0,0,1,1,0,0.0,-223.1794663280688,1
0,1,0,1,1,0,0,1,1,1,1,0,0,0,0,1,1,0,0,1,1,0,0,0,1,0,1,1,0,1,0,0,0.0,-223.17918097605744,1
0,1,0,1,1,1,1,1,1,0,1,0,0,0,0,1,0,1,1,1,0,1,0,0,0,0,1,1,0,0,0,0,0.03125,-223.177126202572,1
0,0,1,0,1,0,1,0,1,0,0,0,0,1,0,1,0,0,1,0,0,1,1,1,1,1,1,1,0,0,1,0,0.0,-223.17633260233296,1
0,1,0,0,0,0,1,1,1,0,1,0,1,1,1,0,1,0,1,0,1,0,1,0,0,1,1,1,0,0,0,0,0.0,-223.17585731795361,1
0,1,1,0,1,0,1,1,1,0,0,0,0,1,1,0,1,0,1,1,0,0,1,0,0,0,1,1,0,1,0,0,0.0,-223.17249552542071,1
0,0,1,0,0,1,1,0,0,0,1,0,0,1,1,1,0,0,1,0,1,0,1,1,0,1,1,1,1,0,0,0,0.0,-223.1700793864645,1
0,1,0,0,0,0,0,0,1,1,1,0,0,0,1,1,0,1,1,1,1,1,1,0,1,0,1,0,0,1,0,0,0.0,-223.1659934320714,1
0,1,1,1,1,1,0,0,1,1,0,1,1,0,1,0,0,1,0,0,0,0,1,0,0,0,1,1,0,0,1,1,0.0,-223.1652749268708,1
0,0,1,1,0,1,1,0,0,1,1,1,1,0,0,0,0,0,1,1,0,0,1,1,1,0,0,1,1,1,0,0,0.0,-223.15981022123444,1
0,0,0,1,0,1,0,0,0,1,1,0,1,1,0,1,0,1,1,1,1,0,1,1,0,0,1,0,0,1,0,0,0.0,-223.15970340958037,1
0,1,1,1,0,0,0,1,0,1,1,1,0,1,1,0,1,1,0,0,0,0,0,1,0,0,0,1,0,1,1,1,0.0,-223.1591273880231,1
0,0,0,1,0,1,1,0,0,0,1,0,1,1,1,0,0,1,0,0,0,0,0,1,0,1,1,1,1,1,1,1,0.0,-223.1556091318282,1
0,0,1,0,0,0,0,0,0,1,1,0,1,1,1,1,0,0,0,1,1,0,0,0,1,1,1,1,1,1,0,0,0.0,-223.14672902836986,1
0,1,0,0,1,1,0,0,0,0,1,0,0,0,0,1,1,0,1,1,0,1,1,1,1,0,1,0,0,1,0,1,0.0,-223.14370571639677,1
1,0,0,0,1,0,1,0,1,1,0,1,1,1,0,1,0,0,1,0,0,0,1,1,0,1,1,0,0,1,0,0,0.0,-223.14260124487612,1
0,1,0,0,0,1,0,0,1,1,0,0,1,0,1,1,1,0,0,0,0,0,1,1,1,0,1,1,1,1,0,0,0.0,-223.14227604976983,1
0,1,0,0,0,1,0,0,1,0,1,0,0,0,0,1,0,1,0,1,0,1,0,1,0,1,1,1,1,1,0,1,0.0,-223.1404616454276,1
0,0,1,0,0,1,1,1,1,1,1,1,0,1,1,0,1,1,0,1,0,0,0,1,0,0,0,0,1,0,1,0,0.0,-223.13708762493485,1
0,1,0,0,0,0,0,0,0,0,1,0,1,1,1,0,0,0,1,1,1,0,1,1,0,1,1,1,0,1,0,1,0.0,-223.134667495793,1
0,0,1,0,0,1,0,0,1,1,0,0,1,0,1,1,1,1,0,0,0,1,1,0,0,1,1,0,0,1,1,0,0.0,-223.12729073942992,1
0,1,1,0,0,1,0,1,1,0,1,0,0,0,0,0,0,0,1,1,0,0,1,1,1,1,1,0,0,1,1,0,0.0,-223.1192530665178,1
1,1,1,0,1,0,0,0,0,0,1,0,0,0,0,1,1,1,1,0,0,0,1,1,0,1,1,1,0,0,1,0,0.0,-223.11923306674638,1
1,0,1,0,0,0,1,1,0,0,0,0,0,1,1,1,0,0,1,1,1,1,1,1,0,1,1,1,0,1,0,0,0.0,-223.11861563608915,1
0,0,0,0,1,0,1,1,0,1,0,0,1,0,0,1,1,0,0,1,0,1,0,1,1,1,0,1,1,1,0,0,0.0,-223.11791734232133,1
0,0,0,0,0,1,1,0,0,0,1,1,1,1,1,0,0,0,1,0,1,1,1,1,0,0,1,1,0,1,0,0,0.0,-223.11645751440042,1
1,0,0,0,0,0,0,1,1,0,1,0,1,1,1,1,0,1,1,1,0,0,0,1,1,1,1,1,0,1,0,0,0.03125,-223.11610119740436,1
0,1,0,0,0,1,0,0,1,0,1,0,1,1,1,1,0,1,1,1,0,0,0,0,1,0,1,0,0,1,1,0,0.0,-223.11405932825744,1
0,0,1,1,1,0,1,0,1,0,0,0,1,1,0,1,0,0,1,1,0,0,0,1,0,1,1,0,0,1,1,0,0.0,-223.10616144610168,1
0,1,1,0,0,0,0,0,1,0,1,0,0,1,1,1,0,1,1,0,0,0,0,1,1,1,1,1,0,0,1,0,0.0,-223.10394361594436,1
0,0,0,0,1,1,0,0,0,0,1,1,1,0,1,1,0,0,0,1,1,0,1,1,0,1,1,1,0,0,0,1,0.0,-223.0992577650166,1
0,1,1,0,1,0,0,0,0,1,1,0,0,1,0,1,0,0,1,1,1,0,0,1,1,1,1,0,0,1,0,0,0.0,-223.09531617372306,1
0,1,0,0,1,0,1,1,1,1,0,0,0,0,0,1,0,1,0,0,0,0,1,1,0,1,1,1,1,1,0,0,0.0,-223.09516494538187,1
0,1,0,0,0,1,0,0,1,0,1,0,1,0,0,1,0,1,0,1,0,0,1,1,1,0,1,0,1,1,1,0,0.0,-223.09444070516378,1
0,0,1,0,0,1,0,0,1,0,1,0,0,1,0,0,0,1,1,1,1,0,0,1,1,1,0,1,1,0,1,0,0.0,-223.09362054507585,1
0,1,1,0,1,0,0,0,0,1,1,0,0,1,0,1,0,0,0,0,1,1,1,0,0,0,1,1,1,1,1,0,0.0,-223.09353467617896,1
0,0,0,1,1,0,0,1,1,1,0,0,1,1,0,0,1,0,0,0,0,1,0,1,1,0,0,1,1,1,0,1,0.0,-223.09291368626654,1
0,1,0,0,1,0,0,0,1,1,1,1,1,1,0,0,1,1,0,0,0,0,0,1,1,0,1,1,0,1,0,0,0.0,-223.09285011656547,1
0,1,1,1,0,0,0,0,1,1,1,0,1,0,1,1,0,0,1,0,0,1,0,1,1,0,1,1,0,0,0,0,0.0,-223.09056828221668,1
0,0,1,0,1,1,0,1,1,0,1,0,1,0,0,1,1,0,0,1,0,0,1,1,1,1,1,1,0,1,0,0,0.0,-223.08948343074434,1
0,0,0,1,0,0,0,1,1,1,1,1,1,0,1,0,1,1,0,1,0,0,0,1,1,1,0,1,0,0,0,0,0.0,-223.0867527012584,1
0,0,1,1,1,0,0,0,1,1,0,0,1,1,1,1,1,1,1,0,0,0,1,0,1,0,0,0,0,1,0,0,0.0,-223.08578457086332,1
0,1,0,0,0,0,0,1,1,0,1,1,0,1,0,0,0,0,0,1,0,1,1,1,1,0,1,1,1,0,1,0,0.0,-223.0842939868715,1
0,1,0,0,0,0,0,1,0,1,1,0,0,0,1,1,0,1,1,1,0,0,1,1,0,1,1,1,0,1,0,0,0.0,-223.0835311846544,1
0,0,1,0,1,0,0,1,1,0,1,0,1,1,1,0,0,0,0,1,0,0,0,1,1,1,1,0,0,1,0,1,0.0,-223.08064373050638,1
0,0,1,1,0,0,1,0,1,1,1,1,1,0,0,1,0,0,1,1,0,0,1,1,1,0,1,0,0,0,0,1,0.0,-223.08012225624555,1
0,0,0,0,0,1,0,1,0,0,1,1,1,1,0,1,0,0,1,1,1,0,1,1,1,1,1,1,0,1,0,0,0.0,-223.07563279278622,1
0,1,0,0,0,0,0,1,1,1,0,0,0,1,1,0,0,1,0,0,1,0,1,1,1,0,1,1,1,1,0,0,0.0,-223.07555452832693,1
0,1,0,0,1,0,1,0,0,0,1,1,1,0,1,0,0,1,0,1,0,0,1,0,1,0,1,1,0,1,1,1,0.0,-223.07454129801354,1
0,0,0,0,1,1,0,1,1,0,1,0,1,1,1,0,0,1,0,1,1,0,0,1,0,0,1,0,1,0,1,1,0.0,-223.0734663789364,1
0,1,0,0,0,0,1,1,1,1,1,1,0,0,0,1,0,1,0,1,0,0,0,1,1,0,1,1,0,1,0,1,0.0,-223.0709139158607,1
0,0,1,0,0,0,1,1,1,0,0,0,1,0,0,1,1,1,1,0,0,0,0,1,1,1,1,1,0,1,0,0,0.0,-223.06961026705315,1
1,0,0,0,0,0,0,0,0,1,0,0,0,1,0,0,1,1,1,1,0,1,1,1,1,1,1,1,0,1,0,0,0.0,-223.06788860386874,1
0,1,1,0,1,0,1,1,1,0,1,0,0,1,0,0,1,1,0,1,0,1,0,1,0,1,1,1,0,1,0,0,0.0,-223.06679240640034,1
0,1,1,1,0,0,0,0,0,0,1,0,0,0,1,0,1,0,1,0,1,0,0,0,1,1,1,1,1,1,1,0,0.0,-223.06134196176012,1
0,1,1,0,0,0,0,0,0,0,0,1,1,0,1,1,0,0,1,0,0,1,1,0,1,1,1,1,0,1,0,1,0.0,-223.0603998411861,1
0,1,1,0,1,1,0,1,1,0,1,0,0,1,0,0,1,1,0,1,0,0,0,0,1,1,1,1,1,1,0,0,0.0,-223.05965122340814,1
1,0,1,0,1,1,0,0,1,0,1,0,0,0,0,1,1,0,0,0,0,1,1,1,1,1,1,1,1,1,0,0,0.0,-223.0594854026005,1
0,0,1,0,1,0,1,0,1,0,1,1,0,1,1,0,1,1,0,0,0,0,1,1,0,0,1,1,0,1,0,0,0.0,-223.05895920989087,1
0,1,0,1,0,0,0,1,1,0,0,0,1,1,1,0,0,1,0,0,1,1,1,1,0,0,1,1,0,0,1,0,0.0,-223.05858356104264,1
0,0,0,0,0,1,0,0,1,0,1,1,0,1,1,1,1,1,0,1,0,0,1,1,1,0,1,0,0,0,0,1,0.0,-223.04832933703224,1
0,0,1,0,0,1,1,1,0,1,1,1,1,1,0,1,0,0,0,1,0,0,0,1,0,1,0,1,0,0,1,1,0.0,-223.04783549730362,1
0,1,0,0,0,1,0,0,0,0,0,0,0,1,1,0,1,1,1,0,0,1,0,1,1,1,0,1,0,1,1,1,0.0,-223.0476485384851,1
0,1,0,0,0,0,0,0,1,1,0,1,1,1,1,0,0,0,0,1,0,1,0,1,1,1,1,1,0,0,1,0,0.0,-223.0459756996887,1
0,1,1,0,0,0,0,1,0,1,1,0,1,0,1,1,0,0,1,1,0,1,1,0,1,0,1,0,1,0,0,0,0.0,-223.0416483731744,1
0,1,1,0,0,0,0,0,1,1,1,1,1,0,0,1,1,0,0,1,1,1,0,1,1,0,0,1,0,0,0,0,0.0,-223.0399463220598,1
0,0,0,1,0,0,1,0,1,0,1,0,1,0,1,1,0,0,0,1,1,0,0,1,0,1,1,1,1,0,1,1,0.0,-223.03925749318438,1
0,1,1,1,0,0,0,0,1,1,1,1,0,1,0,0,1,0,1,1,0,0,0,0,1,0,1,0,0,1,1,1,0.0,-223.03706889322646,1
1,0,1,0,1,0,0,0,0,0,1,0,0,0,0,1,1,0,0,0,0,1,1,1,1,1,1,1,0,0,1,1,0.0,-223.0362997587716,1
0,1,0,0,0,1,0,0,1,0,0,1,1,0,0,1,1,0,1,1,1,0,1,1,1,1,1,1,0,1,0,0,0.0,-223.03550081276725,1
0,1,1,0,0,0,1,0,0,1,0,0,0,1,1,1,0,1,0,1,0,1,1,1,0,0,0,1,1,1,0,0,0.0,-223.03280131104523,1
0,0,1,0,1,1,1,0,1,0,1,0,1,1,0,0,1,0,0,1,0,1,0,0,1,0,0,1,0,1,0,1,0.0,-223.02704999044926,1
1,1,1,0,0,1,1,0,1,0,1,1,0,1,0,0,1,0,0,1,0,0,0,0,1,0,1,1,0,1,0,0,0.0,-223.02333200814647,1
0,1,1,1,0,1,1,0,1,0,0,0,1,0,1,1,0,0,1,1,0,0,0,0,1,0,1,1,0,1,0,0,0.0,-223.02180339752556,1
0,1,1,0,0,1,0,0,1,1,1,1,1,0,0,1,1,0,0,0,0,0,0,1,0,0,1,1,0,1,1,1,0.0,-223.02167227577021,1
0,0,1,1,1,0,0,0,0,0,1,0,0,0,1,0,1,0,1,1,0,0,1,1,0,1,1,1,0,1,0,1,0.0,-223.02062918564192,1
0,1,0,1,0,1,1,0,1,1,1,0,1,0,1,0,1,1,0,0,0,0,0,0,1,1,1,0,0,1,0,0,0.0,-223.01611596687135,1
0,0,0,0,1,0,0,0,1,1,1,1,0,1,1,0,0,0,1,1,0,0,0,1,1,1,1,1,0,1,0,0,0.0,-223.01436227280865,1
0,1,1,0,1,1,0,1,1,0,1,0,0,1,0,1,1,1,0,0,1,0,0,0,1,1,1,1,0,0,1,0,0.0,-223.01404324049872,1
0,0,0,1,0,0,1,1,0,0,1,0,1,0,0,1,0,1,0,1,0,0,1,1,1,1,1,0,0,1,0,1,0.0,-223.01315301801267,1
0,0,0,1,1,1,0,1,1,0,1,0,0,0,1,0,1,1,0,1,0,0,0,1,1,1,1,1,1,1,0,0,0.0,-223.01244078804035,1
0,0,0,1,0,0,0,1,0,0,0,0,1,0,0,1,1,1,1,1,0,0,1,1,1,0,1,1,0,1,0,1,0.0,-223.00980350292377,1
1,1,0,1,0,1,0,0,1,1,0,0,0,1,1,1,0,0,1,1,0,1,1,1,0,0,1,1,0,1,0,0,0.0,-223.00851033608186,1
0,1,1,0,1,0,0,1,1,1,0,0,1,0,1,1,0,1,1,0,0,0,0,1,0,0,0,1,1,1,0,0,0.0,-223.00639313021236,1
0,1,0,1,0,0,0,0,0,1,1,0,1,1,1,1,0,0,1,0,0,0,1,1,1,0,1,1,0,0,1,0,0.0,-223.00606564585763,1
0,0,1,1,0,0,0,0,1,1,0,0,1,0,0,1,1,0,1,0,1,0,1,1,1,0,1,1,0,1,0,0,0.0,-223.00537088616466,1
1,1,0,0,0,1,0,1,1,0,1,0,0,0,0,1,0,1,0,0,1,1,0,1,1,1,0,1,1,1,0,1,0.0,-223.00408008554103,1
1,1,0,1,0,0,0,0,0,0,0,0,0,0,1,1,1,0,1,0,1,0,0,1,1,1,0,0,1,1,1,1,0.0,-223.00374772768285,1
0,1,0,0,0,1,0,0,1,1,0,1,1,1,1,1,0,0,0,1,1,0,1,1,0,1,1,1,0,1,0,0,0.0,-223.00314193619585,1
0,0,0,0,0,1,0,0,0,0,0,1,1,0,1,1,1,1,1,1,0,1,1,1,1,0,0,1,0,0,1,0,0.03125,-223.00251006830715,1
0,0,0,1,1,1,1,0,1,1,1,0,1,1,1,0,0,0,0,0,0,0,0,1,1,0,1,1,0,1,0,0,0.0,-223.00190835156442,1
0,1,1,0,0,1,0,0,1,1,0,1,1,0,0,1,1,0,1,0,0,1,0,1,1,1,1,0,0,0,0,0,0.0,-223.00031069863752,1
0,0,1,1,0,0,1,0,1,1,1,0,0,0,1,1,0,1,0,1,0,0,0,1,1,0,0,1,0,1,1,1,0.0,-222.9965827050314,1
0,0,0,0,0,0,0,1,1,0,1,0,1,0,1,1,0,0,1,1,0,0,0,1,1,1,1,0,1,1,1,0,0.0,-222.99647500787069,1
0,0,1,0,0,1,0,1,0,0,1,0,1,1,1,0,1,1,1,1,0,0,1,1,1,1,0,1,0,1,0,0,0.0,-222.99380401998462,1
1,1,1,0,0,1,1,1,1,0,0,0,0,1,1,1,1,1,0,0,0,0,0,0,1,1,1,1,0,1,0,0,0.0,-222.99276209209052,1
0,0,0,1,1,1,1,0,0,0,1,0,1,1,1,0,1,0,0,0,0,0,0,0,0,1,1,1,1,1,0,1,0.0,-222.99077038863666,1
0,0,0,0,1,0,0,0,1,1,1,0,0,1,1,1,1,1,0,0,0,0,0,1,1,0,1,1,0,1,1,0,0.0,-222.99070642617372,1
0,0,0,0,0,0,0,1,1,0,0,0,1,1,1,0,0,1,0,1,1,1,0,1,0,1,1,1,0,1,0,1,0.0,-222.98736050332434,1
0,0,1,0,1,1,0,1,1,0,1,1,1,0,0,0,1,1,0,0,0,0,0,0,0,1,0,1,1,1,0,1,0.0,-222.98696222209716,1
0,0,1,1,1,0,0,1,0,0,0,0,0,1,1,0,1,0,1,0,0,0,1,1,1,1,0,1,0,0,1,1,0.0,-222.98174005103073,1
0,0,0,1,0,1,0,0,0,1,1,0,0,0,0,1,0,1,0,1,1,0,1,0,1,1,1,1,1,0,1,0,0.0,-222.98101156102567,1
0,0,1,0,0,0,1,0,1,0,1,0,0,0,1,1,1,0,1,1,0,0,1,1,0,1,0,1,0,1,1,0,0.0,-222.97735696997458,1
1,0,0,1,0,1,0,0,1,0,1,0,1,0,0,1,0,0,1,0,0,0,0,1,1,1,1,0,0,1,1,1,0.0,-222.9727173669381,1
1,1,0,0,1,1,0,0,0,1,1,0,0,1,0,1,1,0,0,0,0,0,1,1,1,0,1,1,0,0,0,1,0.0,-222.97178380105075,1
0,1,0,0,0,0,0,0,1,1,1,0,0,0,1,1,0,0,0,1,1,0,0,1,1,1,1,1,0,1,1,0,0.0,-222.9712218994265,1
0,0,0,0,0,1,0,0,1,1,0,0,0,1,0,1,0,1,1,1,0,0,1,1,1,1,0,1,0,1,1,0,0.0,-222.9688205299946,1
0,0,1,0,1,1,1,1,1,0,1,0,0,1,0,0,0,1,1,0,0,0,0,1,1,0,1,1,0,1,0,0,0.0,-222.9676428659569,1
0,1,1,0,0,0,0,1,1,1,1,1,0,0,1,0,0,0,0,0,1,0,1,1,1,1,0,0,0,1,1,0,0.0,-222.96631676422433,1
1,0,0,0,0,0,0,0,1,0,0,0,1,0,0,1,0,1,1,0,0,0,1,1,1,1,1,1,0,1,1,1,0.0,-222.96498354504183,1
0,1,1,0,0,1,0,1,0,1,1,0,1,0,1,0,1,1,0,0,0,1,1,1,0,0,0,1,0,0,1,0,0.0,-222.9625295849659,1
1,1,0,0,0,1,0,0,1,0,1,0,1,0,1,1,0,1,1,1,0,0,1,1,0,0,1,1,1,1,0,0,0.0,-222.9594500079101,1
0,1,1,0,1,1,0,0,0,1,1,0,1,0,1,0,0,0,1,0,0,1,0,1,0,1,1,0,0,1,1,0,0.0,-222.95922573393295,1
0,0,0,0,0,1,0,0,1,1,0,0,0,0,1,0,1,1,1,1,0,0,1,1,1,1,1,1,0,1,0,0,0.0,-222.9555427212443,1
0,1,0,0,1,1,0,1,1,1,0,0,0,0,1,0,0,1,1,1,0,0,1,1,1,0,1,1,0,0,0,0,0.0,-222.95471346646468,1
0,0,1,0,1,0,0,0,1,1,0,0,0,0,1,1,1,0,0,0,1,0,1,0,1,1,1,1,0,1,0,1,0.0,-222.95441726287353,1
1,1,1,0,0,1,0,1,1,0,0,0,1,1,1,0,1,0,0,1,0,0,0,1,1,0,1,1,1,1,0,0,0.0,-222.95379176895474,1
0,1,1,0,1,1,1,0,0,1,1,0,0,1,0,0,0,1,0,0,0,0,0,1,0,1,1,1,1,1,0,0,0.0,-222.9508898945774,1
0,1,0,1,1,0,1,0,0,1,1,0,1,0,1,0,1,1,0,0,0,0,1,0,0,0,1,1,1,1,0,0,0.0,-222.9505685646695,1
0,0,1,1,0,1,0,1,1,0,1,0,1,0,0,1,1,0,0,1,1,0,0,1,1,1,0,1,0,1,1,0,0.0,-222.94932849798883,1
0,0,0,0,1,1,0,1,1,0,1,1,0,1,1,0,1,1,0,1,0,0,0,0,0,0,1,1,0,1,0,1,0.03125,-222.94781865932208,1
0,0,1,0,0,1,0,0,1,0,1,1,0,1,0,0,1,0,1,1,0,0,1,1,0,1,1,1,0,0,0,1,0.0,-222.94048681459097,1
0,1,1,1,0,1,0,1,0,1,0,0,0,0,0,0,0,1,1,1,0,0,1,0,0,1,1,1,1,1,0,0,0.0,-222.9386070074518,1
0,1,1,0,1,1,0,0,1,0,0,0,1,1,0,0,1,0,1,1,0,0,1,1,1,0,1,1,1,1,0,0,0.0,-222.93844507097938,1
0,0,1,0,0,1,1,0,0,0,1,0,1,0,1,1,0,1,1,0,0,0,1,0,0,1,1,1,0,1,1,0,0.0,-222.93550962257044,1
1,0,0,0,1,1,0,0,1,1,1,0,1,1,0,0,0,0,1,0,0,0,1,1,1,1,1,1,1,1,0,0,0.0,-222.93069969471608,1
1,1,0,0,0,0,0,0,1,0,0,1,1,0,0,1,1,1,0,0,0,0,1,1,0,1,1,1,0,0,1,1,0.0,-222.9302633312302,1
0,1,0,0,0,1,0,0,0,1,1,0,1,1,1,1,1,1,0,0,0,0,0,0,1,1,1,0,1,0,0,1,0.0,-222.92932141642177,1
0,0,0,1,0,1,1,1,0,0,0,1,1,1,1,1,0,0,1,1,0,0,0,1,1,0,1,1,0,0,0,0,0.0,-222.92812378287132,1
1,1,1,0,0,0,1,0,0,0,1,0,0,1,1,1,1,1,1,1,1,0,0,0,1,1,1,1,0,0,0,0,0.0,-222.9278825400168,1
0,1,1,0,1,1,0,1,1,1,0,0,0,1,1,1,1,0,0,0,0,0,0,1,0,1,1,1,1,1,0,0,0.0,-222.92683029056306,1
1,1,1,0,0,0,0,0,1,0,1,0,0,0,1,1,0,0,0,1,0,0,0,0,1,1,1,1,0,1,1,1,0.0,-222.92628925778394,1
0,0,1,0,0,1,0,0,1,1,1,0,0,0,1,0,1,0,0,1,1,0,0,1,0,1,1,1,1,1,0,0,0.0,-222.92400118655308,1
0,0,0,0,1,0,1,1,0,1,0,0,1,1,0,1,0,1,1,1,0,1,1,0,1,1,1,1,0,1,0,0,0.0,-222.92066385410726,1
0,1,0,1,1,0,0,1,0,1,1,0,0,0,1,1,1,0,1,1,1,1,1,0,1,0,1,0,0,1,0,0,0.0,-222.91697035548708,1
0,1,1,1,0,0,1,1,1,0,0,1,0,0,0,0,0,1,1,0,1,0,1,1,0,0,1,1,0,1,0,0,0.0,-222.91361045141667,1
0,0,0,1,0,0,0,0,0,1,1,1,1,1,0,1,1,0,1,0,0,0,1,1,0,1,1,0,0,1,1,0,0.0,-222.91283049535355,1
0,1,0,0,0,1,0,0,0,0,1,1,0,0,1,1,1,0,1,1,1,0,1,0,1,0,1,1,0,0,0,1,0.0,-222.9113498791717,1
0,0,1,0,0,0,1,0,0,1,1,0,1,1,0,0,0,1,1,0,0,1,1,1,0,1,0,0,1,1,1,0,0.0,-222.91070849863024,1
0,1,0,0,0,1,0,0,1,1,0,0,1,0,0,0,1,1,0,0,0,1,1,1,1,0,1,0,1,1,0,1,0.0,-222.9106189081962,1
0,1,1,0,0,0,0,0,1,1,1,0,1,1,0,1,0,0,0,0,1,1,1,1,1,1,0,1,0,1,0,1,0.0,-222.91021008647192,1
0,1,0,0,0,0,0,0,1,1,1,0,0,1,0,1,1,1,1,0,0,0,0,1,1,0,1,1,0,1,1,0,0.0,-222.9036191643853,1
0,1,0,1,1,1,0,0,1,1,0,1,1,0,0,0,1,1,1,0,0,0,0,1,0,0,1,1,0,1,0,0,0.0,-222.90212113284156,1
0,0,1,1,1,0,0,0,1,1,1,0,0,1,1,0,0,0,0,1,0,0,0,1,1,0,1,1,0,1,1,0,0.03125,-222.901491028642,1
0,1,1,1,0,1,0,1,1,0,0,0,1,1,1,0,1,0,0,0,1,0,0,0,1,1,1,1,1,0,1,0,0.0,-222.89995016741094,1
0,1,1,0,1,0,0,1,1,0,1,0,0,0,0,1,0,0,0,0,1,0,1,0,1,0,1,1,0,1,1,1,0.0,-222.8959798858073,1
0,0,0,0,0,1,0,1,0,0,0,0,0,1,0,0,1,1,1,1,0,0,1,1,1,1,1,1,0,0,1,1,0.0,-222.89500464341307,1
0,1,0,0,0,0,0,0,1,0,1,0,1,1,0,0,1,1,1,1,0,0,1,0,1,1,1,1,1,1,0,1,0.0,-222.8932001042653,1
0,1,1,0,0,1,0,0,1,1,1,0,1,0,1,1,1,0,0,0,0,0,1,0,1,0,0,0,1,1,1,0,0.0,-222.89289141830992,1
0,0,0,0,1,1,0,1,1,1,1,0,1,1,0,0,0,0,0,1,1,0,1,1,1,0,1,0,0,0,0,1,0.0,-222.89085443755934,1
0,1,1,0,1,1,0,1,0,0,0,0,0,0,0,1,0,0,0,1,1,0,0,1,1,1,1,1,0,0,1,1,0.0,-222.88774994389013,1
0,0,0,0,1,0,1,0,1,0,1,1,0,0,1,0,1,1,1,0,1,0,0,0,1,0,1,1,0,1,1,1,0.0,-222.8801105638015,1
0,1,0,0,0,1,0,0,0,1,1,0,0,0,1,0,1,1,1,0,1,0,1,1,0,1,1,0,0,1,1,0,0.0,-222.87944080120133,1
0,0,0,1,0,0,0,1,1,0,1,0,1,1,1,1,0,0,0,0,1,0,0,1,1,1,1,1,1,1,1,0,0.0,-222.87877775150358,1
0,0,0,1,1,1,0,0,0,1,0,0,1,1,1,1,1,1,1,1,0,0,0,0,0,0,1,1,0,0,1,0,0.03125,-222.87869388038405,1
0,0,1,0,1,1,1,0,0,1,0,0,1,0,1,1,0,0,1,0,1,0,0,1,0,1,1,1,0,1,0,0,0.0,-222.8783500870265,1
1,0,0,1,0,1,1,1,0,0,1,1,1,0,1,1,0,1,1,0,0,1,0,0,1,1,1,1,0,0,0,0,0.0,-222.87691063319488,1
0,1,1,0,1,1,1,1,1,1,0,0,0,0,0,1,0,0,1,1,1,0,1,0,0,0,1,1,0,0,0,0,0.0,-222.87596936739527,1
0,0,1,0,1,0,0,0,0,0,1,0,0,1,1,0,1,1,1,1,0,0,0,1,1,0,1,1,0,1,0,1,0.0,-222.8752314040425,1
0,0,0,0,1,1,1,0,1,1,0,0,1,0,0,0,0,1,1,1,0,0,1,1,1,0,1,1,0,0,1,1,0.0,-222.8730833809073,1
0,1,0,0,0,0,1,1,0,1,0,0,0,0,1,1,1,0,0,0,0,0,1,1,1,1,1,1,0,1,1,0,0.0,-222.8724348560388,1
0,0,1,0,1,0,0,1,0,1,0,1,0,0,1,1,1,0,0,1,0,0,0,1,0,1,1,1,1,1,0,0,0.0,-222.87210451975088,1
0,1,1,0,0,0,0,0,1,0,1,0,1,0,0,0,1,0,1,0,1,0,1,1,1,0,1,1,1,0,0,1,0.0,-222.87095108304996,1
0,0,0,0,0,0,0,0,0,1,1,0,0,0,1,1,1,1,0,0,0,1,1,1,1,0,1,1,1,1,0,1,0.0,-222.86939668869198,1
0,1,0,0,1,0,0,0,0,1,1,0,0,1,0,0,1,1,0,1,0,1,0,0,1,0,1,1,1,1,0,1,0.0,-222.8682960591884,1
1,1,0,0,0,0,1,0,0,0,1,0,0,1,1,0,1,1,0,1,1,1,1,0,0,1,1,1,0,1,0,1,0.0,-222.86755267381596,1
0,1,1,1,1,1,0,0,1,0,1,0,0,1,1,0,0,0,0,0,0,0,0,1,1,1,1,1,1,1,1,0,0.0,-222.8675005438981,1
0,1,1,0,1,1,0,1,1,0,1,0,0,0,1,0,1,1,1,1,0,0,0,1,1,1,1,1,0,0,0,0,0.0,-222.86690277772325,1
0,1,0,0,0,1,1,0,0,0,1,1,1,0,0,1,1,1,0,0,0,0,0,1,0,1,0,1,1,1,1,0,0.03125,-222.86104340261346,1
0,0,1,0,1,1,1,0,1,1,1,0,0,0,0,1,1,0,0,1,0,0,1,1,0,0,1,1,0,1,0,0,0.0,-222.85808089172642,1
0,0,0,0,1,0,0,0,0,1,0,0,0,1,0,1,1,0,0,1,1,0,1,1,1,1,1,1,0,0,1,1,0.0,-222.8475920993707,1
0,1,0,1,0,1,1,1,0,1,1,0,0,0,1,0,0,1,1,0,0,0,0,1,1,1,0,1,1,0,0,0,0.0,-222.84699097870805,1
0,1,1,0,1,1,0,1,0,1,1,0,1,0,0,1,1,0,0,1,0,0,1,1,0,0,0,1,0,0,1,0,0.0,-222.84452949231857,1
1,0,1,1,1,0,0,0,1,1,0,0,0,0,0,1,0,0,1,0,0,0,1,0,1,1,1,1,0,1,1,0,0.0,-222.84010696508165,1
0,0,0,0,0,1,0,0,1,1,1,1,1,1,0,0,1,0,0,0,0,1,0,1,1,0,1,1,0,1,0,1,0.0,-222.83989970991644,1
1,1,1,0,0,0,1,0,0,0,1,0,1,1,1,1,0,1,1,1,0,0,1,0,0,1,1,0,0,1,1,0,0.0,-222.83977493270956,1
0,0,0,0,0,0,0,0,1,1,0,1,1,0,1,1,1,0,0,1,0,0,1,1,1,1,1,1,0,0,0,1,0.0,-222.83795603070237,1
0,1,0,0,0,1,0,0,1,1,1,0,1,0,0,0,0,0,0,1,0,0,1,1,1,0,1,1,1,1,1,0,0.0,-222.83677839423456,1
0,1,1,0,1,0,0,1,0,0,1,1,1,0,1,1,0,0,0,1,1,0,1,1,1,1,1,0,0,0,1,0,0.03125,-222.8365107524858,1
0,1,1,0,0,0,0,0,1,0,1,0,0,0,1,1,1,0,1,1,0,0,0,0,1,1,1,0,0,1,1,1,0.0,-222.83065599556042,1
1,0,0,1,1,1,0,0,1,0,0,0,0,1,1,0,1,0,0,0,1,0,0,1,1,1,0,1,1,1,1,1,0.0,-222.82969076418476,1
0,0,1,0,0,0,0,0,0,1,1,0,1,0,1,1,0,1,1,1,0,0,1,1,0,1,1,1,0,0,1,0,0.0,-222.8286586081937,1
0,0,1,0,0,0,1,0,1,1,1,0,0,0,1,0,1,1,1,0,0,1,1,1,1,0,1,1,0,0,0,0,0.0,-222.82617315933948,1
0,0,0,0,1,0,0,0,1,1,1,1,1,0,1,1,1,0,1,0,1,0,1,1,1,1,1,0,1,0,0,0,0.0,-222.82580128721904,1
1,1,0,0,0,0,1,1,0,0,1,0,0,0,1,0,0,0,1,0,0,1,1,1,1,0,1,1,0,1,0,1,0.0,-222.81555288485103,1
0,1,1,0,1,0,0,0,1,1,1,0,0,1,1,1,1,1,0,1,1,0,0,0,0,0,1,0,0,0,0,1,0.0,-222.81547681894907,1
0,0,1,0,0,0,0,0,0,1,1,0,1,1,0,1,0,1,1,1,0,1,0,1,1,0,0,1,0,1,1,0,0.0,-222.8082354945733,1
0,0,0,1,0,0,1,0,1,0,1,0,1,1,1,0,1,1,0,0,0,0,1,1,0,0,1,1,1,0,1,0,0.0,-222.80607343098978,1
0,1,1,0,0,0,1,0,0,0,1,0,1,0,0,1,1,1,0,1,0,0,0,1,1,0,1,1,0,1,1,0,0.0,-222.80552670221928,1
1,1,1,0,0,0,0,0,0,1,1,0,0,1,1,1,1,0,1,1,1,0,0,0,0,0,1,1,0,0,1,0,0.0,-222.8014514408652,1
0,0,1,1,1,1,0,0,1,0,0,0,1,0,1,0,1,0,1,0,0,1,0,1,1,1,1,0,1,1,0,1,0.0,-222.80079773224497,1
1,0,1,1,0,1,1,0,1,0,1,0,1,1,1,0,1,0,1,1,1,0,0,0,0,0,0,1,1,1,0,0,0.0,-222.7989496962851,1
1,1,1,0,0,1,0,0,0,1,0,0,0,1,1,1,0,1,1,1,0,0,0,1,1,0,1,0,0,0,1,0,0.0,-222.79840818069076,1
0,0,0,0,0,1,0,0,1,1,1,0,1,0,0,0,1,1,1,0,0,0,0,1,1,1,1,1,0,1,1,0,0.0,-222.7927402666816,1
0,0,0,0,1,0,0,1,0,0,0,1,1,0,0,1,0,0,1,1,1,0,0,1,1,0,1,1,1,1,0,1,0.0,-222.79054028021875,1
1,0,1,1,1,0,0,0,0,0,1,0,1,0,1,0,1,1,0,0,0,0,1,1,1,1,1,1,1,0,0,1,0.0,-222.78983392303627,1
0,0,0,0,0,1,0,1,1,1,1,0,1,1,0,0,0,0,1,1,0,0,0,1,1,0,1,1,0,1,1,0,0.0,-222.78867614005586,1
0,1,1,1,0,1,0,0,1,0,1,1,1,0,1,0,1,0,1,1,1,0,0,1,1,0,1,0,0,1,0,0,0.0,-222.781495535044,1
1,1,0,0,0,0,1,0,1,1,0,0,1,0,0,0,1,0,0,1,0,0,1,1,1,0,0,1,1,1,1,0,0.0,-222.77621814205114,1
0,0,1,0,1,0,0,0,1,1,1,0,1,0,0,1,1,0,1,1,0,0,1,1,1,0,0,1,0,1,0,0,0.0,-222.77538160357727,1
1,1,0,1,0,1,0,0,1,0,1,1,1,1,1,0,1,0,1,0,0,0,1,0,0,0,1,0,1,1,0,1,0.0,-222.77487881604767,1
0,0,0,0,0,1,1,0,0,1,1,1,0,1,1,1,1,0,1,1,0,0,0,1,0,1,1,1,0,0,0,0,0.03125,-222.77462816466561,1
0,1,0,1,0,1,0,0,1,1,0,0,1,1,1,0,0,1,1,0,0,1,1,1,0,0,1,1,0,1,1,0,0.0,-222.77222834226737,1
0,0,1,0,0,0,1,0,1,0,1,1,1,0,0,1,1,1,0,1,0,0,1,1,0,1,1,1,1,1,0,0,0.0,-222.77038447266145,1
0,0,0,0,0,1,1,1,1,1,1,1,0,1,0,0,0,1,0,0,0,0,0,1,1,1,0,1,0,1,1,0,0.0,-222.7695629214584,1
0,1,1,0,0,1,0,0,1,0,1,1,1,0,1,0,1,1,0,0,0,1,0,0,0,1,1,0,0,0,1,1,0.0,-222.76716974252525,1
0,0,1,0,0,0,1,1,0,1,0,0,1,0,0,1,1,0,1,0,1,0,1,0,1,1,1,0,0,1,1,0,0.0,-222.7662378168058,1
0,0,0,0,0,1,1,1,0,1,1,1,1,1,0,1,0,0,0,1,0,0,0,1,1,0,1,1,1,0,0,0,0.0,-222.7655473252786,1
0,1,1,0,0,0,0,0,1,1,1,0,0,1,0,0,1,0,1,1,0,0,1,1,0,0,1,1,1,0,1,0,0.0,-222.76552516711857,1
0,0,0,1,1,0,0,1,0,0,0,0,1,0,1,0,0,1,0,1,1,1,1,1,0,0,1,1,0,0,1,1,0.0,-222.76243634140945,1
0,0,0,0,0,1,1,1,1,1,0,0,1,0,0,0,1,1,0,1,0,1,0,1,0,1,0,1,0,1,0,1,0.0,-222.76134176549806,1
0,0,1,0,1,1,0,0,0,1,1,0,0,1,0,0,1,0,1,0,0,1,1,1,0,0,1,1,0,1,0,1,0.0,-222.76012792696142,1
0,0,0,1,0,1,0,0,1,1,1,0,1,1,1,0,1,0,1,1,0,1,0,0,0,1,1,0,1,1,1,0,0.0,-222.75861859865185,1
0,0,1,0,0,0,0,0,1,0,1,1,1,1,0,1,0,0,0,0,1,0,1,0,1,0,1,1,0,1,1,1,0.0,-222.75565607572707,1
1,0,0,0,0,1,0,1,0,1,1,1,1,0,0,1,0,1,0,1,0,0,1,1,1,0,0,1,0,0,0,1,0.0,-222.75516099761177,1
0,0,0,0,0,1,1,0,1,1,0,0,1,0,0,0,0,1,1,1,0,1,1,1,1,0,0,1,0,1,1,0,0.0,-222.75270071266354,1
0,0,0,0,0,1,1,1,0,1,1,0,0,1,1,0,0,0,0,0,0,0,1,1,1,1,1,1,1,0,1,0,0.0,-222.75212617356698,1
0,0,1,0,1,0,0,0,0,1,1,0,1,1,1,0,1,0,0,1,1,0,1,0,0,0,1,1,1,0,0,1,0.0,-222.7510361821886,1
0,1,1,1,0,0,0,1,1,1,1,0,1,1,0,0,0,1,0,1,1,0,0,1,0,1,1,0,0,1,1,0,0.03125,-222.7469710470381,1
0,1,1,0,0,0,0,0,1,0,1,1,1,1,0,1,1,1,1,1,0,0,0,1,1,0,1,1,1,0,0,0,0.03125,-222.74635545558507,1
0,1,1,0,0,1,1,0,0,1,1,1,0,0,0,1,1,1,1,0,0,0,1,0,0,0,0,1,0,1,1,1,0.0,-222.7441836747706,1
0,0,1,0,1,0,0,0,1,0,0,1,1,0,1,1,1,0,1,0,0,0,0,1,1,0,1,1,0,1,0,1,0.0,-222.74385528265125,1
0,0,1,0,0,0,1,0,0,1,1,1,1,1,1,1,1,0,1,0,0,0,1,1,0,0,1,1,0,0,0,0,0.0,-222.74173260042866,1
0,1,0,0,1,1,0,1,0,1,1,0,1,1,1,0,1,0,0,0,1,0,1,1,0,1,1,0,0,1,0,1,0.0,-222.740276251324,1
0,0,1,0,1,0,0,0,1,1,1,0,1,0,1,1,1,0,0,1,0,0,0,1,1,0,0,1,0,1,0,1,0.0,-222.73632771636974,1
0,1,1,1,0,0,0,0,0,1,1,0,0,1,1,0,1,0,1,0,0,0,1,1,1,1,1,1,1,1,0,0,0.0,-222.73537577191223,1
0,0,1,0,0,1,1,0,1,0,1,0,1,1,0,0,1,1,0,0,0,1,1,1,1,0,1,1,0,1,1,0,0.0,-222.73467199468408,1
0,1,0,0,0,0,1,1,0,1,1,0,1,0,1,0,1,0,1,1,0,0,1,1,1,0,1,1,0,0,0,0,0.0,-222.7337766808184,1
0,0,1,0,0,1,1,0,0,0,1,0,0,1,0,0,0,0,1,1,1,0,1,1,0,1,0,1,0,1,1,1,0.0,-222.73057454892353,1
0,0,0,0,1,0,1,0,1,1,0,0,0,1,0,1,1,1,0,1,1,0,1,1,1,1,0,1,0,1,1,0,0.03125,-222.72941874232404,1
1,0,1,0,1,1,0,0,1,1,1,0,0,0,1,1,1,0,1,0,0,0,0,1,1,0,0,1,0,1,0,0,0.0,-222.72705890090913,1
0,0,0,1,1,1,0,0,0,1,1,1,0,1,1,1,1,1,0,0,0,0,1,1,1,0,1,1,0,1,0,0,0.0,-222.7260484417753,1
0,1,1,1,1,1,0,0,1,1,1,0,0,0,1,1,0,1,1,0,0,1,0,1,1,0,1,1,0,0,0,0,0.0,-222.72395527735756,1
0,0,0,0,0,1,0,0,0,1,1,1,1,1,1,0,1,1,1,1,0,0,0,0,1,1,0,1,0,0,1,0,0.0,-222.7236240593859,1
0,0,0,1,1,0,0,1,1,1,1,1,0,1,1,1,0,0,1,0,0,0,1,1,1,1,0,1,0,0,0,1,0.0,-222.7215875107057,1
0,0,1,0,0,0,0,0,1,0,0,1,1,1,1,1,0,1,1,1,1,0,0,1,0,0,1,1,0,0,0,1,0.03125,-222.7205517250073,1
1,1,0,0,0,1,0,0,0,1,1,0,1,1,0,1,1,1,0,1,0,0,1,1,0,1,1,1,0,0,0,1,0.0,-222.7199762935284,1
0,1,1,0,1,1,0,1,1,1,0,0,1,0,1,0,0,1,0,1,0,1,1,1,0,0,0,1,0,1,1,0,0.0,-222.71940807014025,1
1,0,1,1,0,0,1,0,0,0,1,0,0,1,1,1,1,1,0,0,0,0,1,0,1,1,1,1,1,0,0,1,0.0,-222.71840895658067,1
0,1,1,0,0,0,0,0,1,1,0,1,1,1,0,0,1,0,1,0,1,0,0,1,1,0,1,0,0,1,1,0,0.0,-222.71833303912084,1
0,0,0,0,1,0,1,0,0,1,1,1,0,0,1,1,0,0,1,1,1,0,1,0,0,0,1,1,1,1,0,0,0.0,-222.71725160634236,1
0,0,1,0,0,1,0,0,0,1,1,1,0,1,0,1,1,0,1,1,1,1,0,1,0,0,0,0,1,1,0,0,0.0,-222.71578682182795,1
0,1,1,0,0,1,1,0,1,0,1,0,1,0,1,1,1,1,1,1,0,0,1,0,0,0,1,0,1,1,0,0,0.0,-222.71244369908595,1
1,1,1,0,0,1,0,0,1,1,1,1,1,0,1,0,1,0,0,0,1,0,0,1,1,1,1,1,0,0,0,0,0.0,-222.70490443791272,1
1,1,1,1,0,1,1,1,0,1,1,0,0,0,1,1,1,0,0,1,0,0,0,0,1,0,0,0,0,0,1,0,0.0,-222.7011361329129,1
0,1,0,0,0,1,1,0,0,1,1,1,1,0,0,0,0,1,1,0,0,0,1,1,0,0,1,1,0,1,1,1,0.0,-222.70016688140055,1
0,0,1,1,1,0,0,0,1,0,1,1,0,1,1,0,0,0,1,1,0,0,1,0,1,1,1,1,1,0,0,1,0.0,-222.69996338524135,1
1,0,1,1,0,1,0,0,0,0,0,0,0,1,1,0,1,0,1,0,1,1,0,1,1,1,1,1,0,0,1,1,0.0,-222.6958645221745,1
0,1,1,1,0,1,0,0,1,1,0,1,0,1,0,1,1,0,0,0,1,1,0,1,0,1,1,0,0,1,0,1,0.0,-222.69367963406816,1
0,0,0,1,0,0,0,0,1,0,1,1,1,1,0,0,1,0,0,0,1,0,0,0,1,0,1,1,1,1,1,1,0.0,-222.6916045665341,1
0,1,1,1,0,1,0,0,1,1,0,1,1,0,0,1,0,1,0,1,0,0,0,0,1,0,0,1,0,1,1,0,0.0,-222.6912298429645,1
0,0,0,1,0,0,0,0,0,1,0,0,1,0,1,1,0,1,1,1,0,1,1,1,0,0,0,1,0,1,1,1,0.0,-222.6899709139954,1
0,0,1,0,1,1,0,1,1,0,1,0,1,0,1,0,1,0,1,1,0,1,0,0,0,0,1,1,1,1,1,0,0.0,-222.68978127295182,1
0,0,0,0,1,0,1,1,1,0,0,0,1,1,0,1,0,0,1,0,1,0,1,1,0,0,1,1,1,0,0,1,0.0,-222.68902737737778,1
0,1,0,0,1,1,0,1,0,1,1,0,0,1,1,0,1,0,0,0,1,0,1,1,1,1,1,0,1,0,0,1,0.0,-222.6890043652567,1
0,0,0,0,0,0,1,0,1,1,1,1,1,0,1,1,1,0,1,1,0,1,1,1,0,1,0,1,0,1,0,0,0.0,-222.68821892692034,1
0,0,1,0,1,1,1,0,0,1,1,0,0,0,1,1,1,0,1,1,0,0,1,0,1,1,0,1,0,0,0,0,0.0,-222.68751830895772,1
0,1,0,0,0,1,1,1,1,0,0,1,1,1,0,1,0,1,1,0,0,0,0,1,1,0,0,0,1,0,1,0,0.0,-222.68042958404087,1
1,0,1,0,0,0,0,1,1,0,1,0,1,0,0,1,1,1,0,0,0,0,0,0,1,0,1,1,1,0,1,1,0.0,-222.67977239638083,1
0,0,1,0,1,1,0,0,1,0,0,1,0,1,0,1,1,0,0,1,0,0,0,0,1,0,1,1,0,1,1,1,0.0,-222.676861728882,1
0,0,1,1,0,1,0,0,0,1,1,1,0,1,0,1,1,0,0,1,0,0,1,1,0,1,0,1,0,1,0,0,0.0,-222.6764130129792,1
0,1,1,0,1,0,1,0,1,1,0,0,0,1,1,1,0,0,0,1,0,0,1,0,1,1,1,1,0,1,1,0,0.0,-222.6744314892168,1
0,1,0,1,0,1,0,0,1,1,0,0,1,0,0,1,0,1,0,0,0,0,1,0,0,0,1,1,1,1,1,1,0.0,-222.67180926024207,1
0,0,1,1,0,0,1,0,1,0,1,0,1,0,1,0,1,1,0,1,0,0,1,1,1,1,1,1,0,0,1,0,0.0,-222.6649092973465,1
1,0,0,1,1,0,0,0,0,1,0,0,1,0,1,0,1,1,1,0,1,1,0,0,1,1,1,0,1,1,0,1,0.0,-222.66356830738437,1
0,1,1,0,0,1,1,0,0,0,1,1,0,0,0,0,0,1,1,0,1,0,1,0,1,0,1,1,0,1,1,0,0.0,-222.66210164923947,1
0,1,1,0,0,1,0,0,1,1,0,0,0,0,1,0,1,0,1,1,0,0,1,0,0,1,1,1,0,1,0,1,0.0,-222.66183848692648,1
0,1,0,0,0,1,0,0,1,0,1,1,1,0,1,1,0,0,0,1,0,0,0,1,1,1,1,1,1,1,1,0,0.0,-222.65154957330336,1
0,0,1,0,1,1,1,0,1,1,1,0,0,0,1,1,0,1,1,1,0,0,0,1,0,0,1,1,0,0,0,0,0.0,-222.64839437785312,1
0,0,0,0,1,1,1,0,1,1,0,0,0,1,1,0,1,0,1,0,0,0,0,1,1,0,1,1,0,1,1,0,0.0,-222.64591776764416,1
1,1,0,0,0,1,1,0,1,0,0,0,1,0,1,1,0,1,0,0,0,0,1,1,1,1,1,1,0,1,0,1,0.0,-222.64496606638505,1
0,0,1,0,0,0,0,0,1,1,0,1,0,1,0,0,1,0,1,1,0,0,1,1,0,1,1,1,0,1,1,0,0.0,-222.63547989110916,1
0,0,1,0,1,0,1,1,1,1,1,0,0,0,1,1,1,0,1,1,0,1,1,1,0,0,1,0,0,1,0,0,0.0,-222.6236702924095,1
1,1,1,0,0,1,0,0,0,1,0,1,1,0,1,0,1,0,0,0,1,0,1,0,1,0,1,1,0,0,0,1,0.0,-222.61952008978784,1
0,1,1,0,0,1,0,0,0,1,1,1,0,1,1,0,0,1,1,0,0,0,0,1,1,0,1,0,0,1,1,0,0.0,-222.61503986176677,1
0,0,1,0,0,0,0,0,0,1,0,1,0,1,0,0,1,1,0,1,1,1,1,0,1,1,0,1,0,0,1,1,0.0,-222.61173814729554,1
1,1,1,0,0,1,1,1,1,1,0,1,0,1,1,1,1,0,0,0,0,1,1,1,0,0,0,0,0,0,1,0,0.0,-222.6071587638159,1
1,0,0,1,0,0,0,0,1,1,1,0,1,1,0,1,0,0,1,0,0,1,1,0,1,0,1,1,0,1,1,1,0.0,-222.604329721494,1
0,1,1,0,0,1,1,1,0,1,1,0,0,0,0,0,1,1,0,0,0,0,1,1,0,1,1,1,0,0,0,1,0.0,-222.60352165415048,1
0,1,1,0,1,0,0,0,1,0,1,1,0,0,1,1,0,1,1,1,0,0,0,1,1,0,0,0,0,0,1,1,0.0,-222.60129636465788,1
0,1,1,0,1,1,1,0,1,1,1,0,1,1,0,1,0,0,0,1,0,0,0,0,1,0,1,1,1,1,0,0,0.0,-222.597063726728,1
0,0,0,0,1,1,1,0,1,1,1,0,1,0,0,1,1,0,1,1,1,0,0,1,0,1,1,1,0,1,0,0,0.0,-222.59623608603349,1
0,1,1,0,0,0,1,0,1,1,0,0,0,0,0,1,0,1,1,0,1,0,1,1,1,0,0,1,0,1,0,1,0.0,-222.59358580994314,1
0,1,0,0,0,1,0,0,1,0,0,1,1,0,1,0,1,1,0,0,0,0,0,1,1,1,1,1,0,0,1,1,0.0,-222.58766966015023,1
0,0,1,0,0,1,0,1,1,1,1,0,1,0,0,1,1,0,1,1,0,0,0,1,1,0,0,0,0,1,0,1,0.0,-222.58431464889335,1
1,0,1,0,0,1,0,0,1,1,0,0,0,0,0,1,0,1,1,0,0,0,1,1,0,1,1,0,1,0,1,1,0.0,-222.57933211021012,1
0,0,0,0,0,1,0,0,0,1,1,1,1,0,1,1,0,1,1,1,0,0,1,1,1,1,1,1,1,0,0,0,0.0,-222.57821915236076,1
0,0,1,1,0,0,0,0,1,1,1,0,1,1,1,0,0,1,1,0,1,0,1,1,1,1,1,0,0,0,0,1,0.0,-222.57768752378877,1
1,0,1,0,1,0,0,1,1,1,1,0,1,0,1,0,0,0,1,0,0,0,1,1,0,1,1,1,1,0,1,0,0.0,-222.57458694119492,1
0,1,1,0,0,0,1,0,0,1,0,1,0,1,1,1,1,0,1,1,0,0,0,1,1,0,0,1,1,0,0,0,0.0,-222.57451705684505,1
0,1,0,0,0,0,0,0,0,1,1,0,1,0,1,0,1,1,0,0,1,0,0,0,1,1,0,1,1,1,1,1,0.0,-222.57154033226362,1
0,0,0,0,0,0,1,1,1,0,1,1,1,1,0,1,1,1,0,0,0,1,0,1,1,0,1,1,0,1,1,0,0.0,-222.5673445808248,1
0,0,1,0,0,0,1,1,0,1,1,1,0,1,1,1,0,0,1,1,1,0,1,1,0,1,1,0,0,1,0,0,0.0,-222.56598474228753,1
0,0,0,0,0,1,1,1,1,1,1,0,1,1,0,0,1,0,1,0,0,0,0,1,1,0,1,1,0,0,1,0,0.0,-222.56298819929953,1
0,1,1,0,0,0,0,1,0,1,1,1,1,0,0,0,1,0,0,1,0,0,0,1,1,0,1,1,0,1,1,0,0.0,-222.5617117157175,1
0,1,1,0,1,1,0,0,0,1,0,0,0,1,0,1,1,0,1,0,1,0,0,1,0,0,1,0,0,1,1,1,0.0,-222.5615879689497,1
0,1,0,0,0,1,1,0,0,0,1,0,0,1,0,1,1,0,0,0,1,0,1,1,1,1,1,1,0,1,1,1,0.0,-222.56123105754293,1
1,1,1,0,1,0,1,1,0,1,1,0,0,0,0,1,1,0,0,0,0,1,1,1,0,0,1,1,0,1,1,0,0.0,-222.55253471131658,1
0,0,0,0,1,0,0,0,1,0,1,0,1,1,0,0,1,1,1,1,1,1,0,0,0,0,1,1,1,1,1,1,0.0,-222.54953939469564,1
1,0,0,1,0,1,0,0,0,1,1,1,0,1,1,1,1,1,0,0,0,0,0,1,0,1,1,1,0,1,0,1,0.0,-222.5448882022947,1
1,0,1,0,1,1,0,0,0,1,0,0,0,0,1,0,1,1,1,0,0,0,0,1,0,0,1,1,1,1,1,0,0.0,-222.54167694430896,1
0,0,0,0,0,0,0,0,0,1,1,0,0,0,1,0,0,1,1,0,1,1,1,1,1,0,0,1,1,1,1,1,0.0,-222.54061775212472,1
0,1,0,0,1,1,1,0,1,1,1,0,0,0,0,1,1,1,0,0,0,0,1,0,1,1,1,1,0,1,0,1,0.0,-222.53739500144565,1
0,1,0,0,0,1,0,0,1,1,1,0,0,0,1,1,0,1,0,1,1,0,1,1,1,1,1,1,0,0,0,1,0.0,-222.53732420425322,1
0,1,0,0,1,0,0,0,0,1,1,1,1,1,0,1,0,1,0,1,0,0,0,1,1,1,1,1,1,0,0,1,0.0,-222.53204921400808,1
0,0,1,0,1,1,0,1,1,1,0,0,0,1,0,0,1,1,0,1,1,0,0,1,1,0,1,1,0,1,1,0,0.0,-222.52131117992235,1
1,1,1,0,1,0,1,0,1,1,0,0,1,0,1,1,0,1,0,0,0,0,1,0,1,1,1,0,0,1,0,1,0.0,-222.51865427892892,1
0,0,1,1,0,1,1,1,0,1,1,1,1,1,0,0,1,1,0,0,0,0,1,1,0,0,1,1,0,1,0,0,0.0,-222.5119976091689,1
0,0,1,0,0,1,0,1,1,1,1,0,0,0,1,0,1,0,0,0,0,0,0,1,1,1,1,0,0,1,1,1,0.0,-222.50903823784745,1
0,0,1,0,1,0,0,0,1,1,1,0,1,0,1,1,0,0,1,1,0,0,1,1,1,1,0,1,0,1,0,1,0.0,-222.508304800468,1
1,0,0,0,0,0,1,0,1,1,1,0,0,1,0,1,0,1,0,0,0,0,1,1,1,0,1,1,0,0,1,1,0.0,-222.50822693446634,1
0,1,1,0,1,0,0,0,1,1,1,1,0,1,0,1,1,1,1,1,0,0,0,1,1,0,1,1,0,0,0,0,0.03125,-222.50766658471838,1
1,0,1,0,1,1,1,0,1,0,0,0,1,0,1,0,0,1,1,0,1,1,1,0,0,1,0,1,0,0,1,1,0.0,-222.50623148148895,1
0,1,1,1,0,1,0,1,0,1,1,1,0,1,0,0,0,0,1,0,0,0,1,1,1,1,1,0,0,1,1,0,0.0,-222.50107474642894,1
0,0,1,0,1,0,1,1,1,1,1,1,0,1,0,1,0,1,1,0,0,0,1,0,1,0,1,1,0,1,0,0,0.0,-222.49953995497324,1
0,1,0,1,0,0,1,0,0,1,1,0,0,1,1,1,0,0,1,1,1,0,0,1,0,1,1,1,0,1,1,0,0.0,-222.49940625757614,1
0,1,1,1,0,1,0,0,1,1,0,1,1,0,0,1,1,1,0,1,1,0,0,0,0,1,1,1,0,0,1,0,0.0,-222.49934354093327,1
1,0,1,0,1,1,0,1,1,1,0,0,0,1,0,1,1,0,1,0,1,0,0,1,1,0,0,1,0,1,1,0,0.0,-222.4936926665164,1
0,1,0,0,0,0,1,0,0,0,1,0,0,0,0,1,0,0,1,1,0,0,0,1,1,1,1,1,1,1,1,1,0.0,-222.49364015189292,1
0,0,1,0,0,1,0,0,1,1,1,0,1,0,0,0,1,1,1,0,0,0,1,0,0,1,1,1,0,0,1,1,0.0,-222.49216811646926,1
0,1,1,0,0,0,0,0,1,1,1,0,0,0,1,0,1,0,0,1,1,1,1,1,1,0,1,1,0,1,0,1,0.0,-222.49104959029643,1
0,1,0,0,1,0,1,0,1,1,1,0,0,0,1,1,1,1,1,0,0,0,1,1,0,1,0,1,0,1,0,1,0.0,-222.48323094669726,1
1,0,1,0,1,1,0,1,0,1,0,0,1,0,1,1,1,0,1,0,1,0,1,1,0,0,0,1,0,1,1,0,0.0,-222.48190232656626,1
0,0,0,0,0,1,0,1,1,1,1,0,1,1,1,0,0,1,1,1,1,0,1,0,1,1,1,0,0,0,0,1,0.0,-222.4800461573136,1
0,0,0,0,0,0,1,1,1,1,1,1,0,0,1,0,0,1,1,0,1,0,1,1,1,1,0,1,1,1,0,0,0.0,-222.4783899053209,1
0,0,1,0,0,0,0,0,1,1,1,1,1,0,1,0,1,1,1,0,1,0,1,1,1,0,1,1,0,1,0,0,0.0,-222.4773241475264,1
1,1,1,0,1,0,0,1,0,1,0,1,0,1,1,0,1,0,0,1,1,0,0,1,0,0,1,1,0,1,1,0,0.0,-222.45182991281783,1
0,1,0,1,1,1,1,0,1,1,0,0,1,0,1,1,0,0,0,0,0,1,0,1,1,0,1,1,0,1,0,1,0.0,-222.45086941363718,1
0,1,1,0,0,1,0,1,1,1,1,1,1,1,1,1,1,0,0,0,0,0,0,1,0,0,1,1,0,0,1,0,0.0,-222.4491112408053,1
0,1,1,0,1,0,1,1,0,1,0,1,0,0,0,1,0,0,0,0,0,0,1,1,1,1,0,1,0,0,1,1,0.0,-222.43487102001998,1
0,1,0,1,1,1,0,0,1,1,1,1,0,0,0,1,0,0,1,0,0,0,1,1,0,0,1,1,1,1,1,0,0.0,-222.43484512745326,1
0,0,0,0,1,1,0,1,0,1,0,0,0,1,0,0,1,1,1,1,0,1,0,1,1,0,1,1,1,1,0,1,0.0,-222.43230707849958,1
0,1,0,0,0,0,1,0,1,0,1,1,0,1,0,0,0,0,0,1,1,0,0,1,1,1,1,1,0,0,1,1,0.0,-222.4050039237982,1
0,1,0,1,0,1,1,0,1,1,0,1,1,0,1,0,1,1,0,1,0,0,0,1,1,1,0,0,0,1,1,0,0.0,-222.4039263810664,1
0,0,1,0,0,1,1,1,1,1,0,0,0,0,0,1,0,1,0,0,1,0,1,0,1,1,1,0,0,0,1,1,0.0,-222.4022206415158,1
0,0,0,1,0,0,1,1,1,0,1,1,0,1,1,0,0,0,0,0,0,0,0,1,1,1,1,0,0,1,1,1,0.03125,-222.40177308693836,1
0,0,0,0,1,0,1,1,1,1,1,0,1,0,0,0,1,0,1,0,0,0,0,1,1,1,0,1,0,0,1,1,0.0,-222.39083721768284,1
0,1,0,0,1,0,1,0,1,1,1,0,0,0,1,1,0,0,1,1,0,0,0,1,1,1,1,1,0,1,1,0,0.0,-222.38525093444656,1
0,0,1,1,0,0,1,1,1,1,1,0,1,1,1,0,0,0,0,0,0,0,1,1,0,1,1,1,0,1,0,1,0.0,-222.38437435812756,1
0,1,1,0,1,0,1,0,1,0,1,1,0,1,0,0,1,1,1,0,1,0,0,0,0,1,1,1,1,0,0,1,0.0,-222.38148301765648,1
1,0,0,0,0,1,1,0,1,1,0,1,1,0,1,0,1,0,1,1,0,0,0,0,1,1,1,0,0,0,0,1,0.0,-222.37731110360951,1
0,0,0,0,1,1,1,0,1,1,1,0,1,0,0,1,1,1,1,0,0,0,0,0,1,1,1,1,1,0,1,0,0.0,-222.37549493624158,1
0,0,1,0,0,1,1,0,1,1,1,1,0,0,0,1,1,0,0,1,0,0,0,1,0,0,1,1,0,1,1,0,0.0,-222.34521139227624,1
0,0,1,0,0,1,0,1,0,0,1,1,1,1,0,0,1,1,1,1,0,0,0,1,1,0,1,0,1,1,0,1,0.0,-222.34070073503702,1
0,1,1,1,1,0,0,0,0,1,1,0,0,0,1,0,1,0,0,1,0,1,0,1,1,1,0,1,0,1,1,1,0.0,-222.3381921689629,1
0,1,1,0,0,1,1,0,0,1,0,0,0,1,1,1,0,1,1,1,0,0,0,1,0,1,1,1,0,1,1,0,0.0,-222.33643585257028,1
0,1,1,0,0,1,1,0,1,1,1,1,0,1,1,1,0,1,0,0,0,0,0,1,0,1,0,1,1,0,1,0,0.0,-222.32212157933807,1
0,0,1,1,0,1,0,0,1,1,1,0,1,0,1,0,1,1,1,1,0,0,0,1,1,1,1,0,0,0,0,1,0.0,-222.29966128583538,1
0,0,1,0,0,0,0,0,1,1,1,1,1,0,0,0,1,1,0,0,0,0,1,1,1,0,1,1,0,0,1,1,0.0,-222.29385206511284,1
0,0,0,0,0,0,0,1,0,1,1,0,0,1,1,0,0,0,1,1,0,0,0,1,1,0,1,1,1,1,1,1,0.0,-222.2901694209341,1
0,0,1,0,1,1,1,0,0,1,1,0,0,0,0,1,0,0,1,1,0,0,0,0,1,0,1,1,1,1,0,1,0.0,-222.28661843775816,1
0,0,0,0,1,1,1,1,1,1,0,0,0,1,0,0,0,0,1,0,1,0,1,0,1,1,0,1,1,1,1,1,0.0,-222.2811466562989,1
0,0,1,1,1,1,0,1,0,0,0,1,0,0,0,1,1,0,1,0,1,1,0,1,0,0,1,1,1,0,1,1,0.0,-222.27359263925618,1
0,0,0,0,1,1,1,1,1,0,1,0,0,1,1,0,0,0,1,0,1,0,0,1,1,0,1,1,1,1,1,0,0.0,-222.27245179104662,1
0,0,0,0,1,1,1,1,1,1,1,0,1,1,1,0,0,0,0,0,0,0,0,1,0,0,0,0,1,1,1,1,0.0,-222.25505698420653,1
0,1,0,0,0,0,1,1,1,1,1,1,0,1,0,1,1,0,1,1,0,0,0,1,0,0,0,0,0,0,1,1,0.0,-222.25097843947034,1
0,1,0,0,0,1,0,0,0,1,0,0,0,0,0,1,1,1,1,0,1,0,1,1,0,1,1,1,1,1,1,1,0.0,-222.24003970914012,1
0,0,1,0,1,0,0,0,0,1,0,0,0,1,1,0,1,1,1,1,1,0,1,1,0,1,1,1,0,0,1,1,0.0,-222.2076965130651,1
0,0,1,0,1,1,1,1,0,1,0,1,1,1,1,0,0,0,1,0,0,0,1,0,0,1,1,1,0,1,0,1,0.0,-222.19838794213638,1
0,0,1,0,0,1,0,0,0,1,1,0,1,1,0,1,1,1,0,1,0,0,1,1,0,0,1,1,0,1,1,1,0.0,-222.19533357619036,1
0,1,1,0,1,1,0,0,0,1,1,1,0,1,0,1,0,0,0,1,0,0,0,1,1,1,1,0,1,0,1,1,0.0,-222.17457859259972,1
1,1,0,1,1,0,1,0,0,1,1,1,1,0,1,1,0,0,0,0,0,1,0,0,0,0,1,1,0,1,1,1,0.0,-222.15417571392334,1
0,1,0,0,0,1,1,1,1,1,0,1,0,0,0,0,1,1,1,1,0,1,0,1,1,1,1,0,0,0,0,1,0.0,-222.1488208743502,1
0,0,1,1,0,1,0,0,0,1,1,0,0,0,0,1,1,1,1,1,1,0,1,1,0,0,0,1,1,1,0,1,0.0,-222.12849608500787,1
0,0,1,0,0,0,0,0,1,1,0,1,0,0,0,1,1,0,1,0,0,1,1,1,1,1,1,1,0,1,1,1,0.0,-222.11727865144255,1
1,0,0,0,0,0,1,0,1,1,1,0,0,0,0,0,0,1,1,0,1,0,1,1,1,1,0,1,1,1,1,1,0.0,-222.06236347488652,1
0,0,1,0,0,0,1,0,0,1,0,1,0,1,1,1,0,0,0,0,1,0,0,1,1,0,1,1,0,1,1,1,0.0,-222.04901693826255,1
0,0,1,0,1,1,1,0,1,1,0,1,1,1,0,0,1,1,1,0,1,0,0,0,0,0,1,1,1,0,1,0,0.0,-222.02928563456396,1
0,1,1,0,1,1,1,1,0,1,0,0,0,0,1,0,1,0,0,1,0,0,1,1,0,1,1,1,0,0,1,1,0.0,-222.02061597011746,1
0,0,1,0,0,1,1,0,1,1,1,1,1,0,1,0,0,1,1,1,0,0,0,1,0,1,0,1,0,1,1,0,0.0,-222.01896993067322,1
0,1,0,0,0,1,1,1,1,1,0,0,0,1,1,1,0,1,1,0,0,0,1,0,0,0,1,1,0,1,1,1,0.0,-221.95654350919847,1
0,1,1,0,0,1,1,0,0,1,0,1,1,1,0,0,1,1,0,1,1,0,0,0,0,0,1,1,1,1,0,1,0.0,-221.91843979533976,1
1,0,1,0,0,0,1,1,1,0,1,0,1,0,1,1,0,1,0,0,0,0,0,1,1,0,1,0,1,1,1,1,0.0,-221.79325694445473,1
0,1,0,1,0,1,1,0,1,1,1,1,1,1,1,0,0,0,0,0,0,0,0,1,0,0,1,1,0,1,1,1,0.0,-221.73540668998905,1
0,0,0,0,0,0,1,1,0,0,1,1,1,1,1,0,0,0,1,0,0,0,1,1,1,0,1,1,1,1,1,1,0.0,-221.6883368714866,1
0,0,0,0,0,1,1,0,1,1,1,0,1,1,1,0,1,0,1,0,1,0,0,1,0,0,1,1,0,1,1,1,0.0,-221.64519928296676,1
0,0,1,0,0,0,1,1,0,1,1,1,0,1,1,0,0,1,1,0,0,0,0,1,1,1,1,1,0,0,1,1,0.0,-221.60544778943995,1
0,0,1,0,0,0,1,0,1,1,0,1,0,1,0,1,1,1,1,1,0,0,0,1,0,0,0,1,1,1,1,1,0.03125,-221.58223919498292,1
0,0,0,0,1,0,1,1,1,1,0,0,1,1,1,0,0,1,1,0,1,0,0,1,0,0,1,1,0,1,1,1,0.0,-221.51070516891917,1
0,1,1,0,0,0,0,1,1,0,1,1,0,1,0,1,0,0,0,1,1,0,1,1,0,1,0,0,0,1,0,0,0.03125,-221.00995386659775,1
1,0,0,1,0,0,1,0,1,0,1,0,0,1,0,1,0,0,1,0,1,0,1,0,0,1,1,1,0,1,0,0,0.0,-220.99594779592368,1
0,1,0,1,0,0,0,0,1,0,0,1,1,1,0,1,0,1,0,0,1,0,1,1,0,1,1,1,0,0,0,0,0.0,-220.97565458372458,1
0,0,1,1,0,1,0,1,0,0,1,0,1,0,0,1,0,0,0,1,1,1,1,1,0,0,1,0,0,1,0,0,0.0,-220.9630229595796,1
0,1,0,1,0,1,0,0,1,0,1,0,0,1,0,0,1,1,0,1,0,0,1,1,1,0,1,0,0,1,0,0,0.0,-220.94555403793652,1
1,0,1,0,1,0,1,0,0,0,1,0,1,1,0,0,0,1,0,0,1,1,1,1,0,1,1,0,0,0,0,0,0.0,-220.93363496117414,1
0,0,0,1,0,1,0,1,0,0,0,0,1,1,1,0,1,1,1,0,0,0,1,1,1,1,0,1,0,0,0,0,0.0,-220.9316979597038,1
0,0,1,1,0,1,0,0,1,0,0,0,1,0,0,1,1,0,0,0,1,0,0,1,1,1,1,1,0,1,0,0,0.0,-220.89635605644128,1
0,1,0,0,0,1,0,1,0,0,0,0,0,1,1,1,1,1,0,1,0,0,0,1,1,1,1,1,0,0,0,0,0.0,-220.86933548223612,1
0,1,0,0,0,1,0,0,0,0,1,0,0,1,0,1,1,0,1,1,0,0,1,1,0,1,1,1,0,1,0,0,0.0,-220.8671405180688,1
0,1,0,0,0,0,0,1,1,0,1,0,0,1,1,0,1,0,1,0,0,0,1,1,0,1,1,1,1,0,0,0,0.0,-220.85782612223989,1
1,0,1,1,1,1,0,1,1,0,0,0,1,0,0,0,1,0,1,0,0,0,1,0,0,1,1,1,0,0,0,0,0.0,-220.8564389408909,1
0,1,0,1,0,1,0,1,0,0,1,0,0,1,1,0,0,1,0,1,1,0,1,0,1,0,1,1,0,0,0,0,0.0625,-220.855219969843,1
0,0,0,1,0,1,1,0,0,0,1,0,1,1,0,1,0,1,0,1,1,1,0,1,0,0,1,0,0,1,0,0,0.0,-220.83728310059666,1
0,1,0,0,0,1,0,0,1,0,1,0,1,0,1,0,1,0,0,1,0,0,0,1,1,1,1,1,0,1,0,0,0.0,-220.82935609725754,1
0,1,0,1,0,1,0,0,1,0,0,0,0,0,0,1,0,1,1,0,0,1,1,1,1,1,0,0,0,1,0,1,0.0,-220.82828724338688,1
1,0,0,1,0,1,0,0,0,0,0,0,1,0,0,1,1,1,1,0,0,1,1,0,0,1,1,0,0,1,1,0,0.0,-220.80755578829098,1
0,1,0,0,0,1,1,0,0,0,0,0,1,1,1,1,1,0,0,1,0,0,1,0,1,0,1,1,0,1,0,0,0.0,-220.7922190702973,1
0,1,1,1,0,0,1,0,1,0,0,0,1,0,1,1,0,1,0,0,0,0,1,1,1,1,0,1,0,0,0,0,0.0,-220.78517155912238,1
1,1,0,1,0,1,0,1,1,1,1,0,0,1,0,0,0,0,0,0,0,0,1,1,0,0,1,1,1,0,0,0,0.0,-220.78027927986662,1
0,0,1,0,1,1,0,0,1,0,1,1,0,0,0,0,0,1,0,1,0,1,0,1,0,1,1,1,0,1,0,0,0.0,-220.76834078511405,1
0,1,0,1,0,1,1,0,1,0,1,0,0,0,0,1,0,0,0,1,1,0,0,1,0,1,1,0,1,1,0,0,0.0,-220.7492244464074,1
0,1,0,0,1,1,0,1,1,0,1,0,1,0,0,1,0,1,0,0,0,0,1,1,0,0,1,1,1,0,0,0,0.0,-220.73703345486817,1
0,0,0,0,0,0,0,1,1,0,1,0,1,1,1,0,1,1,0,1,0,0,0,1,1,1,0,1,0,0,1,0,0.0,-220.73561608616345,1
0,1,1,1,0,0,0,0,0,0,1,1,0,0,0,0,0,1,1,1,1,0,1,1,1,1,1,0,0,0,0,0,0.0,-220.72499351248553,1
0,0,1,0,1,0,0,1,0,0,1,0,1,0,1,0,0,0,1,1,1,0,1,0,1,0,1,1,0,1,0,0,0.0,-220.72353030130006,1
0,1,0,0,0,1,1,0,1,0,1,0,0,0,1,1,0,0,0,1,0,0,1,1,1,1,1,1,0,0,0,0,0.0,-220.72246055154693,1
0,0,1,0,1,0,0,0,1,1,1,0,0,1,0,1,0,0,0,1,0,0,1,1,0,1,1,1,0,1,0,0,0.0,-220.7208076641963,1
0,1,0,1,0,1,0,0,1,0,0,0,1,0,0,1,1,1,1,0,0,1,1,1,0,0,1,0,0,0,0,1,0.0,-220.71533747705408,1
0,1,1,1,0,0,0,0,1,1,1,0,0,0,1,1,0,0,0,0,0,0,1,1,0,1,1,1,1,0,0,0,0.0,-220.71508405006355,1
0,0,0,0,1,0,0,1,1,1,1,0,1,1,0,1,1,1,0,1,0,0,0,0,0,0,1,1,0,1,0,0,0.0,-220.70640569048408,1
0,0,0,1,0,1,0,0,1,1,1,1,1,0,1,1,0,0,0,0,1,0,0,0,1,1,1,0,0,1,0,0,0.0,-220.7036290876759,1
0,0,1,0,0,0,0,1,0,0,1,0,1,1,0,0,1,1,1,1,0,0,1,0,0,1,1,1,0,0,1,0,0.0,-220.69904323329163,1
0,0,0,1,0,0,1,1,0,0,0,1,0,1,0,0,0,0,0,0,1,1,1,0,1,1,1,1,0,1,1,0,0.0,-220.69796632876134,1
0,1,0,1,0,1,0,0,1,0,1,1,0,0,0,0,1,1,0,0,0,0,1,1,0,1,1,0,0,1,1,0,0.0,-220.6961431900808,1
1,0,0,1,0,1,0,0,0,0,0,0,1,0,0,0,0,0,1,0,1,0,1,0,1,1,1,1,1,1,0,1,0.03125,-220.68679922288058,1
0,0,0,1,0,1,0,0,1,0,1,0,0,0,1,1,1,0,0,1,0,0,1,0,1,0,1,0,1,1,1,0,0.0,-220.68657274900292,1
0,1,1,0,0,0,0,1,0,0,1,0,1,0,1,0,0,0,0,1,0,0,1,0,1,1,1,1,0,1,1,0,0.0,-220.67707507822306,1
0,0,1,0,0,0,0,0,0,1,1,0,1,1,1,1,0,0,0,0,1,0,1,1,1,0,1,1,0,1,0,0,0.0,-220.67663494901205,1
0,1,0,0,1,1,0,0,1,0,1,0,0,0,1,1,0,0,1,1,0,0,0,1,1,0,1,0,1,1,0,0,0.0,-220.67305984569566,1
0,0,0,0,1,0,0,0,0,1,1,0,0,1,1,0,0,0,1,1,1,1,1,1,0,0,1,1,0,1,0,0,0.0,-220.6690962894497,1
0,0,0,1,0,0,0,1,1,0,1,0,1,1,1,0,0,1,0,0,0,1,0,0,0,1,1,1,0,1,0,1,0.0,-220.6669061712049,1
0,0,1,0,0,1,1,0,0,1,1,0,1,1,0,1,0,0,0,0,1,0,1,1,0,1,1,0,0,1,0,0,0.0,-220.6601900372435,1
0,1,0,0,0,0,0,1,1,1,1,0,1,1,1,1,0,0,0,0,0,0,1,0,0,1,1,1,0,0,1,0,0.0,-220.65807334603764,1
0,0,1,0,0,1,0,1,1,1,1,0,0,0,0,0,1,1,0,0,1,0,1,1,0,1,1,0,0,1,0,0,0.0,-220.65015805595286,1
0,1,1,0,1,0,1,0,1,0,0,0,0,0,1,0,1,0,0,1,0,0,1,1,1,0,1,1,0,1,0,0,0.0,-220.64569633750622,1
0,0,1,0,0,0,1,1,1,1,0,0,1,0,0,1,1,0,0,1,0,1,1,0,0,1,1,1,0,0,0,0,0.0,-220.64135244142068,1
0,0,0,1,0,0,0,0,1,1,1,1,1,1,0,0,1,1,0,0,0,0,1,1,1,0,1,1,0,0,0,0,0.0,-220.64130803388952,1
0,0,0,1,0,0,0,1,1,0,1,0,1,0,1,1,0,1,0,0,0,1,1,1,0,0,1,1,0,0,1,0,0.0,-220.62528206431202,1
1,1,0,0,0,1,0,0,1,1,0,1,0,1,1,0,0,1,0,0,1,0,1,1,0,0,1,1,0,0,0,0,0.0,-220.6210364218509,1
0,1,1,0,1,0,1,0,0,1,1,0,1,1,0,0,0,0,0,0,1,1,0,1,0,1,1,1,0,0,0,0,0.0,-220.6206094295779,1
0,0,0,1,0,0,0,0,1,0,1,1,0,0,1,1,1,0,0,0,1,0,1,0,0,1,1,1,1,0,0,1,0.03125,-220.6190687556183,1
0,0,1,0,0,0,0,0,0,1,1,0,0,1,0,0,1,1,0,1,0,1,1,1,0,1,1,1,0,1,0,0,0.0,-220.61783060358601,1
0,1,0,0,0,0,0,0,1,1,1,0,1,1,0,0,0,1,1,1,0,0,1,1,0,0,1,1,0,1,0,0,0.0,-220.6128400711621,1
1,1,1,0,0,0,0,0,0,0,0,1,1,0,0,1,0,1,0,1,1,0,0,0,1,1,1,1,0,0,1,0,0.0,-220.6115315480606,1
0,1,0,1,0,1,1,0,0,1,1,0,1,1,0,1,0,1,0,0,0,0,1,0,1,0,1,1,0,0,0,0,0.0,-220.6111465176825,1
0,0,0,0,1,0,0,0,0,0,0,0,0,0,1,1,1,1,0,1,1,0,1,1,1,0,1,1,0,1,0,1,0.0,-220.61107215543296,1
0,1,0,1,0,1,0,0,1,0,1,1,0,0,0,1,1,0,0,0,0,1,0,0,0,0,1,1,1,1,1,0,0.0,-220.6089932808734,1
0,1,0,0,1,1,0,0,0,1,1,0,1,1,0,0,1,0,1,1,0,1,0,1,1,0,1,0,0,0,0,0,0.0,-220.606943550404,1
1,1,0,0,0,1,0,1,1,1,0,1,0,0,1,1,0,1,0,1,0,0,1,1,0,0,1,0,0,0,0,0,0.0,-220.5969967100327,1
0,1,1,0,0,1,0,0,1,0,1,0,0,0,1,1,1,0,0,0,1,0,0,1,1,0,1,0,0,1,1,0,0.0,-220.59425268991052,1
0,0,0,0,1,1,0,1,0,1,0,0,0,1,0,0,0,0,1,0,1,0,1,1,1,1,1,0,0,1,1,0,0.0,-220.59151829271016,1
0,1,1,1,0,0,1,0,1,0,1,1,0,1,0,0,0,0,1,1,0,0,0,1,1,1,1,0,0,0,0,0,0.0,-220.58783309713587,1
0,1,0,0,1,0,0,0,1,1,1,0,0,0,0,1,1,0,0,1,0,0,0,1,1,1,0,1,1,1,0,0,0.0,-220.58077361689766,1
0,1,1,0,0,0,0,0,0,1,0,1,1,0,1,0,1,1,0,0,1,0,1,1,1,1,0,0,0,1,0,0,0.0,-220.58068976465117,1
0,1,1,0,0,0,0,0,0,0,1,1,0,1,0,0,1,0,0,1,0,0,1,1,1,1,1,1,0,0,1,0,0.0,-220.57782130917465,1
0,0,1,0,0,0,1,0,0,0,1,1,0,0,1,1,1,0,0,1,1,0,1,1,0,1,1,0,1,0,0,0,0.0,-220.57350119505682,1
0,1,0,0,0,0,0,0,0,0,1,0,0,0,1,1,1,1,0,1,1,0,0,1,0,1,1,1,0,1,0,1,0.0,-220.57185277969566,1
0,0,0,0,1,1,1,1,1,1,1,0,0,1,0,1,0,0,0,1,0,0,0,1,1,0,0,0,1,1,0,0,0.0,-220.56742745272032,1
1,0,1,0,0,0,0,0,1,1,0,0,1,1,0,1,0,0,0,1,0,0,0,1,1,1,1,0,0,1,1,0,0.0,-220.56156046391575,1
0,0,0,0,0,1,0,0,1,0,1,1,1,1,0,0,1,0,0,1,0,1,0,1,1,0,1,1,0,0,0,1,0.0,-220.56100800138262,1
0,1,1,0,1,0,0,1,0,0,0,0,1,0,0,1,0,0,1,1,0,1,0,1,1,0,1,1,0,0,1,0,0.0,-220.55826928986477,1
0,0,1,0,0,0,0,0,1,1,1,0,1,1,0,1,1,0,1,0,0,0,1,1,0,0,1,1,0,1,0,0,0.0,-220.55633004558035,1
0,1,0,0,1,1,0,0,0,1,1,0,0,0,1,1,0,0,0,1,0,0,1,1,1,0,1,1,1,0,0,0,0.0,-220.55619223290236,1
0,1,0,0,1,1,0,0,1,1,1,1,1,0,1,0,0,0,0,0,0,0,1,1,1,1,0,0,0,0,1,0,0.0,-220.5548102247543,1
0,0,1,1,0,1,0,0,1,1,0,0,0,1,0,1,1,0,0,0,1,1,0,0,1,0,1,1,0,0,1,0,0.0,-220.55215091482836,1
0,1,1,0,1,1,0,0,1,0,0,1,0,0,1,1,0,0,1,1,0,0,0,1,0,0,1,1,0,1,0,0,0.0,-220.54907850358333,1
0,0,1,0,1,0,0,0,1,1,1,0,1,0,1,1,0,1,1,0,0,1,0,0,0,0,0,1,1,1,0,0,0.0,-220.54292840932067,1
0,0,1,0,0,1,0,0,1,1,0,0,1,0,1,0,0,0,0,1,1,0,0,1,1,1,1,1,0,1,0,0,0.0,-220.53800818228999,1
0,1,1,1,0,0,0,0,1,1,1,0,0,0,1,1,1,0,1,0,0,1,0,0,0,1,1,0,0,0,1,0,0.0,-220.53504062892847,1
0,1,0,0,0,1,0,0,1,1,0,0,0,0,1,1,1,0,0,1,0,0,1,1,0,1,1,1,0,0,1,0,0.0,-220.53457267699042,1
0,0,1,0,0,1,0,1,0,1,0,0,0,1,1,0,0,1,1,1,1,0,0,1,1,1,0,1,0,0,0,0,0.0,-220.5215977109969,1
0,1,0,0,1,0,0,0,0,1,1,1,1,0,0,0,1,0,0,1,0,0,1,0,1,1,1,1,0,1,0,0,0.0,-220.52000414876545,1
0,1,0,0,0,0,1,1,0,0,1,0,0,1,1,1,1,0,0,0,1,0,0,0,1,1,1,1,0,0,1,0,0.0,-220.51677315008303,1
0,1,1,0,0,0,0,0,1,0,1,0,1,0,0,1,0,1,1,0,0,0,1,1,1,0,1,1,0,0,1,0,0.0,-220.50760342070683,1
0,1,0,1,0,0,1,1,1,1,0,1,1,1,0,0,0,0,0,0,0,0,0,1,1,1,1,1,0,0,0,0,0.03125,-220.5057435067173,1
0,1,0,0,0,0,0,0,1,1,0,0,1,0,1,0,1,0,1,1,1,0,0,1,0,1,1,1,0,1,0,0,0.0,-220.5027145834016,1
0,0,1,1,0,0,1,1,1,1,0,1,0,1,1,0,1,0,0,0,0,0,1,1,0,1,1,0,0,0,0,0,0.0,-220.50182835987292,1
1,0,0,0,0,0,1,0,0,0,1,1,1,1,1,0,1,0,1,0,1,0,0,1,1,1,0,0,0,0,1,0,0.0,-220.49461287696198,1
0,1,0,1,0,1,0,0,1,1,1,0,0,0,0,1,1,0,1,1,0,0,1,0,1,0,1,0,1,0,0,0,0.0,-220.48942971723798,1
0,1,1,1,0,0,0,0,0,1,1,0,1,1,0,0,1,0,0,1,0,0,0,1,0,0,1,1,1,1,0,0,0.0,-220.48556824934136,1
1,0,0,1,1,0,0,0,1,0,0,1,1,1,0,0,1,0,0,0,1,0,1,0,0,0,1,1,0,0,1,1,0.0,-220.4827991431463,1
1,1,1,0,0,1,0,1,0,0,1,0,0,0,1,1,1,0,0,0,0,0,0,1,0,0,1,1,0,1,0,1,0.0,-220.4824720581954,1
0,0,0,1,0,1,0,0,0,1,0,0,1,0,0,0,1,0,0,1,1,0,1,1,0,1,1,0,1,1,1,0,0.0,-220.4760303430307,1
0,1,0,0,0,0,0,0,1,1,1,0,1,0,1,0,0,1,1,0,0,0,0,1,0,1,1,1,1,1,0,0,0.0,-220.46959956026288,1
0,0,1,1,1,0,1,0,0,0,0,0,0,1,0,1,1,0,1,0,0,1,0,1,0,0,1,1,0,1,0,1,0.0,-220.461206046228,1
0,1,0,0,0,0,1,0,1,0,0,1,0,1,1,0,1,0,0,1,0,1,1,1,0,0,1,1,0,0,1,0,0.0,-220.45914955625457,1
0,0,0,0,1,0,1,0,1,1,1,0,0,0,0,1,1,0,1,0,0,0,0,1,1,1,1,1,0,1,0,0,0.0,-220.4526857174051,1
1,0,0,0,0,1,0,1,0,1,0,1,1,0,1,0,0,1,1,0,0,0,0,0,1,1,1,1,0,1,0,0,0.0,-220.45070753712793,1
0,0,1,0,0,0,0,0,1,1,1,0,1,1,1,0,1,1,1,1,0,0,0,1,0,0,1,0,0,1,0,0,0.0,-220.43992103210084,1
0,1,0,0,0,0,0,0,1,0,1,0,1,1,0,1,1,0,1,0,0,0,0,1,1,0,0,1,0,1,1,1,0.0,-220.43719658825404,1
0,0,0,0,0,1,0,0,0,0,0,1,0,1,0,1,0,1,1,1,1,0,0,1,0,1,1,1,1,0,0,1,0.0,-220.43593447645577,1
0,1,0,0,0,0,0,1,0,0,1,0,0,0,1,1,1,1,1,0,0,0,0,1,1,0,1,1,0,1,1,0,0.0,-220.43259539684095,1
0,1,0,0,1,0,1,1,1,0,0,1,0,0,1,0,0,0,1,0,1,0,1,1,1,0,0,1,1,0,0,0,0.0,-220.42908215023735,1
0,1,0,0,1,0,0,1,1,1,1,0,1,0,1,0,0,0,1,1,0,0,0,1,0,0,1,1,0,1,0,0,0.0,-220.42443019559113,1
0,1,1,0,1,1,0,0,0,1,0,0,1,0,1,1,0,1,1,0,0,0,0,1,1,0,1,1,0,0,0,0,0.0,-220.411366024579,1
0,0,0,0,0,1,0,1,1,1,1,0,0,1,1,0,1,0,1,1,1,0,0,0,0,1,0,0,1,0,1,0,0.0,-220.4107114479062,1
0,0,1,1,0,1,0,0,1,0,0,1,0,0,1,1,0,0,1,0,0,0,0,1,1,0,1,1,1,1,0,0,0.0,-220.409928726559,1
1,1,1,0,0,0,0,0,1,1,1,0,0,1,0,0,0,0,0,0,1,0,1,1,0,0,1,1,0,1,0,1,0.0,-220.4067794388191,1
0,0,1,0,1,0,0,0,1,1,1,1,0,0,0,1,1,0,0,1,0,1,0,1,0,0,1,1,0,1,0,0,0.0,-220.39831362369895,1
0,0,1,0,1,1,0,1,1,1,1,0,0,0,0,0,0,1,0,0,0,1,0,1,0,0,1,1,0,1,1,0,0.0,-220.39820679698684,1
0,1,0,0,0,0,0,0,0,1,0,1,1,1,1,0,1,1,1,0,1,0,0,1,0,0,1,1,1,0,0,0,0.0,-220.37563167399867,1
0,1,0,1,1,0,0,1,1,0,1,1,0,1,0,0,0,0,0,0,0,0,0,1,1,0,0,1,0,1,1,1,0.0,-220.3716378537144,1
1,0,1,0,1,1,0,0,0,0,0,0,0,1,1,0,0,0,1,1,0,0,0,0,0,1,1,1,0,1,1,1,0.0,-220.3706708614179,1
0,0,0,0,0,0,1,0,1,0,1,0,1,1,1,1,0,0,1,0,0,0,1,1,0,1,1,1,0,0,0,1,0.0,-220.36751266654267,1
0,0,0,0,1,1,0,1,1,1,1,0,1,0,1,0,0,0,1,1,0,0,0,1,1,0,1,1,0,0,0,0,0.03125,-220.36511860094623,1
0,1,1,0,1,0,0,0,1,1,0,1,0,0,0,1,0,0,1,1,1,0,1,1,0,0,0,1,0,1,0,0,0.0,-220.36447699142107,1
0,0,1,0,0,1,0,0,1,0,1,0,0,1,1,0,0,0,1,1,1,1,0,1,0,0,1,0,1,0,0,1,0.0,-220.36146322718673,1
1,0,1,1,0,1,0,1,1,0,0,0,1,1,0,1,0,0,1,1,0,1,1,1,1,1,0,0,1,1,0,0,0.0,-220.35971581662926,1
0,1,0,0,1,1,1,1,0,0,0,0,1,0,1,1,0,0,0,1,1,0,0,0,0,0,1,1,0,1,1,0,0.0,-220.3579368742472,1
0,0,0,0,0,1,1,0,1,1,0,0,1,1,1,0,1,1,1,1,0,0,1,1,0,0,1,0,0,0,0,0,0.0,-220.35090560063665,1
0,1,1,0,0,0,0,1,1,1,0,1,1,0,0,1,0,0,1,0,0,0,0,1,1,0,1,1,0,1,0,0,0.0,-220.3467058747016,1
0,1,0,0,1,0,1,0,0,0,1,0,1,1,0,1,1,1,1,1,0,1,1,0,1,1,1,1,1,0,0,0,0.0,-220.30817251649813,1
0,0,1,0,0,1,0,0,1,1,0,0,0,1,1,1,0,0,1,0,1,0,1,1,0,0,1,0,0,1,0,1,0.0,-220.30106005762107,1
0,0,1,0,1,1,0,0,0,1,1,0,0,1,1,0,1,0,0,1,0,0,1,1,1,0,0,1,0,0,1,0,0.0,-220.29990641977574,1
0,1,0,0,1,0,1,0,1,0,1,0,0,1,0,0,0,1,1,0,0,0,1,1,1,0,1,1,0,0,0,1,0.0,-220.29766380472788,1
1,0,1,0,0,1,0,0,1,1,1,0,0,0,0,1,0,0,1,0,0,1,1,1,0,0,1,0,1,0,0,1,0.0,-220.29519217189622,1
0,0,1,1,0,0,1,0,0,0,0,1,0,1,0,0,0,0,0,1,0,0,0,1,1,1,1,1,1,1,1,0,0.0,-220.28188236894295,1
0,0,0,1,0,1,0,0,1,0,1,1,0,1,0,1,0,0,1,1,0,0,0,1,1,0,0,0,0,1,1,1,0.0,-220.2811370366048,1
0,1,1,0,1,1,1,0,1,0,1,0,0,0,0,0,0,1,0,1,1,0,0,1,1,0,1,0,0,0,1,0,0.0,-220.2805245410492,1
0,0,1,0,0,1,1,0,1,1,0,0,0,1,0,0,0,1,1,1,0,1,0,0,0,0,1,1,1,1,0,0,0.0,-220.27543178598927,1
0,0,0,0,0,1,1,0,0,1,1,0,0,1,0,0,1,0,1,1,1,0,1,1,0,1,1,0,0,0,1,0,0.0,-220.2671805398471,1
0,0,0,1,1,1,1,0,0,1,1,1,0,1,1,0,1,0,1,0,0,0,0,1,0,0,1,1,0,0,0,0,0.0,-220.2661058476685,1
0,1,0,0,0,1,0,0,1,1,1,0,1,0,0,1,0,1,0,0,0,0,1,0,1,0,0,1,0,1,1,1,0.0,-220.25282483463627,1
0,1,0,0,1,0,1,0,0,0,0,1,0,0,1,0,0,0,0,1,0,1,0,1,1,0,1,1,1,1,1,0,0.0,-220.24944708037486,1
0,0,1,0,0,1,1,1,0,0,1,0,0,1,0,1,0,0,0,1,0,0,0,0,1,1,1,0,0,1,1,1,0.0,-220.2442550406042,1
0,0,1,0,1,1,0,1,0,1,0,0,1,0,0,1,1,0,0,0,1,0,0,1,1,0,1,1,0,0,0,1,0.0,-220.2437179512178,1
0,0,0,0,0,0,1,0,1,1,1,0,0,0,1,1,1,0,1,1,0,0,0,1,1,0,1,1,0,1,0,0,0.0,-220.23938162862967,1
0,1,1,0,0,1,0,0,1,1,0,1,0,0,0,1,1,0,0,1,0,0,0,1,0,1,1,0,0,1,1,0,0.0,-220.23890260336995,1
0,0,0,0,1,1,0,0,1,1,1,0,1,1,1,1,1,0,0,1,0,0,1,1,1,1,1,1,0,1,0,0,0.0,-220.2320741381413,1
0,0,1,0,0,0,1,1,0,1,0,0,0,1,1,0,1,0,0,0,1,0,1,0,1,1,1,0,0,1,0,1,0.0,-220.22279883772492,1
0,0,1,1,1,1,0,0,0,1,1,1,0,1,1,1,0,0,0,0,0,0,0,1,1,0,0,1,0,0,0,1,0.0,-220.2191716600495,1
0,1,1,1,0,1,0,0,1,0,1,0,0,1,1,0,0,1,0,0,1,1,0,1,1,1,1,1,0,1,1,0,0.0,-220.21892618347687,1
0,1,1,0,0,1,1,0,1,1,0,0,0,0,0,0,0,1,1,1,0,0,1,1,0,0,1,0,1,1,0,0,0.0,-220.217518518116,1
0,0,1,1,0,1,0,1,1,0,1,0,1,1,1,1,0,0,0,1,1,1,0,0,1,0,1,1,0,1,1,0,0.0,-220.21107042862127,1
0,0,1,0,0,0,0,0,1,1,0,0,0,1,0,0,1,1,1,0,1,0,1,0,1,0,1,1,1,0,0,1,0.0,-220.2092267467224,1
0,0,1,1,0,1,0,1,1,1,0,0,0,0,1,0,1,1,0,0,0,0,0,1,1,0,1,0,0,1,0,1,0.0,-220.1996686113552,1
0,0,1,1,1,1,1,0,1,1,0,0,0,1,0,1,0,0,1,0,0,0,0,1,0,0,0,1,1,0,1,0,0.0,-220.19789209863376,1
0,0,0,1,0,1,0,1,0,1,0,0,1,1,1,0,0,1,0,1,0,0,1,0,0,0,1,0,0,1,1,1,0.0,-220.18906777406252,1
0,0,1,0,0,1,0,0,1,0,1,1,0,0,0,0,0,1,1,1,0,0,0,1,1,0,1,1,0,1,1,0,0.0,-220.1824012272692,1
0,0,0,1,0,0,0,1,1,1,1,0,0,0,1,1,0,1,1,0,1,0,0,0,0,0,1,1,0,1,0,1,0.0,-220.1698814543885,1
0,0,0,0,1,1,1,0,0,1,0,1,1,0,0,1,1,0,1,0,0,0,0,1,1,0,1,1,0,1,0,0,0.0,-220.16880815216606,1
0,1,0,0,0,0,0,0,0,1,0,1,0,0,1,1,1,0,1,0,1,0,0,1,1,0,1,1,0,1,1,0,0.0,-220.16122803370038,1
0,1,0,0,1,1,0,0,1,1,1,0,0,0,1,1,0,0,0,0,0,0,1,1,0,0,1,1,0,0,1,1,0.0,-220.154537421695,1
0,0,0,0,0,1,0,0,1,1,0,0,0,0,0,1,0,0,1,0,1,0,1,1,0,1,1,1,0,1,1,1,0.0,-220.15370319069686,1
0,1,0,0,1,1,0,0,1,0,1,1,1,0,1,1,1,0,0,1,0,0,1,1,1,1,1,0,0,1,1,0,0.0,-220.12883511212118,1
0,0,0,1,1,1,0,0,1,0,1,0,1,1,1,1,0,1,1,1,0,0,0,0,1,1,1,1,0,1,0,1,0.0,-220.11691898847766,1
0,0,1,0,0,0,1,1,1,1,1,0,0,1,0,0,1,1,0,0,0,0,0,1,1,0,1,1,0,0,1,0,0.0,-220.10918824486487,1
1,0,1,1,1,0,0,0,1,0,0,1,0,0,1,1,0,1,1,1,1,0,0,1,1,1,1,1,0,1,0,0,0.0,-220.0934514350463,1
0,0,0,1,0,0,0,1,1,0,1,1,1,0,0,0,1,0,0,0,0,0,0,1,1,0,1,1,0,1,1,1,0.0,-220.08611873419437,1
0,1,0,1,0,1,1,0,0,0,1,0,1,0,1,1,0,1,0,0,0,0,0,0,1,0,1,1,1,0,0,1,0.0,-220.08003138964676,1
1,0,0,1,0,0,1,1,1,0,1,1,0,1,1,0,0,1,1,1,1,1,0,1,0,1,1,1,0,0,0,0,0.0,-220.07449482729118,1
0,0,1,1,0,0,0,0,0,1,1,0,0,0,1,1,1,1,1,0,0,0,0,1,1,0,0,1,0,1,0,1,0.0,-220.07272450979593,1
0,1,0,1,1,1,0,1,0,1,1,0,0,1,1,0,1,0,1,1,1,1,0,1,0,0,1,1,0,1,0,0,0.0,-220.04948606412563,1
0,0,1,0,0,0,0,0,1,1,0,1,1,1,0,0,0,0,1,0,0,0,1,0,1,1,0,1,0,1,1,1,0.0,-220.0358452882101,1
0,0,0,0,1,1,0,0,0,1,0,0,1,1,1,0,0,0,1,1,1,1,1,1,1,1,1,1,0,1,1,0,0.0,-220.03303817100334,1
0,0,0,1,1,1,0,0,1,0,1,0,1,0,1,1,1,1,1,1,0,0,0,1,0,1,1,1,0,1,1,0,0.0,-220.03204776324014,1
0,1,0,0,0,1,0,1,1,0,0,1,1,1,0,1,1,0,1,1,1,0,0,1,0,1,1,0,1,1,1,0,0.0,-220.02028308309576,1
1,1,1,0,0,0,0,0,1,0,1,0,1,1,0,1,1,1,1,0,0,0,0,1,0,1,1,1,1,1,0,1,0.0,-220.0183663505269,1
0,0,1,0,0,1,0,1,0,0,1,0,1,1,1,1,0,0,1,1,0,0,1,1,0,1,1,1,1,1,1,0,0.0,-220.00950060908224,1
0,0,0,0,0,1,1,0,1,1,0,0,1,0,0,0,0,0,0,1,1,0,1,1,1,0,1,1,0,1,0,1,0.0,-220.0035939776484,1
1,0,1,0,0,1,0,0,1,1,1,0,0,0,1,0,1,0,1,0,0,0,0,0,1,0,1,1,0,1,0,1,0.0,-220.000311378591,1
0,0,1,0,0,1,0,1,1,1,1,1,0,0,1,0,0,0,1,1,0,0,0,0,1,1,1,0,0,0,0,1,0.0,-219.98603049443003,1
0,1,1,0,0,0,0,1,1,1,1,0,0,1,0,1,1,1,0,0,0,0,1,1,1,1,1,1,0,1,1,0,0.0,-219.98494954704216,1
0,0,0,0,0,1,1,1,1,1,0,0,0,0,0,1,0,0,0,0,0,0,1,1,1,1,1,1,0,0,1,1,0.0,-219.98190955550865,1
0,1,1,0,1,1,0,0,0,1,1,0,1,1,1,0,0,0,0,1,1,1,0,1,0,1,1,1,0,1,1,0,0.0,-219.97983166555372,1
1,1,1,0,0,1,0,0,0,0,1,0,0,0,0,1,1,1,0,1,1,1,1,0,1,1,1,1,0,0,1,1,0.0,-219.93972019606286,1
0,1,1,0,1,1,1,1,1,0,1,0,1,1,0,0,1,1,0,0,1,0,0,1,0,0,1,1,1,1,0,0,0.0,-219.91062743898306,1
0,1,0,0,0,0,0,1,1,1,0,1,1,0,0,1,0,0,0,0,0,0,0,1,1,0,1,1,0,1,1,1,0.0,-219.90505881025302,1
0,1,0,0,1,1,0,0,1,1,1,1,1,1,1,0,1,0,1,0,1,1,1,1,0,0,0,0,0,1,0,1,0.0,-219.89095114594306,1
0,0,1,0,0,1,1,1,1,0,1,0,1,0,1,0,1,0,1,0,0,0,1,1,1,1,1,1,1,1,0,0,0.0,-219.87385312412033,1
0,1,1,0,1,1,0,0,0,0,1,1,0,0,1,0,0,0,1,0,0,1,1,1,1,1,1,1,1,1,1,0,0.0,-219.8543830326273,1
0,1,1,0,0,1,1,0,0,0,1,1,1,1,1,1,1,1,1,0,0,0,1,1,0,0,1,1,0,1,0,0,0.0,-219.85218235972877,1
0,0,0,1,0,1,1,1,1,1,1,0,1,1,0,0,1,1,0,1,0,0,1,0,0,1,1,1,0,1,1,0,0.0,-219.84962506363314,1
0,0,1,0,0,1,0,0,1,1,1,1,1,0,1,0,0,0,0,0,0,0,1,0,1,0,0,1,1,0,1,1,0.0,-219.83267724841406,1
0,1,1,0,0,1,0,0,0,1,1,1,0,0,1,1,0,1,1,0,1,1,1,1,1,0,1,1,0,1,0,0,0.0,-219.81433854348688,1
0,1,1,1,0,0,1,0,1,1,0,0,0,0,0,0,0,1,1,0,0,0,0,1,1,1,1,0,0,0,1,1,0.0,-219.79593931572063,1
0,0,0,0,1,0,1,0,0,0,1,1,1,1,1,1,0,1,0,0,1,0,1,1,0,1,1,1,1,1,1,0,0.0,-219.78560764378307,1
0,0,0,1,0,1,1,0,1,0,0,1,1,0,0,0,0,0,0,0,0,0,1,1,1,0,1,1,1,0,1,1,0.0,-219.76161531728079,1
1,0,0,1,0,1,0,0,1,1,1,1,0,0,1,0,1,1,0,1,1,0,1,1,0,1,1,0,0,1,1,0,0.0,-219.74886822874896,1
0,0,1,0,0,1,0,0,0,1,1,0,1,0,0,1,0,1,1,0,1,1,1,1,1,1,1,1,0,1,0,1,0.0,-219.73853680402783,1
0,0,1,1,0,1,0,1,1,1,1,1,1,1,1,1,0,0,1,0,0,0,0,0,0,1,1,1,0,1,1,0,0.0,-219.73181501843948,1
0,1,1,0,0,0,0,1,0,1,1,1,1,0,1,1,0,1,0,0,0,1,1,1,1,0,1,1,0,1,1,0,0.0,-219.69026469681006,1
1,0,0,1,1,1,1,1,0,1,1,0,1,1,1,0,1,0,0,0,1,0,1,1,0,0,1,0,0,1,0,1,0.0,-219.68461606823388,1
0,0,1,1,0,1,1,1,1,1,0,1,1,1,1,1,0,1,1,1,0,0,0,1,0,1,1,0,0,0,0,0,0.0,-219.68340056173832,1
1,0,1,0,0,1,1,0,1,0,1,0,1,0,0,1,1,0,1,1,1,0,1,1,1,0,1,0,0,1,0,1,0.0,-219.68314204163323,1
0,1,1,0,1,0,0,1,1,0,1,0,0,1,1,0,0,0,0,1,1,0,1,1,1,0,1,1,0,1,1,1,0.0,-219.65009013827972,1
0,1,1,1,0,0,1,0,1,1,1,0,1,1,1,0,1,1,1,1,0,0,0,1,1,0,1,1,0,0,0,0,0.0,-219.64460357426896,1
1,1,1,0,1,0,0,1,1,1,1,1,0,0,0,1,1,0,0,0,0,0,1,1,0,0,1,1,1,1,1,0,0.0,-219.62135033528557,1
0,1,1,0,1,1,0,0,1,1,1,1,0,1,0,0,1,0,0,1,0,0,0,1,1,1,1,1,0,1,0,1,0.0,-219.57809922292677,1
0,1,1,0,0,0,0,0,1,1,1,0,1,1,1,0,1,0,1,0,1,0,1,1,0,1,0,0,1,1,1,1,0.0,-219.55651861428925,1
0,1,0,1,0,0,0,0,1,1,1,0,0,1,1,0,0,1,0,1,0,0,1,1,0,1,1,1,1,1,1,1,0.03125,-219.55586047981302,1
1,1,1,0,0,1,1,0,1,1,1,0,1,1,0,0,1,1,0,0,0,0,0,1,1,1,1,1,0,0,0,1,0.0,-219.5341692140397,1
0,0,0,0,0,1,1,1,1,0,1,1,1,1,1,1,0,0,0,1,1,0,0,1,1,0,1,1,0,1,1,0,0.0,-219.49261828830413,1
0,1,1,1,0,1,0,1,1,1,1,1,0,1,0,1,1,0,0,1,0,1,0,1,0,0,0,1,0,0,1,1,0.0,-219.4805107868293,1
1,0,0,0,0,0,1,1,1,0,1,1,1,1,0,0,1,1,1,0,0,0,0,1,1,0,1,1,1,1,1,0,0.0,-219.46520599921138,1
0,0,1,1,0,1,0,0,1,1,0,1,0,1,0,0,1,0,1,1,0,0,1,1,1,1,1,0,1,1,1,0,0.0,-219.45351634417517,1
1,1,1,0,1,0,1,0,1,1,0,1,0,1,0,0,0,1,1,0,0,0,0,1,0,1,1,1,1,1,1,0,0.0,-219.45281030219508,1
0,0,1,0,1,0,1,0,0,1,0,1,0,1,1,0,1,0,1,0,1,0,1,1,1,1,1,1,0,1,1,0,0.0,-219.43732246576496,1
0,0,1,1,1,1,1,0,0,0,0,0,1,0,1,0,0,0,1,0,1,1,1,1,1,0,1,1,0,1,1,1,0.0,-219.4339257000497,1
0,0,1,0,0,1,0,0,0,0,1,1,0,0,0,1,1,1,1,1,1,0,1,1,1,1,1,0,1,0,1,1,0.0,-219.42051586974964,1
0,1,1,0,1,1,1,1,1,0,1,0,1,0,0,1,0,0,1,1,1,0,0,0,1,0,1,1,1,0,0,1,0.0,-219.41977196103153,1
0,1,1,0,1,1,1,0,0,1,1,0,0,1,1,1,1,1,1,0,0,0,0,1,1,0,1,1,0,0,1,0,0.0,-219.41689231256663,1
0,1,0,1,0,1,0,0,1,1,1,0,0,0,0,1,0,1,1,1,1,0,0,1,0,1,1,1,0,1,1,1,0.0,-219.39417578846297,1
0,1,0,0,0,1,1,0,1,0,1,1,0,1,0,1,1,0,1,1,1,0,1,0,1,0,1,1,0,0,1,1,0.0,-219.38601246644203,1
0,1,1,0,0,1,0,0,1,1,1,1,0,0,0,1,1,0,1,1,0,0,1,1,0,1,1,1,1,0,0,1,0.0,-219.36944000695587,1
0,1,0,0,0,0,1,0,1,1,1,0,0,0,1,1,1,0,1,1,0,1,0,1,0,1,1,1,0,1,1,1,0.0,-219.24094879589114,1
1,1,1,1,0,1,1,0,0,1,1,1,0,0,0,0,0,1,1,1,1,1,0,0,1,0,1,0,0,1,0,1,0.0,-219.2088469759115,1
0,0,0,0,0,1,1,1,0,1,1,1,1,0,0,0,1,0,1,0,0,1,1,0,1,1,1,1,1,0,1,1,0.0,-219.1131030263947,1
0,0,1,0,0,1,0,0,1,1,0,0,1,0,1,0,1,1,1,1,0,0,0,1,1,1,1,0,1,1,1,1,0.0,-219.11108606535424,1
0,1,0,0,1,1,1,0,1,1,1,0,1,0,1,0,0,1,0,1,1,0,0,1,1,0,1,1,0,1,0,1,0.0,-219.0935656299605,1
0,0,0,1,0,1,0,0,1,0,0,0,1,1,1,1,1,0,0,1,1,1,1,1,0,0,0,0,0,0,0,0,0.0,-216.8712699841913,1
0,0,0,1,0,1,0,1,1,0,1,0,0,1,0,0,0,1,0,1,0,0,1,0,0,1,1,1,0,1,0,0,0.03125,-216.74963320099934,1
0,1,1,1,1,0,0,1,0,0,0,0,0,0,0,0,0,0,0,1,1,1,1,0,0,1,1,1,0,1,0,0,0.0,-216.7396279355174,1
0,1,1,0,0,1,0,0,1,0,0,0,0,1,0,0,0,1,1,0,1,1,1,1,1,0,0,1,0,0,0,0,0.0,-216.63568992160305,1
1,0,1,0,0,0,0,0,0,0,1,1,1,0,0,0,0,0,0,1,1,1,1,0,0,1,1,0,1,1,0,0,0.0,-216.5999418005162,1
1,1,0,0,0,1,0,1,1,0,1,0,0,1,0,0,0,0,1,1,0,0,1,1,1,0,1,0,0,0,0,0,0.0,-216.59920046257784,1
0,1,1,1,0,1,0,1,0,0,0,0,0,0,1,1,1,0,0,1,1,0,1,1,0,0,0,1,0,0,0,0,0.0,-216.5895983450484,1
0,1,0,0,0,0,0,0,1,0,0,0,1,0,1,1,1,1,0,0,0,0,1,0,1,0,1,1,1,1,0,0,0.0,-216.54674707259105,1
0,1,0,0,0,0,0,0,0,0,1,1,1,1,1,1,1,0,1,0,0,1,0,0,1,0,1,1,0,0,0,0,0.0,-216.54178336660314,1
0,0,0,1,0,1,0,0,1,1,0,0,1,1,0,0,0,0,0,1,0,0,1,1,0,1,1,1,0,1,0,0,0.0,-216.54173341495752,1
0,0,0,0,0,1,0,0,1,0,1,0,1,0,1,1,0,0,1,0,1,0,0,1,0,1,1,1,0,1,0,0,0.0,-216.53887400058724,1
0,0,0,1,0,1,0,0,0,0,1,1,0,0,0,1,0,1,0,0,0,0,1,1,1,1,1,0,1,1,0,0,0.0,-216.48590243981639,1
1,0,1,0,0,1,0,0,1,0,1,0,0,1,0,1,1,0,0,1,0,0,0,0,0,1,1,0,0,1,1,0,0.0,-216.46181280458165,1
0,0,0,0,1,1,0,0,0,0,0,0,1,1,1,1,0,0,0,1,0,0,1,1,1,0,1,0,0,1,0,1,0.0,-216.44784051263827,1
0,0,1,0,0,0,0,1,0,0,1,0,0,0,1,0,1,1,1,0,1,0,0,1,1,1,1,0,0,1,0,0,0.0,-216.4475696995805,1
0,0,1,0,1,0,0,0,1,0,1,0,0,0,1,1,1,1,0,1,0,0,0,1,1,0,0,0,1,1,0,0,0.0,-216.43390093732762,1
0,0,0,0,1,0,0,0,0,0,1,0,1,0,1,1,1,1,0,1,0,0,1,0,0,0,1,1,0,1,1,0,0.0,-216.42180521537105,1
0,0,1,0,1,1,0,0,1,1,0,0,1,0,0,0,0,0,0,0,1,1,1,1,1,0,0,1,0,1,0,0,0.0,-216.41689366314918,1
0,1,1,0,0,0,0,0,1,1,1,0,0,1,0,1,0,1,0,1,0,0,0,1,1,1,0,1,0,0,0,0,0.0,-216.3960249826831,1
0,0,0,0,1,0,0,1,1,1,1,1,0,1,1,0,0,0,0,0,1,0,1,0,1,0,1,1,0,0,0,0,0.0,-216.3680181056077,1
0,0,0,0,1,0,0,0,0,0,1,0,0,0,1,1,1,0,1,0,1,0,1,1,0,0,1,1,0,1,1,0,0.0,-216.36086089295517,1
0,0,0,0,1,0,1,1,1,0,1,0,1,1,1,0,0,0,0,0,0,0,1,1,0,1,1,1,0,0,0,0,0.0,-216.35403767677303,1
0,0,0,0,0,0,0,0,1,0,1,1,0,0,0,1,0,1,1,1,0,0,1,1,1,0,1,1,0,1,0,0,0.0,-216.3533557216096,1
1,0,0,1,0,0,1,0,1,1,1,1,0,1,1,0,1,0,0,0,0,0,1,1,1,0,0,0,0,0,0,0,0.0,-216.31654301007188,1
0,0,1,0,0,0,1,0,1,0,1,1,0,1,1,0,0,1,0,0,1,0,0,0,0,1,1,1,0,1,0,0,0.0,-216.24724122397825,1
0,0,0,0,0,1,0,0,0,1,1,0,0,1,0,1,0,1,0,1,0,0,1,1,1,0,1,0,0,1,1,0,0.0,-216.22425263923694,1
0,0,0,0,0,0,1,0,0,0,0,0,1,1,1,1,1,1,0,0,0,0,1,1,0,1,1,1,0,0,0,1,0.0,-216.21059328280992,1
0,0,1,0,0,1,0,0,1,0,1,1,0,0,0,1,1,0,0,0,0,0,0,1,0,1,1,1,0,1,1,0,0.0,-216.20892739338805,1
0,1,0,0,0,1,0,0,0,1,0,0,0,1,0,1,1,1,1,1,0,0,0,1,0,0,1,0,1,1,0,0,0.0,-216.20238129966194,1
0,0,1,0,1,1,0,0,1,1,0,0,0,0,0,1,0,1,0,0,0,1,0,1,1,0,1,1,0,0,1,0,0.0,-216.17520602292765,1
0,0,1,1,1,1,0,1,0,1,0,1,0,0,0,1,0,1,0,0,0,0,1,1,0,0,1,1,0,0,0,0,0.0,-216.1696156877815,1
0,0,1,0,0,0,0,0,0,0,0,1,1,0,1,0,1,0,1,0,0,0,1,0,1,1,1,1,0,1,1,0,0.0,-216.15004979550616,1
0,0,1,1,0,1,0,0,0,0,1,0,0,1,1,0,1,1,1,0,0,0,0,0,0,0,1,1,1,0,0,1,0.0,-216.12620979030632,1
0,0,0,0,0,1,0,0,1,1,1,0,0,1,0,1,0,1,1,0,0,1,0,1,0,0,1,1,0,0,0,1,0.0,-216.12300181064018,1
0,0,1,1,1,0,0,1,0,0,1,1,1,1,0,0,0,0,1,0,0,0,0,0,1,0,0,0,1,1,0,1,0.0,-216.11719793084416,1
0,0,1,1,0,0,0,0,0,0,1,1,0,0,1,1,0,1,0,0,0,0,1,1,1,0,1,1,0,0,0,1,0.0,-216.11178849797923,1
0,0,0,0,0,1,1,0,1,1,0,0,1,0,1,1,0,1,1,0,0,0,1,0,1,0,1,1,0,0,0,0,0.0,-216.100302615399,1
0,1,1,0,0,0,0,0,0,1,0,0,1,0,1,1,0,0,0,0,0,1,1,0,1,1,1,0,0,0,1,1,0.0,-216.07802639018396,1
0,0,1,0,0,1,0,0,0,1,1,1,1,1,0,1,0,0,1,1,0,1,1,0,0,0,0,0,0,1,0,0,0.0,-216.0623040989278,1
0,0,0,1,1,0,1,0,1,1,1,0,0,1,0,1,0,0,1,0,0,0,0,1,0,0,0,1,0,1,0,1,0.0,-216.05860563090837,1
0,1,1,0,0,0,0,0,1,0,1,0,0,0,1,0,0,1,0,0,0,0,0,1,1,1,1,1,1,0,0,1,0.0,-216.04580519242728,1
0,0,1,0,0,0,0,1,1,1,0,0,1,0,0,1,1,1,0,0,1,0,0,1,0,0,1,1,0,0,1,0,0.0,-216.0440162587446,1
0,0,0,0,0,1,0,0,1,0,0,0,0,1,1,0,0,0,1,1,0,0,0,1,0,1,1,1,0,1,1,1,0.0,-216.04345707860384,1
0,0,0,1,0,1,0,1,0,1,0,0,0,0,0,1,1,0,0,1,0,0,1,1,0,0,1,1,1,0,0,1,0.0,-216.04016837736864,1
0,1,1,0,0,1,1,0,1,1,0,0,0,0,1,0,1,1,0,0,0,0,0,1,1,0,1,0,0,1,0,0,0.0,-216.0333263990555,1
0,0,0,1,0,0,0,0,1,1,1,0,1,0,0,1,0,0,1,0,0,0,1,0,0,1,1,1,0,0,1,1,0.0,-216.02397362883397,1
0,0,0,1,0,1,0,0,0,1,0,0,0,0,0,0,1,1,1,1,0,0,1,1,1,0,1,1,0,1,0,0,0.0,-216.01517540869364,1
0,0,1,0,0,0,1,0,0,1,1,1,0,1,0,0,0,0,0,1,0,0,1,1,1,0,1,1,0,1,0,0,0.0,-216.0106733482257,1
1,0,1,1,1,0,0,0,1,1,1,0,0,0,0,0,0,0,0,1,0,0,0,1,1,0,1,1,0,0,0,1,0.0,-215.9851585012907,1
0,0,1,0,1,1,1,0,1,1,1,0,0,1,0,0,1,0,0,0,0,1,0,1,0,0,1,0,0,0,0,1,0.0,-215.96264854849377,1
0,0,0,0,0,0,0,0,1,0,0,1,1,0,1,0,0,1,1,0,0,0,0,1,1,1,1,1,1,0,0,1,0.0,-215.91500685021782,1
0,1,0,1,0,1,0,1,1,0,1,0,1,0,1,1,1,1,0,1,0,1,0,1,1,1,1,1,0,1,0,0,0.0,-215.8410598788455,1
0,0,1,0,0,0,1,1,1,1,1,0,0,0,0,1,0,0,0,0,0,1,0,1,0,0,1,1,0,1,0,1,0.0,-215.83646292411836,1
0,0,1,0,0,0,0,1,0,0,1,0,1,1,1,0,1,0,1,0,0,0,0,0,1,0,1,0,1,0,1,1,0.0,-215.79692812847384,1
1,1,1,1,0,1,0,0,0,0,1,0,1,0,1,1,1,1,1,0,0,0,0,1,1,1,1,1,1,1,0,0,0.0,-215.45701719124588,1
0,0,1,0,0,0,0,0,1,0,1,0,1,0,1,1,1,1,1,0,1,1,1,1,1,0,1,1,1,1,0,1,0.03125,-215.3021017362857,1
1,0,0,1,0,0,1,0,0,0,1,1,1,0,1,1,0,1,1,1,0,1,1,1,1,1,1,1,0,0,0,1,0.0,-215.24735633821143,1
0,1,1,0,1,1,1,1,1,0,1,0,1,0,0,1,0,1,1,1,0,0,1,1,0,1,1,0,1,0,1,0,0.0,-215.19084682616187,1
0,1,1,1,1,1,0,0,1,1,1,1,1,0,1,0,0,0,1,0,0,0,0,1,1,1,0,1,1,1,1,0,0.0,-214.9462648524152,1
0,1,1,1,0,1,0,1,0,1,1,1,1,0,1,1,1,0,0,0,0,1,1,0,1,0,1,1,0,0,1,1,0.0,-214.81757539542576,1
0,0,1,0,1,1,1,0,0,1,1,1,1,1,0,0,0,1,1,0,0,0,1,1,1,1,1,1,1,0,1,0,0.0,-214.7807206562568,1
0,0,1,0,0,1,1,0,1,1,1,0,0,1,0,1,0,1,1,1,0,1,0,1,1,1,1,1,0,0,1,1,0.0,-214.6576831885642,1
1,0,1,0,1,0,0,1,0,1,1,1,0,0,0,1,1,0,1,1,0,0,0,1,1,1,1,1,1,1,1,0,0.0,-214.62591816391313,1
0,1,1,0,0,0,0,0,0,1,1,0,1,0,0,1,1,1,1,1,1,0,1,1,1,0,1,1,0,1,1,1,0.0,-214.61210966038828,1
0,1,1,0,0,1,1,0,1,1,1,1,0,1,1,1,1,1,0,1,0,0,0,1,0,0,1,1,0,1,0,1,0.0,-214.61185708028046,1
0,0,0,1,0,0,0,0,1,0,1,0,1,0,0,1,0,1,1,0,0,1,1,0,0,1,1,0,0,0,0,1,0.0,-210.49539055173406,1
0,0,0,0,1,0,0,1,1,0,0,0,0,1,1,0,0,0,1,1,0,0,1,1,0,0,1,1,0,1,0,0,0.0,-210.4938958067536,1
0,0,0,1,0,1,0,0,0,0,0,1,1,1,0,1,0,1,1,0,0,0,1,1,0,1,0,0,0,1,0,0,0.0,-210.4884890631289,1
0,0,0,0,0,0,0,0,0,1,1,0,1,1,1,0,0,1,1,0,0,0,1,1,1,1,1,0,0,0,0,0,0.0,-210.3712309042122,1
0,1,1,1,0,0,0,0,1,0,0,0,0,0,1,0,0,1,1,0,1,0,0,1,0,0,1,1,0,1,0,0,0.0,-210.34731729824682,1
0,0,1,0,0,0,0,1,0,1,1,0,1,0,0,1,1,0,0,0,0,1,1,1,0,0,1,0,0,1,0,0,0.0,-210.34134983172902,1
0,0,0,0,0,0,0,0,1,1,0,0,0,1,1,0,1,1,0,0,0,0,1,1,1,1,0,1,0,0,1,0,0.0,-210.33791620413956,1
0,1,0,0,1,1,0,0,0,0,1,0,0,0,0,0,1,0,1,1,0,0,0,1,0,1,1,0,0,1,1,0,0.0,-210.30707805064554,1
0,0,0,0,0,0,0,1,1,1,1,1,0,1,0,1,1,0,0,0,0,0,0,1,0,0,1,1,0,1,0,0,0.0,-210.27937260578193,1
0,1,0,0,0,0,0,1,1,0,0,1,0,1,1,0,1,0,0,0,0,0,0,1,0,1,1,0,1,0,1,0,0.0,-210.17936405187885,1
0,0,1,0,0,0,0,0,0,0,1,1,0,1,0,0,0,0,1,1,0,0,0,1,1,1,1,0,0,1,1,0,0.03125,-210.1318033394904,1
0,0,0,0,0,0,0,0,0,1,1,0,0,1,0,0,1,0,1,0,0,1,1,1,1,0,0,1,0,1,1,0,0.0,-210.11846877192488,1
0,1,0,0,0,1,1,1,0,1,0,0,0,0,0,0,0,0,1,0,0,1,0,0,1,1,0,1,0,1,1,0,0.0,-210.1063990967564,1
0,1,0,0,0,1,1,0,1,1,0,0,0,0,1,1,0,0,0,0,1,0,0,1,0,1,1,1,0,0,0,0,0.0,-210.10554264960953,1
0,1,0,0,0,1,1,0,1,0,0,0,0,1,0,1,0,0,1,1,0,0,0,1,0,0,1,1,0,0,1,0,0.0,-210.0993677332107,1
0,0,1,0,0,0,0,1,1,1,1,0,0,0,0,1,1,0,0,0,0,0,1,1,0,0,0,1,0,1,1,0,0.0,-210.09610136899295,1
1,0,0,1,0,0,0,0,0,1,0,1,0,0,0,0,1,0,1,0,0,0,1,1,1,0,1,1,1,0,0,0,0.0,-209.9830371511279,1
0,1,0,1,0,1,0,1,1,0,0,0,1,1,1,1,1,0,1,0,1,0,1,1,0,1,1,1,0,1,1,1,0.0,-209.0290155799873,1
0,1,1,1,1,1,0,0,0,1,1,0,1,1,1,0,0,1,1,1,1,0,1,1,0,0,1,1,0,1,1,0,0.0,-208.79695127437378,1
0,0,0,1,0,1,1,0,1,1,1,0,1,1,1,1,1,1,1,1,0,1,0,1,0,1,1,0,0,1,0,1,0.0,-208.77128750415937,1
0,0,0,1,0,1,1,0,1,1,1,0,1,0,1,1,1,1,1,0,0,0,0,1,1,1,1,1,1,1,0,1,0.0,-208.41130156564952,1
0,1,0,0,0,0,1,0,1,1,1,1,0,1,1,1,1,0,1,0,1,0,1,1,1,1,1,0,1,0,1,1,0.0,-208.15154762470678,1
0,1,0,0,0,1,0,1,0,0,0,0,0,0,1,1,0,0,0,1,1,0,0,0,1,1,1,1,0,0,0,0,0.0,-202.71378957319993,1
0,1,1,0,0,0,0,1,1,0,1,0,0,1,0,0,0,0,0,0,1,1,0,1,0,0,1,1,0,0,0,0,0.0,-202.66114640206,1
0,1,0,0,1,0,0,0,1,1,0,1,0,0,0,0,0,0,1,0,1,1,0,0,0,0,1,1,0,0,1,0,0.03125,-202.25604189258863,1
