0,1,10,11,12,13,14,15,2,3,4,5,6,7,8,9,chain_break_fraction,energy,num_occurrences
1,0,0,0,0,0,1,1,0,0,0,0,0,0,0,1,0.0,-0.8000163493840045,1
0,0,0,0,0,0,1,1,1,0,0,0,1,0,0,0,0.0,-0.7977830866165926,1
1,0,0,0,0,0,1,0,1,0,0,0,0,0,0,1,0.0,-0.797440701165668,1
1,0,1,0,0,0,1,0,1,0,0,0,0,0,0,0,0.0,-0.7970836187894935,1
1,1,0,0,0,0,1,1,0,0,0,0,0,0,0,0,0.0,-0.7969043398901008,1
1,0,0,0,0,0,1,0,1,0,0,0,1,0,0,0,0.0,-0.7962673202206657,1
1,0,0,0,0,0,0,1,0,0,0,1,0,0,0,1,0.0,-0.7959070367414733,1
1,0,0,0,0,1,0,1,0,0,0,0,0,0,0,1,0.0,-0.7955667560753573,1
0,0,0,0,0,1,1,1,0,0,0,0,0,0,0,1,0.0,-0.7955012835582342,1
1,0,1,0,0,0,1,0,0,0,0,0,1,0,0,0,0.0,-0.7953125788329999,1
0,0,0,0,0,0,1,1,0,0,0,0,0,1,0,1,0.0625,-0.7950088239131174,1
0,1,0,0,0,0,1,1,0,0,0,0,0,0,0,1,0.0,-0.7949883325188818,1
1,0,0,0,0,0,0,1,1,0,0,0,0,1,0,0,0.0,-0.7949544291120362,1
1,0,0,0,0,0,1,0,1,0,0,1,0,0,0,0,0.0,-0.7947683314786353,1
0,0,0,0,0,0,1,1,1,0,0,0,0,1,0,0,0.0,-0.7942805691270469,1
0,0,0,0,0,0,1,1,0,1,0,0,0,0,0,1,0.0,-0.7942176084235246,1
0,0,1,0,0,0,1,1,0,1,0,0,0,0,0,0,0.0,-0.793787755569558,1
0,0,1,0,0,0,0,1,0,0,0,1,1,0,0,0,0.0,-0.7937218329396222,1
0,0,0,0,0,1,1,1,0,0,0,1,0,0,0,0,0.0,-0.7936985224076407,1
1,0,0,0,0,1,1,0,1,0,0,0,0,0,0,0,0.0,-0.7935920597009989,2
0,1,0,0,0,0,1,1,0,0,0,1,0,0,0,0,0.0,-0.7934046477410841,2
1,0,0,0,0,0,1,0,0,0,0,0,1,1,0,0,0.0,-0.7930811640032855,1
0,0,1,0,0,1,0,1,0,0,0,0,1,0,0,0,0.0,-0.7927565777919703,1
1,0,0,0,0,0,1,0,0,1,0,0,0,0,0,1,0.0,-0.7924940812867513,1
1,0,0,0,0,0,1,0,0,0,0,1,1,0,0,0,0.0,-0.7923390003261763,1
0,1,1,0,0,0,0,1,0,0,0,0,0,0,0,1,0.0,-0.7922953715683725,1
0,0,0,0,0,0,1,0,1,0,0,1,1,0,0,0,0.0,-0.7922943416581482,2
0,0,1,0,0,0,0,1,0,0,0,0,0,1,0,1,0.0,-0.7919492258926781,1
0,0,0,0,0,1,0,1,0,0,0,1,0,0,0,1,0.0,-0.7918577871683078,1
0,1,0,0,0,0,1,0,0,0,0,0,1,0,0,1,0.0,-0.7918061346391435,1
0,0,1,0,0,0,0,0,1,0,0,1,0,0,0,1,0.0,-0.7915416173589394,1
1,1,0,0,0,0,1,0,0,0,0,1,0,0,0,0,0.0,-0.7914789669992114,1
1,0,0,0,0,0,0,0,1,0,0,0,1,1,0,0,0.0,-0.7914400830448056,1
1,0,0,0,0,1,0,0,1,0,0,0,1,0,0,0,0.0,-0.79140235159165,1
0,1,0,0,0,0,0,1,0,0,0,1,0,0,0,1,0.0,-0.7913617758821467,1
0,0,0,0,0,0,0,1,0,0,0,1,0,1,0,1,0.0,-0.7913414800441794,1
0,0,0,0,0,1,1,0,0,0,0,0,1,0,0,1,0.0,-0.7913216644322691,1
0,0,0,0,0,1,0,1,1,0,0,1,0,0,0,0,0.0,-0.7912994485643245,1
1,0,1,1,0,0,1,0,0,0,0,0,0,0,0,0,0.0,-0.791296742546257,1
0,0,0,0,0,0,0,0,1,0,0,1,1,0,0,1,0.0,-0.7912326247852087,1
0,1,0,0,0,0,0,1,0,0,0,1,1,0,0,0,0.0,-0.79118904623385,1
0,1,1,0,0,0,0,1,0,0,0,1,0,0,0,0,0.0,-0.7911732990248913,1
0,1,0,0,0,0,1,0,1,0,0,0,1,0,0,0,0.0,-0.7910300784014329,2
0,0,0,0,0,1,1,1,0,1,0,0,0,0,0,0,0.0,-0.7909205165781359,1
1,0,0,0,0,0,1,0,0,0,1,0,0,0,0,1,0.0,-0.7908818519778041,1
0,0,0,0,0,0,0,1,1,0,0,1,0,1,0,0,0.0,-0.7907236654568139,1
0,0,0,0,0,1,1,0,1,0,0,0,1,0,0,0,0.0,-0.7904592506053744,1
0,0,0,0,0,0,1,0,0,0,0,1,0,1,0,1,0.0,-0.7901359569467106,1
1,0,0,0,0,0,0,0,1,1,0,0,1,0,0,0,0.0,-0.7901189912947361,1
0,0,0,0,0,0,1,1,0,0,1,1,0,0,0,0,0.0,-0.7900714590549385,1
1,1,0,0,0,0,0,0,0,0,0,1,0,0,0,1,0.0,-0.789901491397683,2
0,1,1,0,0,0,1,0,0,0,0,1,0,0,0,0,0.0,-0.7898426312224156,2
1,1,0,0,0,1,1,0,0,0,0,0,0,0,0,0,0.0,-0.7898277854167163,1
1,0,0,0,0,0,0,0,1,0,0,1,0,1,0,0,0.0,-0.7897749493083633,2
1,0,0,0,0,1,0,0,1,0,0,1,0,0,0,0,0.0,-0.7897405443529579,3
0,0,0,0,0,0,1,0,0,0,0,1,1,1,0,0,0.0,-0.7892395873064829,1
0,0,1,0,0,0,1,0,0,0,0,1,0,1,0,0,0.0,-0.7892323270685194,1
1,0,0,1,0,0,0,0,1,0,0,0,1,0,0,0,0.0,-0.7892224898403026,1
0,0,0,0,0,0,1,0,0,1,0,1,0,0,0,1,0.0,-0.7890229184572353,1
0,1,0,0,0,0,0,1,0,0,0,0,1,1,0,0,0.0,-0.7888606787166644,1
0,0,0,0,0,0,0,1,1,0,1,0,0,0,0,1,0.0,-0.7885061662054116,1
0,0,0,0,0,0,1,0,1,0,1,0,0,0,0,1,0.0,-0.7881919442973703,1
1,0,0,0,0,0,0,0,0,0,1,0,1,0,0,1,0.0,-0.7881908957691763,1
0,0,0,1,0,1,1,1,0,0,0,0,0,0,0,0,0.0,-0.7880533547175614,1
0,0,0,0,0,0,1,1,0,0,1,0,0,1,0,0,0.0,-0.7878063222865399,1
0,0,1,0,0,0,1,0,0,0,1,0,1,0,0,0,0.0,-0.7877009007566911,2
0,0,0,0,0,0,1,1,0,1,1,0,0,0,0,0,0.0,-0.7875395250262294,1
0,0,1,0,0,0,0,0,0,0,0,1,0,1,0,1,0.0,-0.787438339598234,1
1,0,0,1,0,0,1,0,0,1,0,0,0,0,0,0,0.0,-0.7872423531281694,1
1,0,0,0,0,1,1,0,0,0,1,0,0,0,0,0,0.0,-0.7871869186348701,1
0,0,0,1,0,0,1,0,0,0,0,1,1,0,0,0,0.0,-0.7871861570111327,1
1,1,0,0,0,0,0,0,0,0,0,0,0,1,0,1,0.0,-0.7871493201865095,1
1,1,0,0,0,1,0,0,1,0,0,0,0,0,0,0,0.0,-0.7871041927669447,1
0,1,0,0,0,0,1,0,0,1,0,0,1,0,0,0,0.0,-0.7870522317216981,1
1,0,0,1,0,0,0,0,0,0,0,1,1,0,0,0,0.0,-0.7870440465886646,1
0,0,0,0,0,0,0,0,1,0,0,1,0,1,0,1,0.0,-0.7869815952441065,1
0,1,0,0,0,0,0,1,0,1,0,1,0,0,0,0,0.0,-0.7868816005420495,1
0,0,0,0,0,0,1,0,0,1,0,0,1,1,0,0,0.0,-0.7867940432982481,1
0,0,1,0,0,0,0,0,1,0,0,1,0,1,0,0,0.0,-0.7865646538282217,1
0,1,0,1,0,0,0,1,0,0,0,0,1,0,0,0,0.0,-0.7863394230469704,1
0,1,1,0,0,0,1,0,0,0,0,0,0,1,0,0,0.0,-0.7863205393479691,1
1,0,0,0,0,0,1,0,0,1,1,0,0,0,0,0,0.0,-0.7861345024299555,1
1,1,0,0,0,0,0,0,0,0,0,1,0,1,0,0,0.0,-0.7860721711802908,1
1,0,0,0,0,1,0,0,0,0,0,0,0,1,0,1,0.0,-0.7860315409023062,1
0,1,0,0,0,0,0,1,0,0,1,0,1,0,0,0,0.0,-0.7860158268618778,2
1,1,0,0,0,1,0,0,0,0,0,1,0,0,0,0,0.0,-0.7860146963195563,1
0,0,0,0,0,0,0,0,1,1,0,1,1,0,0,0,0.0,-0.7859393625910166,2
0,0,0,0,0,1,1,0,1,1,0,0,0,0,0,0,0.0,-0.7858827148990127,1
0,0,0,1,0,0,0,0,1,0,0,0,1,0,0,1,0.0,-0.7858369515405945,1
0,1,0,0,0,0,1,0,1,0,0,0,0,1,0,0,0.0,-0.7858008834105525,1
0,1,0,0,0,0,1,0,0,1,0,1,0,0,0,0,0.0,-0.7855718712682611,1
0,0,0,0,0,0,1,0,0,1,0,1,0,1,0,0,0.0,-0.7852735699509399,1
0,0,0,0,1,0,1,1,0,0,0,0,1,0,0,0,0.0,-0.7851331711184611,1
0,1,0,0,0,0,0,1,0,0,1,0,0,0,0,1,0.0,-0.7851228592661992,1
0,1,1,0,0,0,0,1,0,0,1,0,0,0,0,0,0.0,-0.7851074236602613,3
0,1,0,0,0,0,1,0,0,0,1,0,0,0,0,1,0.0,-0.7848880821338312,1
0,0,0,0,0,0,0,1,0,1,1,0,1,0,0,0,0.0,-0.7848458985520559,1
0,0,1,1,0,0,0,0,0,0,0,1,1,0,0,0,0.0,-0.7847856122100383,1
0,0,0,0,0,1,1,0,0,1,0,1,0,0,0,0,0.0,-0.7847388445286672,1
1,0,0,0,0,1,0,0,0,0,0,1,0,1,0,0,0.0,-0.7847353155232917,1
1,1,0,0,0,0,0,0,1,0,1,0,0,0,0,0,0.0,-0.7847032647051371,2
1,0,0,0,0,1,0,0,0,1,0,1,0,0,0,0,0.0,-0.7847017441971924,1
0,0,0,1,0,0,0,0,1,0,0,1,1,0,0,0,0.0,-0.7846883485260561,1
1,0,0,0,1,0,1,0,1,0,0,0,0,0,0,0,0.0,-0.7845417678960499,1
1,0,0,0,1,0,0,1,0,0,0,0,1,0,0,0,0.0,-0.7845167263411533,1
0,1,0,0,0,0,0,1,0,0,1,1,0,0,0,0,0.0,-0.7844328050661044,1
0,0,0,0,0,1,1,0,0,0,1,0,0,0,0,1,0.0,-0.7843589174505651,1
0,1,1,0,0,1,0,0,0,0,0,0,1,0,0,0,0.0,-0.784353104829286,1
0,0,0,0,0,0,0,1,1,1,1,0,0,0,0,0,0.0,-0.7842608147401333,1
0,0,1,1,0,0,0,0,1,0,0,1,0,0,0,0,0.0,-0.784216361464839,1
0,0,1,0,1,0,0,1,0,0,0,0,1,0,0,0,0.0,-0.7841385997473376,1
0,0,0,0,1,0,0,1,0,0,0,0,1,0,0,1,0.0,-0.7840953486639637,1
0,1,0,0,0,0,1,0,1,0,1,0,0,0,0,0,0.0,-0.7840569381556813,1
0,1,0,1,0,0,0,1,1,0,0,0,0,0,0,0,0.0,-0.7840219197353432,1
0,1,0,0,0,0,0,0,0,0,0,1,1,1,0,0,0.0,-0.7838535688985449,1
0,0,0,0,0,0,0,1,0,0,1,1,0,1,0,0,0.0,-0.783787059277075,1
0,0,0,1,0,1,0,1,1,0,0,0,0,0,0,0,0.0,-0.7837719052006413,1
0,0,1,0,0,0,0,0,0,0,1,1,1,0,0,0,0.0,-0.7836795887293143,1
0,1,0,1,0,0,1,0,0,0,0,1,0,0,0,0,0.0,-0.7836611224011109,2
0,1,0,0,0,1,0,0,0,0,0,1,1,0,0,0,0.0,-0.7836555285401134,1
0,1,0,0,0,0,0,0,1,1,0,0,0,0,0,1,0.0,-0.7836235930574036,1
0,1,0,0,0,0,1,0,0,0,1,1,0,0,0,0,0.0,-0.7836101391990409,3
1,0,0,1,0,1,0,0,1,0,0,0,0,0,0,0,0.0,-0.7835240025372582,2
1,0,1,0,1,0,0,0,1,0,0,0,0,0,0,0,0.0,-0.7835140188589578,1
1,0,0,0,1,1,0,1,0,0,0,0,0,0,0,0,0.0,-0.7834417703860896,1
0,0,0,0,1,1,1,1,0,0,0,0,0,0,0,0,0.0,-0.7834095727973285,1
0,1,0,0,1,0,1,1,0,0,0,0,0,0,0,0,0.0,-0.7833554945648125,1
1,1,0,0,0,0,0,0,0,0,1,1,0,0,0,0,0.0,-0.7832910251221399,1
1,0,0,0,1,0,0,0,1,0,0,0,0,0,0,1,0.0,-0.7829646224681619,1
0,1,1,0,0,0,0,0,0,0,0,1,0,1,0,0,0.0,-0.7829472919181734,1
0,1,1,0,0,1,0,0,0,0,0,1,0,0,0,0,0.0,-0.7829255769769234,1
0,1,0,0,0,1,0,0,1,0,0,0,0,0,0,1,0.0,-0.7825523167007187,1
0,1,0,0,0,1,0,0,1,0,0,1,0,0,0,0,0.0,-0.7824739499538745,1
0,1,0,0,0,0,0,0,1,0,0,1,0,1,0,0,0.0,-0.7824082765892965,1
0,0,0,0,0,1,0,0,1,0,0,0,1,1,0,0,0.0,-0.7823407704220929,1
0,0,0,0,0,1,0,0,0,0,0,1,1,1,0,0,0.0,-0.7822063000029559,1
0,0,0,0,0,1,0,0,1,1,0,1,0,0,0,0,0.0,-0.7821539106105853,1
1,0,1,0,1,0,0,0,0,0,0,0,1,0,0,0,0.0,-0.7820821555883467,1
1,0,0,0,1,0,0,0,1,0,0,0,1,0,0,0,0.0,-0.7820478883513983,2
1,1,0,0,1,0,1,0,0,0,0,0,0,0,0,0,0.0,-0.7817859062136309,1
0,1,1,0,1,0,0,1,0,0,0,0,0,0,0,0,0.0,-0.7816347519549395,1
1,0,0,0,0,0,0,1,1,0,0,0,0,0,1,0,0.0,-0.781294123831857,2
0,0,0,0,1,0,1,0,0,0,0,1,0,0,0,1,0.0,-0.7811714706188619,1
0,1,0,0,1,0,0,1,0,0,0,0,1,0,0,0,0.0,-0.7811696666054168,1
1,0,0,0,1,1,1,0,0,0,0,0,0,0,0,0,0.0,-0.7811529764385098,1
0,0,1,0,0,0,0,1,1,0,0,0,0,0,1,0,0.0,-0.7809639280350499,1
1,0,0,0,1,0,1,0,0,0,0,0,0,1,0,0,0.0,-0.7808275932951464,1
0,1,0,1,0,0,0,0,0,0,0,1,0,0,0,1,0.0,-0.7807210784533805,1
1,1,0,0,0,1,0,0,0,0,1,0,0,0,0,0,0.0,-0.7806411235912176,1
0,0,0,0,1,0,0,0,1,0,0,0,1,0,0,1,0.0,-0.7806070699288055,1
0,0,0,0,1,0,1,0,1,0,0,1,0,0,0,0,0.0,-0.7805440473590828,1
0,1,1,1,0,0,0,0,0,0,0,1,0,0,0,0,0.0,-0.7805344063612669,1
0,1,1,0,1,0,1,0,0,0,0,0,0,0,0,0,0.0,-0.7804974847919843,1
0,1,0,0,0,1,1,0,0,0,0,0,0,1,0,0,0.0,-0.7803917349723126,1
0,0,0,1,0,0,1,0,0,0,1,1,0,0,0,0,0.0,-0.7803905578752581,1
0,1,0,0,1,0,0,1,1,0,0,0,0,0,0,0,0.0,-0.7803815985642419,1
0,0,0,0,0,1,0,0,0,0,1,1,1,0,0,0,0.0,-0.7803048223935378,1
0,1,0,0,0,0,0,1,0,0,1,0,0,1,0,0,0.0,-0.7801690693797276,1
1,1,0,0,1,0,0,0,0,0,0,0,0,0,0,1,0.0,-0.7799423575416169,1
1,1,0,0,1,0,0,0,1,0,0,0,0,0,0,0,0.0,-0.7798657947512037,1
0,0,1,0,0,0,0,1,0,0,0,0,1,0,1,0,0.0,-0.7796505498662047,1
0,0,0,0,0,1,0,0,1,0,1,1,0,0,0,0,0.0,-0.7795718709508732,1
0,0,0,1,0,1,0,0,0,0,0,1,0,0,0,1,0.0,-0.7795232138655147,1
1,0,0,0,0,0,0,1,0,0,0,0,0,0,1,1,0.0,-0.7795147594964102,1
0,1,0,1,0,0,0,0,1,0,0,0,0,0,0,1,0.0,-0.779485981820414,1
1,1,0,0,1,0,0,0,0,0,0,0,1,0,0,0,0.0,-0.7794680419694373,2
0,0,1,0,1,0,1,0,0,1,0,0,0,0,0,0,0.0,-0.7790159354646469,1
0,0,0,0,0,1,0,0,0,1,0,0,1,1,0,0,0.0,-0.7789728797745941,1
0,0,1,1,0,1,0,0,0,0,0,1,0,0,0,0,0.0,-0.7789646144823089,1
0,0,0,1,0,0,0,0,0,0,1,0,1,0,0,1,0.0,-0.7788941126727517,1
1,0,0,0,1,1,0,0,0,0,0,0,1,0,0,0,0.0,-0.778854958837246,1
0,0,1,0,0,0,1,0,1,0,0,0,0,0,1,0,0.0,-0.7787575983754564,1
1,0,0,0,0,1,0,0,0,0,1,0,0,1,0,0,0.0,-0.7787544579748095,1
0,0,0,0,1,0,0,0,0,0,0,1,1,0,0,1,0.0,-0.7786407083062437,1
0,1,0,0,0,0,1,1,0,0,0,0,0,0,1,0,0.0625,-0.7786230366787219,1
0,0,0,0,1,1,1,0,1,0,0,0,0,0,0,0,0.0,-0.7785869731612659,2
0,0,0,1,0,1,0,0,1,0,0,1,0,0,0,0,0.0,-0.7785123453434218,1
1,0,1,0,0,0,0,0,1,0,0,0,0,0,1,0,0.0,-0.7784454387159945,1
1,0,0,0,1,0,1,0,0,0,1,0,0,0,0,0,0.0,-0.7784260887717699,1
0,1,0,0,1,0,1,0,0,0,0,1,0,0,0,0,0.0,-0.778129548177143,2
0,0,0,0,0,0,1,1,0,0,0,1,0,0,1,0,0.0,-0.7780035453955632,2
0,0,1,0,1,0,0,1,0,0,1,0,0,0,0,0,0.0,-0.7780027360949228,1
0,0,0,0,1,0,0,0,1,0,0,1,1,0,0,0,0.0,-0.7780007356883474,1
0,0,0,1,0,0,0,0,1,0,1,0,1,0,0,0,0.0,-0.7778871483632188,1
0,1,0,0,0,1,0,0,0,0,1,0,1,0,0,0,0.0,-0.7777244960006107,1
0,0,0,1,0,0,0,0,0,0,1,1,1,0,0,0,0.0,-0.7776354134141972,2
1,1,0,0,1,0,0,0,0,0,0,1,0,0,0,0,0.0,-0.7775955185145038,1
1,0,1,1,1,0,0,0,0,0,0,0,0,0,0,0,0.0,-0.7775436708281589,1
0,0,0,0,1,0,0,1,0,1,0,1,0,0,0,0,0.0,-0.7774690073713015,1
0,0,0,0,1,1,0,0,0,0,0,0,1,0,0,1,0.0,-0.7773225501582103,1
0,0,1,1,1,0,1,0,0,0,0,0,0,0,0,0,0.0,-0.7772900293760459,1
0,0,0,0,0,0,1,0,1,0,0,0,1,0,1,0,0.0,-0.7772231537641991,1
0,1,0,0,1,0,0,0,1,0,0,0,1,0,0,0,0.0,-0.7772051704569619,1
1,0,0,0,0,0,0,1,0,0,0,0,0,1,1,0,0.0,-0.7770717039163471,1
1,0,0,1,0,1,0,0,0,0,0,0,0,1,0,0,0.0,-0.7770095731462918,1
1,0,0,0,1,1,0,0,0,0,0,1,0,0,0,0,0.0,-0.776945648986191,1
1,0,0,1,1,0,0,0,0,0,0,0,1,0,0,0,0.0,-0.7767962837971079,4
0,0,0,1,1,0,1,0,0,0,0,0,1,0,0,0,0.0,-0.7767757024684054,1
0,0,0,1,1,0,0,1,0,0,0,1,0,0,0,0,0.0,-0.7766568553102855,1
0,1,1,0,0,1,0,0,0,0,0,0,0,1,0,0,0.0,-0.7764781036217712,1
1,0,0,0,1,0,0,0,1,0,1,0,0,0,0,0,0.0,-0.7764606536384504,1
0,0,0,0,0,0,1,0,0,0,0,0,1,0,1,1,0.0,-0.7764068983997838,1
0,1,0,0,1,0,0,1,0,0,0,0,0,1,0,0,0.0,-0.7763858660594857,1
1,0,0,0,0,0,0,1,0,0,0,1,0,0,1,0,0.0,-0.7763847304640056,1
0,0,0,1,1,0,1,0,1,0,0,0,0,0,0,0,0.0,-0.7762262862557094,1
0,1,0,1,0,1,0,0,0,0,0,0,1,0,0,0,0.0,-0.7761854364269896,1
1,1,0,0,1,1,0,0,0,0,0,0,0,0,0,0,0.0,-0.7761562987701064,1
0,0,0,0,1,0,1,0,0,0,1,0,1,0,0,0,0.0,-0.77608907852339,1
0,1,0,0,0,0,0,1,0,0,0,0,0,0,1,1,0.0,-0.7760330375386407,1
1,0,0,0,0,0,1,0,0,0,0,0,1,0,1,0,0.0,-0.7759456850778335,1
0,1,0,0,0,0,0,0,0,0,1,0,0,1,0,1,0.0,-0.7757192435981557,1
0,1,0,0,1,1,1,0,0,0,0,0,0,0,0,0,0.0,-0.7756975641744674,2
0,1,0,0,1,0,0,0,1,0,0,1,0,0,0,0,0.0,-0.7756883258432737,1
0,0,0,1,0,1,1,0,0,0,0,0,0,1,0,0,0.0,-0.7756713634233707,1
1,0,0,0,1,0,0,0,0,0,1,0,1,0,0,0,0.0,-0.7756142737131101,1
0,0,0,0,1,0,0,0,1,0,0,0,0,1,0,1,0.0,-0.775516907272956,1
0,0,0,0,0,0,0,0,1,1,1,0,0,1,0,0,0.0,-0.7754223301497927,1
0,1,0,0,0,1,0,0,1,0,1,0,0,0,0,0,0.0,-0.775299142873136,2
1,0,0,0,0,0,0,0,0,0,0,0,1,0,1,1,0.0,-0.775092204670087,1
0,1,0,0,0,0,1,0,1,0,0,0,0,0,1,0,0.0,-0.7749979221507884,1
1,0,0,1,1,0,0,0,0,0,0,1,0,0,0,0,0.0,-0.7749310571292312,1
0,0,1,1,1,0,0,0,0,0,0,0,1,0,0,0,0.0,-0.7748857637736306,1
1,0,0,0,1,1,0,0,0,1,0,0,0,0,0,0,0.0,-0.7748527014016766,1
0,0,1,1,0,0,0,1,0,0,0,0,0,0,1,0,0.0,-0.7746730111845496,1
0,0,0,0,1,0,1,0,0,0,1,1,0,0,0,0,0.0,-0.7745538421850189,1
0,0,0,1,0,0,0,0,0,1,1,0,1,0,0,0,0.0,-0.7744526203203591,1
0,1,0,0,0,0,0,1,0,0,0,1,0,0,1,0,0.0,-0.7744075315024945,1
0,0,1,0,1,0,0,0,0,0,1,0,1,0,0,0,0.0,-0.7743839793573164,1
0,0,0,0,1,0,0,0,1,0,0,1,0,1,0,0,0.0,-0.774351596616175,1
0,0,0,0,0,1,0,1,0,0,0,0,0,0,1,1,0.0,-0.7742671142624115,1
0,0,0,0,0,1,0,0,0,0,1,0,0,1,0,1,0.0,-0.7742463565989708,1
0,1,0,0,0,0,1,0,0,0,0,0,1,0,1,0,0.0,-0.7741541523819946,1
0,0,0,0,1,0,0,0,1,1,0,1,0,0,0,0,0.0,-0.7740849781620175,1
1,1,0,0,1,0,0,0,0,0,1,0,0,0,0,0,0.0,-0.7736921875173254,1
1,0,1,0,0,0,0,0,0,0,0,1,0,0,1,0,0.0,-0.7736656400304105,1
0,1,0,0,1,1,0,0,0,0,0,0,1,0,0,0,0.0,-0.7736642127873311,1
1,1,0,0,0,0,0,0,0,0,0,0,1,0,1,0,0.0,-0.773305996349524,1
0,1,0,1,1,0,1,0,0,0,0,0,0,0,0,0,0.0,-0.7732953539807162,1
0,0,0,1,1,0,0,0,1,0,0,0,0,0,0,1,0.0,-0.7732865724816196,1
0,1,0,1,0,0,0,0,0,0,1,1,0,0,0,0,0.0,-0.7730036398130228,1
0,1,0,1,0,1,0,0,1,0,0,0,0,0,0,0,0.0,-0.7729856058956261,1
0,0,0,0,0,0,0,0,1,0,0,1,1,0,1,0,0.0,-0.7729454529463973,1
0,1,1,0,1,0,0,0,0,0,0,0,0,1,0,0,0.0,-0.7727927859208333,1
0,0,0,1,1,0,0,0,1,0,0,1,0,0,0,0,0.0,-0.7723093030298633,1
0,1,0,0,0,0,0,0,0,0,0,0,1,0,1,1,0.0,-0.7722789049837857,1
0,0,0,1,0,1,0,0,0,0,0,1,0,1,0,0,0.0,-0.7721293178181705,1
0,0,0,0,0,1,1,0,1,0,0,0,0,0,1,0,0.0,-0.7721283733962183,1
0,1,0,0,1,1,0,0,0,0,0,1,0,0,0,0,0.0,-0.7719729927279447,2
0,0,0,0,0,0,0,0,1,0,0,0,1,1,1,0,0.0,-0.7718076680998458,1
0,1,0,1,0,0,0,0,1,0,1,0,0,0,0,0,0.0625,-0.7717005621268116,1
0,1,0,0,1,0,0,0,0,0,0,1,0,1,0,0,0.0,-0.7715236837855867,1
0,1,0,0,1,0,0,0,1,0,0,0,0,1,0,0,0.0,-0.7712841213588025,1
1,1,0,0,0,0,0,0,0,0,0,1,0,0,1,0,0.0,-0.7708716180114885,1
1,0,0,1,0,0,0,0,0,0,0,0,0,0,1,1,0.0,-0.7708569222856456,1
1,0,0,0,0,1,0,0,0,0,0,0,0,0,1,1,0.0,-0.7708280481779962,1
0,0,0,1,1,0,0,1,0,0,1,0,0,0,0,0,0.0,-0.7707220579651879,1
0,0,0,0,1,1,0,0,0,0,1,0,1,0,0,0,0.0,-0.7703332701513504,1
0,0,1,0,1,1,0,0,0,0,1,0,0,0,0,0,0.0,-0.7702595112766424,1
0,1,0,0,1,0,0,0,0,0,1,1,0,0,0,0,0.0,-0.7696401925596117,1
0,0,0,0,1,1,0,0,1,0,0,0,0,1,0,0,0.0,-0.7694929884166636,1
0,0,1,1,1,1,0,0,0,0,0,0,0,0,0,0,0.0,-0.7688696557341936,1
0,0,0,0,0,0,1,0,0,0,1,1,0,0,1,0,0.0,-0.7687220214791857,1
0,1,0,1,0,0,1,0,0,0,0,0,0,0,1,0,0.0,-0.7684770813773382,1
0,1,0,0,0,0,0,0,0,0,0,0,1,1,1,0,0.0,-0.7683252530689928,1
1,1,0,1,0,0,0,0,0,0,0,0,0,0,1,0,0.0,-0.7681577969285497,1
0,0,0,1,1,0,0,0,0,0,0,0,0,1,0,1,0.0,-0.7679055738397216,1
0,0,0,1,1,0,0,0,1,0,0,0,0,1,0,0,0.0,-0.7666422592778976,1
0,1,0,0,0,1,0,0,0,0,0,0,1,0,1,0,0.0,-0.7666318000216248,1
0,1,0,0,0,0,0,0,0,0,1,0,1,0,1,0,0.0,-0.7665250178963087,1
1,0,0,1,0,0,0,0,0,1,0,0,0,0,1,0,0.0,-0.7664756495918987,1
0,1,0,0,0,0,0,0,1,0,1,0,0,0,1,0,0.0,-0.7662746531126561,1
0,0,0,0,1,0,0,1,1,0,0,0,0,0,1,0,0.0,-0.765845927112321,1
0,1,0,0,0,1,0,0,0,0,0,0,0,0,1,1,0.0,-0.7655026399060483,1
1,0,0,0,1,0,0,1,0,0,0,0,0,0,1,0,0.0,-0.7651588257443817,1
0,0,0,0,0,1,0,0,1,1,0,0,0,0,1,0,0.0,-0.764948714708756,1
0,0,0,0,0,0,0,0,0,0,1,0,1,1,1,0,0.0,-0.7648660825482114,1
0,0,0,0,1,0,0,1,0,0,0,0,1,0,1,0,0.0,-0.7643630744221829,1
0,1,0,1,0,0,0,0,0,0,0,1,0,0,1,0,0.0,-0.7642549477684544,1
0,0,0,0,0,1,0,0,1,0,0,0,0,1,1,0,0.0,-0.7636452087357584,1
0,0,0,0,1,0,0,0,1,0,0,0,0,0,1,1,0.0,-0.7616298975774884,1
0,0,0,0,1,0,0,0,1,0,0,0,1,0,1,0,0.0,-0.7613209875361278,1
0,1,0,0,0,0,0,0,0,0,1,0,0,1,1,0,0.0,-0.7607769016590229,1
0,1,1,0,1,0,0,0,0,0,0,0,0,0,1,0,0.0,-0.7606146564197662,2
0,0,0,1,0,1,0,0,0,0,0,1,0,0,1,0,0.0,-0.7605760722454022,1
0,0,0,1,1,0,0,1,0,0,0,0,0,0,1,0,0.0,-0.7600924887189993,1
0,1,0,0,1,0,0,0,1,0,0,0,0,0,1,0,0.0,-0.7593285082847204,1
0,1,0,1,0,0,0,0,0,0,0,0,0,1,1,0,0.0,-0.7590904608350203,1
0,0,0,1,0,0,0,0,0,1,0,0,0,1,1,0,0.0,-0.758990238902611,1
0,1,0,0,1,0,0,0,0,0,0,0,1,0,1,0,0.0,-0.7588239152018093,1
0,0,0,0,1,0,1,0,0,1,0,0,0,0,1,0,0.0,-0.7579200560608339,1
1,0,0,0,1,0,0,0,0,0,0,1,0,0,1,0,0.0,-0.7576766320720301,1
0,0,1,1,1,0,0,0,0,0,0,0,0,0,1,0,0.0,-0.7570620804515408,1
0,1,0,0,1,0,0,0,0,0,0,1,0,0,1,0,0.0,-0.7564977130926565,1
0,0,0,1,0,1,0,0,0,0,0,0,0,1,1,0,0.0,-0.7544848027492409,1
0,1,0,0,1,1,0,0,0,0,0,0,0,0,1,0,0.0,-0.7530926521541643,1
1,0,0,0,0,1,1,1,1,0,0,0,0,0,0,0,0.0,-0.7498769451661311,1
0,0,0,0,0,0,1,1,1,0,0,0,1,0,0,1,0.0,-0.7498066625654184,2
0,0,1,0,0,0,1,1,1,0,0,0,1,0,0,0,0.0,-0.7495019285774999,1
1,0,0,0,0,0,1,1,0,0,0,0,0,1,0,1,0.0,-0.7493604748664408,1
1,0,0,0,0,0,1,1,1,0,0,0,0,1,0,0,0.0,-0.7493360064224377,1
1,0,1,0,0,0,1,0,1,0,0,0,1,0,0,0,0.0,-0.7483317392229589,1
0,0,0,0,0,1,1,1,0,0,0,0,1,0,0,1,0.0,-0.747772047310222,1
0,0,0,0,0,0,1,1,0,0,0,1,1,0,0,1,0.0,-0.7476582366455221,1
1,0,1,0,0,1,0,1,1,0,0,0,0,0,0,0,0.0,-0.7475969951773074,1
0,0,0,0,0,0,1,1,0,0,0,0,1,1,0,1,0.0,-0.7474311500476084,1
0,0,0,0,0,0,1,1,0,0,0,0,1,0,0,0,0.0,-0.7473777667434369,1
0,0,0,0,0,0,1,1,1,0,0,1,1,0,0,0,0.0,-0.7472161919466029,1
1,0,1,0,0,0,0,0,1,0,0,0,1,0,0,1,0.0,-0.7471427762861386,1
1,0,0,0,0,0,1,1,0,0,0,1,1,0,0,0,0.0,-0.7470742801590151,3
0,1,0,0,0,0,1,1,0,0,0,0,1,0,0,1,0.0,-0.7468833278621575,2
0,0,1,0,0,1,1,1,1,0,0,0,0,0,0,0,0.0,-0.7467528361390422,2
1,0,0,0,0,0,1,0,1,0,0,0,0,0,0,0,0.0,-0.7467476264026016,1
1,0,0,0,0,0,0,1,1,0,0,0,0,1,0,1,0.0,-0.7465817924194733,1
1,1,1,0,0,0,0,1,0,0,0,0,1,0,0,0,0.0,-0.7465200575093892,2
1,1,0,0,0,0,0,1,0,0,0,0,1,0,0,1,0.0,-0.7463946929486682,1
1,1,0,0,0,1,1,1,0,0,0,0,0,0,0,0,0.0,-0.7463045786029626,1
0,1,1,0,0,0,1,1,1,0,0,0,0,0,0,0,0.0,-0.7461401115945793,1
1,1,0,0,0,0,0,1,1,0,0,0,0,0,0,1,0.0,-0.7460325781669797,1
0,0,0,0,0,0,0,1,1,0,0,0,1,0,0,0,0.0,-0.7458424182143664,1
0,0,0,0,0,0,1,1,0,0,0,1,0,1,0,1,0.0,-0.7458139903532376,1
1,0,0,0,0,0,1,0,1,0,0,0,1,1,0,0,0.0,-0.7457324685224136,1
0,0,0,0,0,1,1,1,1,0,0,1,0,0,0,0,0.0,-0.7455341879048615,1
1,0,0,0,0,1,1,0,1,0,0,0,1,0,0,0,0.0,-0.7455226537054936,1
1,1,0,0,0,0,1,0,0,0,0,0,1,0,0,1,0.0,-0.7454795697498937,1
1,0,1,0,0,0,1,0,0,0,0,0,1,1,0,0,0.0,-0.7453607835304087,1
1,0,0,0,0,0,1,0,1,0,0,1,1,0,0,0,0.0,-0.7452520698940358,1
0,0,0,0,0,0,1,1,1,1,0,0,0,0,0,1,0.0,-0.7452438006623462,2
1,0,0,0,0,0,0,1,1,0,0,1,0,1,0,0,0.0,-0.7452363787048025,1
1,1,1,0,0,0,1,0,0,0,0,0,1,0,0,0,0.0,-0.7452337962583254,1
0,0,0,0,0,0,1,1,0,0,0,1,1,1,0,0,0.0,-0.7451273437928809,1
1,0,0,0,0,0,0,1,1,1,0,0,0,0,0,1,0.0,-0.7450433413070614,1
1,0,0,1,0,0,1,1,0,0,0,1,0,0,0,0,0.0,-0.7449599392737317,1
1,0,0,0,0,0,0,1,1,1,0,0,1,0,0,0,0.0,-0.7446829999490978,1
1,0,0,1,0,0,0,1,1,0,0,0,1,0,0,0,0.0,-0.744640249342158,1
1,0,0,0,0,0,0,1,0,0,0,1,1,1,0,0,0.0,-0.7446119156024205,1
0,0,0,1,0,0,1,1,1,0,0,0,1,0,0,0,0.0,-0.7441489212096905,1
0,1,0,0,0,1,1,1,0,0,0,0,1,0,0,0,0.0,-0.7439316165315478,2
0,1,1,0,0,0,1,0,0,0,0,0,1,0,0,1,0.0,-0.7439258503451298,1
1,1,0,0,0,0,0,1,0,0,0,1,1,0,0,0,0.0,-0.7439130851453271,1
1,1,0,0,0,0,1,0,1,0,0,1,0,0,0,0,0.0,-0.7437668197385515,1
1,1,0,0,0,0,0,1,0,0,0,0,1,1,0,0,0.0,-0.743701389377179,1
1,0,0,1,0,0,1,0,1,0,0,0,1,0,0,0,0.0,-0.7434958007051071,2
1,0,1,0,0,0,0,0,1,0,0,0,0,1,0,1,0.0,-0.7434087500125893,1
1,1,0,0,0,0,0,0,1,0,0,0,1,0,0,1,0.0,-0.7433904596944414,1
0,0,1,1,0,0,1,1,0,0,0,1,0,0,0,0,0.0,-0.7431237998645801,1
0,0,0,0,0,0,1,1,1,0,1,0,1,0,0,0,0.0,-0.7429325511710798,1
1,0,0,0,0,0,1,0,1,0,1,0,0,0,0,1,0.0,-0.7427535372393651,1
0,0,0,1,0,0,1,1,1,0,0,1,0,0,0,0,0.0,-0.7427021607530697,1
1,1,0,0,0,0,0,1,1,0,0,0,0,1,0,0,0.0,-0.7426334507947511,1
0,0,1,0,0,1,1,0,1,0,0,0,1,0,0,0,0.0,-0.7426246242843417,1
1,0,0,1,0,0,0,1,0,0,0,0,0,0,0,0,0.0,-0.7425341976453679,1
1,0,0,0,0,0,0,1,0,1,0,0,1,1,0,0,0.0,-0.7424698932323291,1
1,1,0,0,0,0,1,0,0,0,0,0,1,1,0,0,0.0,-0.7424386319407055,1
1,0,0,0,0,1,1,0,0,0,0,0,0,0,0,0,0.0,-0.7424163678218377,1
1,1,1,0,0,0,1,0,0,0,0,0,0,1,0,0,0.0,-0.7422040856118788,1
1,1,1,0,0,0,0,0,1,0,0,1,0,0,0,0,0.0,-0.742018641093178,1
1,0,0,1,0,0,1,0,0,0,0,1,0,0,0,1,0.0,-0.7419751686885524,1
1,0,0,1,0,0,1,0,1,0,0,1,0,0,0,0,0.0,-0.741862617376465,1
1,1,0,0,0,0,0,0,1,0,0,1,0,0,0,1,0.0,-0.7416385469709575,1
0,0,0,0,0,1,1,1,0,0,0,1,0,1,0,0,0.0,-0.7416286281201748,1
1,0,0,0,0,0,0,0,1,0,0,1,1,1,0,0,0.0,-0.7416090714140844,1
0,0,0,0,0,0,0,1,0,1,0,0,1,0,0,0,0.0,-0.7415859249479508,1
1,0,0,0,0,1,0,0,1,0,0,1,1,0,0,0,0.0,-0.7414231040761758,1
0,0,0,0,0,0,0,0,1,0,0,1,0,0,0,1,0.0,-0.7412831956345949,1
0,1,0,0,0,0,1,0,1,0,0,1,1,0,0,0,0.0,-0.74127981831467,1
1,1,0,0,0,0,0,0,0,0,0,0,0,0,0,1,0.0,-0.7412285181170318,1
1,1,0,1,0,0,0,1,0,0,0,0,1,0,0,0,0.0,-0.7412023747912528,1
0,0,0,0,0,1,1,0,1,0,0,1,1,0,0,0,0.0,-0.7410479725312021,1
0,0,1,0,0,1,1,0,0,0,0,1,1,0,0,0,0.0,-0.7409965172355666,1
1,0,0,1,0,1,0,1,0,0,0,0,0,0,0,1,0.0,-0.7406489711092688,1
0,0,1,0,0,1,1,1,0,0,1,0,0,0,0,0,0.0,-0.7404343796605871,1
1,0,0,0,0,0,1,0,1,0,1,1,0,0,0,0,0.0,-0.7404234741818947,2
1,1,1,0,0,0,0,0,0,0,0,0,1,1,0,0,0.0,-0.7400785496501306,2
1,1,1,0,0,1,0,0,0,0,0,0,1,0,0,0,0.0,-0.740042511326324,1
1,1,1,1,0,0,1,0,0,0,0,0,0,0,0,0,0.0,-0.739943579188171,1
1,1,0,0,0,0,0,0,1,0,0,0,1,1,0,0,0.0,-0.7398064896885231,2
0,0,0,0,0,1,1,0,0,0,0,0,1,0,0,0,0.0,-0.7397755218796638,1
1,0,0,0,0,1,1,0,0,0,0,1,0,1,0,0,0.0,-0.7396395159903411,1
1,0,1,1,0,0,0,0,1,0,0,1,0,0,0,0,0.0,-0.7396110085179246,1
0,0,0,0,0,0,1,0,1,0,0,0,0,1,0,0,0.0,-0.7395641434800104,1
0,1,1,0,0,1,1,0,0,0,0,0,1,0,0,0,0.0,-0.7393931340153288,1
1,0,0,0,0,1,1,0,1,0,1,0,0,0,0,0,0.0,-0.7393613930617842,1
1,1,0,0,0,0,1,0,1,0,1,0,0,0,0,0,0.0,-0.7392907336869328,1
0,1,0,0,0,0,1,1,1,0,1,0,0,0,0,0,0.0,-0.7391901664357564,1
1,0,1,1,0,1,1,0,0,0,0,0,0,0,0,0,0.0,-0.7390769087097061,1
1,1,1,0,0,0,0,0,1,0,0,0,0,1,0,0,0.0,-0.7390664619493202,1
1,0,1,0,0,0,0,0,0,1,0,0,1,1,0,0,0.0,-0.7390200178829632,1
0,0,0,1,0,0,1,0,1,0,0,1,1,0,0,0,0.0,-0.7389869047847604,1
0,1,0,0,0,1,0,1,1,0,0,1,0,0,0,0,0.0,-0.7389130487051534,1
1,0,0,0,1,0,1,1,0,0,0,0,0,0,0,1,0.0,-0.7388894029651432,1
1,1,0,0,0,1,0,1,0,0,0,0,0,1,0,0,0.0,-0.7388167233644853,1
0,0,0,0,0,0,1,0,0,0,1,1,1,0,0,1,0.0,-0.7384181864469622,1
1,1,0,0,0,0,0,0,0,0,0,1,1,1,0,0,0.0,-0.7383536610832572,2
0,0,0,0,0,1,0,1,1,1,0,1,0,0,0,0,0.0,-0.7382964288032998,1
1,0,0,0,0,0,0,0,1,0,1,0,0,0,0,0,0.0,-0.738294494689093,1
1,1,1,0,0,0,0,0,0,0,0,1,0,1,0,0,0.0,-0.7382881141346807,1
1,0,0,0,0,0,0,0,0,0,1,0,0,0,0,1,0.0,-0.738182303836908,1
0,0,0,0,0,1,1,0,1,1,0,0,0,0,0,1,0.0,-0.7380186835522037,1
0,0,0,0,0,0,0,0,1,1,0,1,1,0,0,1,0.0,-0.7378380312755113,1
0,0,0,0,0,0,1,0,1,0,1,0,0,0,0,0,0.0625,-0.737742703075094,1
0,0,0,0,0,1,0,0,1,0,0,0,1,0,0,0,0.0,-0.7375103227031163,1
0,0,0,0,0,1,0,1,1,0,1,0,1,0,0,0,0.0,-0.7374777345112895,1
0,1,0,0,0,0,1,0,1,0,0,1,0,1,0,0,0.0,-0.7374674370278472,1
1,0,0,0,0,1,0,0,0,0,0,1,0,1,0,1,0.0,-0.7374243544969422,1
1,1,0,0,0,0,1,0,0,0,1,1,0,0,0,0,0.0,-0.737392857760552,2
1,0,0,0,1,0,0,1,1,0,0,0,0,0,0,1,0.0,-0.7371984364097907,1
1,0,1,0,1,0,1,0,1,0,0,0,0,0,0,0,0.0,-0.737176169719219,1
0,1,0,0,0,0,1,0,0,0,1,0,1,0,0,1,0.0,-0.7371556533929112,1
1,1,1,0,0,0,0,0,0,1,0,1,0,0,0,0,0.0,-0.7371354697691584,1
0,0,0,1,0,1,0,1,0,0,0,1,1,0,0,0,0.0,-0.7371103682487214,1
0,0,0,0,0,1,0,0,1,0,0,0,0,0,0,1,0.0,-0.737043695745191,1
1,0,0,1,0,1,0,0,0,0,0,0,1,0,0,1,0.0,-0.7370384296257578,1
0,0,0,0,0,1,1,0,1,0,0,0,0,1,0,1,0.0,-0.7369198781114349,1
1,1,0,0,0,0,0,0,1,1,0,1,0,0,0,0,0.0,-0.7368872854090739,1
0,1,0,0,0,0,1,0,1,1,0,1,0,0,0,0,0.0,-0.7368571744370133,1
1,0,0,0,1,0,0,1,1,0,0,0,1,0,0,0,0.0,-0.7364914253728979,1
1,1,1,0,0,0,0,0,1,0,1,0,0,0,0,0,0.0,-0.7364700465746463,2
1,0,0,1,0,0,1,0,1,0,1,0,0,0,0,0,0.0,-0.736457424931654,1
0,0,1,0,1,0,0,1,0,0,0,0,1,0,0,1,0.0,-0.7364333243954639,2
0,1,0,1,0,0,1,0,1,0,0,0,1,0,0,0,0.0,-0.7362517468831924,1
0,1,0,0,0,0,1,0,1,0,1,0,1,0,0,0,0.0,-0.7362462724518872,1
0,1,0,0,0,0,0,1,0,0,1,1,1,0,0,0,0.0,-0.7360365052146997,1
0,1,1,0,0,1,0,0,1,0,0,0,1,0,0,0,0.0,-0.7360070772365626,1
0,0,0,0,0,1,1,0,1,0,1,0,1,0,0,0,0.0,-0.7360065185881489,1
0,1,1,0,0,0,0,1,0,0,1,1,0,0,0,0,0.0,-0.7359047713017173,1
0,0,0,0,0,0,0,0,0,0,1,0,1,0,0,1,0.0,-0.7358921728431705,1
0,0,1,0,0,1,0,0,0,0,0,0,1,1,0,1,0.0,-0.7358484421169029,1
0,0,0,1,0,1,0,1,1,0,0,1,0,0,0,0,0.0,-0.7355086143836302,1
0,1,1,0,0,0,1,0,0,0,1,1,0,0,0,0,0.0,-0.7354184699017221,1
0,0,1,0,0,1,1,0,1,0,1,0,0,0,0,0,0.0,-0.7353851162727174,1
0,0,0,1,0,0,1,0,1,0,0,0,1,1,0,0,0.0,-0.7353741874483447,1
0,1,1,1,0,0,1,0,1,0,0,0,0,0,0,0,0.0,-0.7353194136077014,1
0,1,0,0,0,0,0,0,1,0,0,1,1,1,0,0,0.0,-0.7352892991432158,1
0,0,1,0,0,0,0,1,1,0,1,0,0,1,0,0,0.0,-0.7352819596112021,1
1,0,1,0,1,0,1,0,0,0,0,0,1,0,0,0,0.0,-0.7352741293783521,1
1,1,1,0,0,1,0,0,0,1,0,0,0,0,0,0,0.0,-0.7352287193115465,1
0,0,1,0,0,0,0,0,0,0,1,0,0,0,0,1,0.0,-0.7352063209262354,1
0,1,0,0,0,0,1,0,0,0,1,1,1,0,0,0,0.0,-0.7351757541121102,1
1,0,0,0,0,1,0,0,0,0,1,1,0,0,0,1,0.0,-0.7350523991085864,1
0,1,0,0,1,0,1,1,0,0,0,0,0,0,0,1,0.0,-0.7350381442588878,1
0,0,1,1,0,0,1,0,0,1,0,1,0,0,0,0,0.0,-0.7349993511133959,1
1,0,1,0,1,0,0,1,0,0,0,1,0,0,0,0,0.0,-0.7349613347301622,1
0,0,0,0,0,0,0,1,1,0,1,1,0,1,0,0,0.0,-0.7348271000326735,1
1,0,1,0,1,0,0,0,0,0,0,0,1,0,0,1,0.0,-0.7347123799940609,1
1,1,0,0,0,0,0,0,0,0,1,0,0,0,0,0,0.0,-0.7346827470232946,1
0,0,0,0,1,0,1,1,0,0,0,0,0,1,0,1,0.0,-0.7346620343133874,1
1,1,0,0,0,0,0,0,0,0,1,1,1,0,0,0,0.0,-0.7346327924861163,1
1,0,1,0,1,0,0,0,1,0,0,0,1,0,0,0,0.0,-0.734590968002971,1
1,0,0,0,0,1,0,0,0,0,1,1,1,0,0,0,0.0,-0.7345905797202854,1
1,0,0,0,1,0,0,1,1,0,0,1,0,0,0,0,0.0,-0.7345833326742253,2
0,0,0,1,0,0,0,0,0,0,0,1,1,0,0,0,0.0,-0.7345698567012976,1
0,0,1,0,0,0,1,1,1,0,0,0,0,0,1,0,0.0,-0.7344966431743211,1
0,0,1,0,1,0,1,0,1,0,0,0,1,0,0,0,0.0,-0.7344687269494853,2
1,0,0,0,0,0,0,0,0,0,1,1,1,1,0,0,0.0,-0.7344375575435809,1
0,1,0,0,0,0,1,0,0,0,1,0,0,0,0,0,0.0,-0.7344338916588936,1
1,1,0,0,1,0,0,1,1,0,0,0,0,0,0,0,0.0,-0.7344069144752796,1
0,0,0,0,1,0,0,1,0,0,0,0,0,0,0,1,0.0,-0.7344066563878587,2
1,0,0,0,1,0,0,1,0,0,0,1,0,0,0,1,0.0,-0.734325883925847,1
0,0,1,1,0,0,0,0,1,0,0,0,0,0,0,0,0.0,-0.7340485666333436,1
1,0,1,0,1,1,1,0,0,0,0,0,0,0,0,0,0.0,-0.7340273418211869,1
1,0,0,0,1,0,0,0,1,0,0,0,1,0,0,1,0.0,-0.7339791459401211,1
1,0,1,0,0,0,0,1,1,0,0,0,0,0,1,0,0.0,-0.7338524814434382,1
1,1,0,0,0,1,0,0,0,0,0,0,0,1,0,1,0.0,-0.7338057935427824,1
0,0,0,0,1,0,1,1,1,0,0,0,0,1,0,0,0.0,-0.7337855620649159,1
1,1,0,0,1,0,1,0,1,0,0,0,0,0,0,0,0.0,-0.7336618052701237,1
0,1,0,0,0,1,1,0,0,1,0,1,0,0,0,0,0.0,-0.7334060667426294,1
1,0,0,0,1,0,1,0,1,0,0,1,0,0,0,0,0.0,-0.7333519756247905,1
0,0,1,0,1,0,0,1,0,0,0,1,1,0,0,0,0.0,-0.7333214403541584,1
1,1,0,0,0,1,0,0,1,0,0,0,0,1,0,0,0.0,-0.7332975352859976,1
1,0,0,0,1,0,1,0,0,0,0,1,0,0,0,1,0.0,-0.7332756125425023,1
0,0,1,0,1,0,0,0,1,0,0,0,1,0,0,1,0.0,-0.7331516138188575,1
0,1,0,0,0,0,0,0,1,0,1,0,1,0,0,1,0.0,-0.7331218054505261,1
0,0,0,0,1,0,0,1,0,0,0,1,1,0,0,1,0.0,-0.7330765844472479,1
0,0,0,1,0,0,1,0,1,0,1,0,1,0,0,0,0.0,-0.7330242525287853,1
0,0,0,1,0,0,0,0,1,1,0,0,1,0,0,1,0.0,-0.7329929229286108,1
0,1,0,0,0,1,1,0,0,0,1,0,1,0,0,0,0.0,-0.7329799439120038,1
1,1,0,1,0,0,1,0,0,0,1,0,0,0,0,0,0.0,-0.7329103754172583,1
0,1,0,0,0,0,0,0,0,0,0,0,0,1,0,1,0.0,-0.7328901687036444,1
0,0,1,0,0,1,0,0,1,0,1,0,1,0,0,0,0.0,-0.732874801391433,1
1,0,0,0,1,1,0,1,0,0,0,1,0,0,0,0,0.0,-0.7327811250904276,1
0,1,0,0,0,1,0,1,0,0,1,0,0,0,0,1,0.0,-0.7327623136982135,1
0,1,0,0,0,1,0,1,0,0,1,1,0,0,0,0,0.0,-0.7326104154939082,1
0,0,1,1,0,0,0,0,0,1,0,1,0,0,0,1,0.0,-0.732603083395877,1
0,0,0,0,1,0,0,1,1,0,0,1,1,0,0,0,0.0,-0.7325520098906847,1
1,0,0,0,1,1,1,0,0,0,0,0,1,0,0,0,0.0,-0.7325367140516925,1
1,1,1,0,1,0,0,0,1,0,0,0,0,0,0,0,0.0,-0.7324242327310698,1
1,1,0,0,0,1,0,0,0,0,1,0,0,0,0,1,0.0,-0.7324177777252372,1
1,0,1,0,1,1,0,0,0,0,0,0,0,0,0,1,0.0,-0.7323966065815748,1
0,0,0,0,1,0,1,1,0,1,0,0,1,0,0,0,0.0,-0.7321275711644482,1
0,0,0,1,0,1,1,0,0,0,0,0,0,0,0,0,0.0,-0.7319886598823714,1
0,1,1,0,1,0,1,0,1,0,0,0,0,0,0,0,0.0,-0.7319836091930347,2
0,1,0,0,1,0,1,0,0,0,0,0,1,0,0,1,0.0,-0.7319661593430212,1
0,0,0,0,0,1,0,0,1,0,1,1,1,0,0,0,0.0,-0.731888939374514,1
1,0,1,0,1,0,0,0,0,0,0,0,0,1,0,1,0.0,-0.731821701682645,1
1,0,1,1,0,1,0,0,0,1,0,0,0,0,0,0,0.0,-0.7317778847653831,1
0,0,1,1,0,1,0,0,0,0,0,1,0,0,0,1,0.0,-0.7317708843966384,1
0,0,1,0,1,0,0,1,1,0,0,0,0,1,0,0,0.0,-0.7317058789147253,1
0,1,0,0,0,0,1,0,0,0,1,0,0,1,0,1,0.0,-0.7316826395483257,1
0,0,0,0,0,0,0,0,1,0,1,1,1,1,0,0,0.0,-0.731612768972497,1
0,0,0,0,1,0,1,0,0,0,0,0,1,0,0,0,0.0,-0.7315134711211421,1
0,0,0,0,0,1,0,0,1,0,1,1,0,0,0,1,0.0,-0.7315067441028094,1
0,1,0,0,1,0,0,1,1,0,0,0,0,0,0,1,0.0,-0.7314477634874944,1
1,1,0,0,0,0,0,0,1,0,1,0,0,1,0,0,0.0,-0.7314418360015722,1
1,1,0,0,1,0,0,0,0,0,0,0,1,0,0,1,0.0,-0.7314042488108216,2
0,1,0,0,0,1,1,0,0,0,1,1,0,0,0,0,0.0,-0.7313763433666288,1
1,1,0,0,1,0,0,0,1,0,0,0,0,0,0,1,0.0,-0.7312674594320439,1
1,1,0,1,0,1,0,0,0,0,0,0,0,0,0,1,0.0,-0.7312308054902249,1
0,1,1,0,0,0,1,1,0,0,0,0,0,0,1,0,0.0,-0.7312260141811987,1
1,1,0,0,1,0,0,1,0,0,0,0,0,1,0,0,0.0,-0.7310767767498206,1
0,1,0,0,1,0,1,0,1,0,0,0,1,0,0,0,0.0,-0.7310418856429096,1
0,1,0,0,0,1,1,0,1,0,1,0,0,0,0,0,0.0,-0.7310247678547848,2
1,0,1,0,0,1,0,0,0,0,1,0,0,1,0,0,0.0,-0.7309225714634435,1
1,0,1,0,1,0,1,0,0,0,1,0,0,0,0,0,0.0,-0.7308772914423777,1
0,1,1,0,0,1,0,0,0,1,0,1,0,0,0,0,0.0,-0.730824689753371,1
1,0,1,0,1,0,0,0,0,1,0,0,0,0,0,1,0.0,-0.7308145363651807,1
1,0,1,0,1,0,0,0,1,1,0,0,0,0,0,0,0.0,-0.730724170639171,1
1,0,0,0,1,0,0,0,1,0,0,0,1,1,0,0,0.0,-0.7306500112564149,1
1,0,0,0,1,0,0,0,1,0,0,1,1,0,0,0,0.0,-0.7306255210719899,2
1,0,0,0,0,1,0,0,1,0,1,0,0,1,0,0,0.0,-0.7305687730605048,1
0,1,0,0,0,0,1,0,1,0,1,0,0,1,0,0,0.0,-0.7305318011140983,1
0,0,0,0,1,0,1,0,1,0,0,0,0,1,0,1,0.0,-0.7304174922634628,2
0,0,0,0,0,1,0,1,1,0,1,0,0,1,0,0,0.0,-0.7304017406974677,1
0,0,0,1,0,1,0,1,0,0,1,0,1,0,0,0,0.0,-0.7303640246050704,1
1,0,0,0,1,0,1,0,1,0,1,0,0,0,0,0,0.0,-0.7303382232240617,2
0,0,1,0,1,0,0,0,0,0,0,0,1,0,0,0,0.0,-0.730336786141496,1
0,1,0,1,0,1,1,0,0,0,0,1,0,0,0,0,0.0,-0.7302787868057629,1
0,0,0,0,1,0,1,0,1,0,0,0,1,1,0,0,0.0,-0.7302732744392287,1
0,1,0,1,0,0,1,0,0,0,0,0,0,1,0,1,0.0,-0.7302665586776357,1
1,1,0,0,1,0,1,0,0,0,0,0,0,1,0,0,0.0,-0.7301651189730555,1
0,0,0,0,1,0,0,0,1,0,0,0,1,0,0,0,0.0,-0.730051753131939,1
1,1,0,0,0,0,0,1,1,0,0,0,0,0,1,0,0.0,-0.7300424900766954,1
0,1,1,0,1,1,0,1,0,0,0,0,0,0,0,0,0.0,-0.7300354265626953,2
0,1,0,0,0,1,0,0,1,0,0,0,1,1,0,0,0.0,-0.7299281505756636,1
1,0,1,1,1,0,0,0,0,0,0,0,0,0,0,1,0.0,-0.7298124314869943,1
0,1,0,0,0,1,0,0,0,0,1,0,1,0,0,1,0.0,-0.7297912102861212,1
0,1,0,1,0,0,0,0,0,1,0,0,1,0,0,1,0.0,-0.7297328036948748,1
1,0,0,0,1,0,1,0,0,1,0,0,1,0,0,0,0.0,-0.7297143482195191,1
0,1,1,0,1,0,0,0,1,0,0,0,1,0,0,0,0.0,-0.7296630736909142,1
0,1,0,0,1,0,1,0,1,0,0,1,0,0,0,0,0.0,-0.7295095817560935,1
0,1,0,0,0,1,0,0,0,0,0,1,0,1,0,1,0.0,-0.7294701208660053,1
1,1,0,0,1,0,0,0,0,0,0,1,0,0,0,1,0.0,-0.7294048334749748,1
0,1,0,0,0,0,0,0,0,1,0,0,0,1,0,0,0.0,-0.7291918083645914,1
0,0,0,0,0,0,1,0,1,0,0,0,1,0,1,1,0.0,-0.7289860276832223,1
0,0,0,0,1,0,1,0,1,1,0,0,1,0,0,0,0.0,-0.7289552712234014,1
1,0,0,0,1,0,0,0,0,1,0,0,1,0,0,1,0.0,-0.7288578210296534,1
0,1,0,1,0,0,0,1,0,0,1,1,0,0,0,0,0.0,-0.7286616812125578,1
1,1,0,0,1,1,0,0,0,0,0,0,1,0,0,0,0.0,-0.7283630892823945,1
0,0,1,1,0,0,0,0,1,0,1,0,0,0,0,1,0.0,-0.7283587657742573,1
1,1,0,0,1,0,0,0,0,0,0,1,1,0,0,0,0.0,-0.7283554534376973,1
0,0,0,1,0,1,1,0,0,0,0,1,0,1,0,0,0.0,-0.7283246830360339,1
0,1,0,0,1,1,0,1,1,0,0,0,0,0,0,0,0.0,-0.7282866050821648,1
0,0,0,0,0,1,0,0,0,0,1,0,1,1,0,1,0.0,-0.7282400799570833,1
0,0,0,0,0,0,0,1,1,0,0,1,1,0,1,0,0.0,-0.7282270126488886,1
0,1,1,0,1,0,0,0,1,0,0,1,0,0,0,0,0.0,-0.7281585163477956,1
0,0,0,0,1,0,1,0,1,0,1,0,0,0,0,1,0.0,-0.7280835063727943,1
1,0,0,0,1,1,0,0,0,0,0,1,1,0,0,0,0.0,-0.7280813523180969,2
0,0,1,0,0,0,1,0,1,0,0,1,0,0,1,0,0.0,-0.7280769609712542,2
0,1,1,0,1,0,1,0,0,0,0,0,0,1,0,0,0.0,-0.728036528641499,1
0,0,0,0,1,0,1,0,0,0,0,0,0,1,0,0,0.0,-0.7279827204143245,1
1,0,0,1,0,1,0,0,1,0,1,0,0,0,0,0,0.0,-0.7279245978334472,1
0,0,1,0,0,0,1,1,0,0,1,0,0,0,1,0,0.0,-0.7279093889230149,1
1,0,0,0,1,0,0,0,0,0,0,1,1,1,0,0,0.0,-0.7278836840782256,1
0,1,0,0,1,0,1,0,0,0,0,0,1,1,0,0,0.0,-0.7278543031550048,1
1,0,0,0,1,0,1,0,0,1,0,1,0,0,0,0,0.0,-0.7277644930379591,1
0,1,0,0,0,1,0,0,1,0,0,0,0,1,0,1,0.0,-0.7276421283702783,1
0,0,0,0,1,1,0,1,0,0,0,0,0,1,0,1,0.0,-0.7276307775656464,1
0,1,0,0,0,0,1,1,0,0,0,1,0,0,1,0,0.0,-0.7275884699570409,1
1,0,0,0,1,0,1,0,0,0,1,1,0,0,0,0,0.0,-0.7271268487247573,1
1,1,0,0,1,0,0,0,1,0,0,0,0,1,0,0,0.0,-0.7270854905430755,1
0,0,0,0,1,1,1,0,0,1,0,0,0,0,0,1,0.0,-0.7270517452883034,1
0,1,0,0,1,0,0,0,1,0,0,1,1,0,0,0,0.0,-0.7270477934174205,2
0,0,0,0,0,0,0,1,1,0,0,0,0,1,1,1,0.0,-0.7270332648845679,1
0,0,0,0,0,1,0,0,1,0,1,0,1,1,0,0,0.0,-0.7269903345755546,1
0,1,0,0,1,0,0,1,1,0,0,0,0,1,0,0,0.0,-0.7269777177364376,1
1,0,1,0,1,1,0,0,0,0,0,0,0,1,0,0,0.0,-0.7269528683357525,1
0,1,0,0,1,1,1,0,1,0,0,0,0,0,0,0,0.0625,-0.726927984045193,1
1,0,0,0,1,0,1,0,0,0,1,0,0,1,0,0,0.0,-0.7267627297584401,1
0,1,0,0,1,0,1,0,1,1,0,0,0,0,0,0,0.0,-0.7266732826415199,1
1,0,1,0,0,0,1,0,0,0,0,1,0,0,1,0,0.0,-0.7265828223264768,1
0,0,0,0,1,1,0,1,0,0,1,0,1,0,0,0,0.0,-0.7265634370187845,1
0,1,0,1,0,0,1,0,0,1,0,0,0,1,0,0,0.0,-0.7264632080062267,1
0,0,0,1,1,0,1,0,0,0,0,0,0,0,0,0,0.0,-0.7264252561454028,2
0,1,0,0,1,1,1,0,0,0,0,1,0,0,0,0,0.0,-0.7264215229033341,1
1,1,0,0,0,0,1,0,0,0,0,0,1,0,1,0,0.0,-0.7263724975773771,1
0,0,1,0,1,1,1,0,0,0,0,0,0,1,0,0,0.0,-0.7263157477632344,1
0,1,1,0,1,0,1,0,0,0,1,0,0,0,0,0,0.0,-0.7262146360960432,1
0,0,0,0,1,1,1,0,0,0,0,0,0,1,0,1,0.0,-0.7262072488474822,1
0,1,0,0,1,0,1,0,0,0,0,1,0,1,0,0,0.0,-0.7261442973247402,1
0,1,1,1,0,0,0,0,0,0,0,0,0,1,0,1,0.0,-0.7261017698315835,1
0,0,0,0,1,0,1,0,0,1,0,1,1,0,0,0,0.0,-0.7260069016806074,1
0,0,1,0,1,0,0,0,1,0,1,0,0,0,0,1,0.0,-0.7259522380457138,1
0,0,0,0,0,0,1,0,1,0,0,0,1,1,1,0,0.0,-0.7259130561945287,1
0,1,1,0,1,0,0,0,0,0,0,0,1,1,0,0,0.0,-0.7258913341015055,1
1,0,1,0,0,1,1,0,0,0,0,0,0,0,1,0,0.0,-0.7258852000792211,1
0,1,1,0,1,0,0,0,0,1,0,0,1,0,0,0,0.0,-0.7258366821511486,1
0,1,1,0,1,1,0,0,0,0,0,0,0,0,0,1,0.0,-0.7258342509094495,2
0,0,0,1,0,0,1,1,0,0,0,1,0,0,1,0,0.0,-0.7256809700447268,1
0,0,0,1,1,1,0,1,0,0,0,0,0,0,0,1,0.0,-0.7253861357239354,1
0,1,0,1,0,0,0,0,1,0,0,1,0,1,0,0,0.0,-0.7252884129454489,1
0,0,0,0,1,0,0,0,1,0,1,0,1,0,0,1,0.0,-0.725278399617525,2
0,0,1,1,1,0,0,0,0,0,0,1,1,0,0,0,0.0,-0.7252232441987874,1
1,0,0,0,0,0,1,0,1,0,1,0,0,0,1,0,0.0,-0.725218012639654,1
0,0,1,0,1,0,0,1,0,1,1,0,0,0,0,0,0.0,-0.72516147466625,1
0,0,0,0,1,0,0,1,0,0,1,0,1,1,0,0,0.0,-0.7251562039761247,1
1,0,0,0,0,0,0,0,1,0,0,0,0,1,1,1,0.0,-0.7251282749013908,1
0,0,0,0,0,0,0,1,0,0,0,1,1,1,1,0,0.0,-0.7251106931875543,1
0,0,1,0,0,1,0,0,1,0,1,0,0,1,0,0,0.0,-0.7251039527861163,1
1,0,0,0,0,0,0,1,0,0,1,0,1,0,1,0,0.0,-0.7248948441642574,1
0,1,0,1,1,0,0,1,0,0,0,1,0,0,0,0,0.0,-0.7248147319207086,1
0,0,0,1,0,1,0,0,0,0,0,1,0,1,0,1,0.0,-0.724746953196433,1
0,1,0,0,1,0,0,1,1,0,1,0,0,0,0,0,0.0,-0.7247464126876534,2
1,0,0,0,1,1,0,0,1,0,1,0,0,0,0,0,0.0,-0.7246985363603216,1
0,1,0,0,1,0,1,0,1,0,1,0,0,0,0,0,0.0,-0.7246435643133778,1
0,1,0,0,1,0,1,0,1,0,1,0,0,0,0,0,0.0625,-0.7246435643133778,1
0,0,0,0,1,0,0,0,1,1,0,1,1,0,0,0,0.0,-0.7246011340517299,1
0,0,1,0,1,0,1,0,0,0,1,0,0,1,0,0,0.0,-0.7246004457822678,1
0,0,0,0,1,1,1,0,0,1,0,1,0,0,0,0,0.0,-0.7245458845729148,1
0,0,1,1,0,0,0,1,0,0,0,1,0,0,1,0,0.0,-0.7245205439784632,1
1,1,0,0,1,0,0,0,0,1,0,1,0,0,0,0,0.0,-0.7245070878308328,1
0,1,0,0,0,0,1,0,1,0,0,1,0,0,1,0,0.0,-0.7244702112646657,1
0,0,0,1,0,0,0,0,0,0,1,1,1,1,0,0,0.0,-0.7243250530277033,1
0,1,0,0,1,0,0,0,1,0,0,0,1,1,0,0,0.0,-0.7242420069045467,1
0,0,1,0,1,1,0,0,0,0,0,0,1,1,0,0,0.0,-0.7241903998661704,1
0,1,0,1,1,0,1,0,1,0,0,0,0,0,0,0,0.0,-0.7240589312429773,2
0,0,0,1,1,0,0,0,1,0,0,1,1,0,0,0,0.0,-0.7239994790520627,1
0,1,0,0,0,1,0,0,1,1,0,0,0,1,0,0,0.0,-0.7238516162358413,2
0,0,0,0,0,0,1,0,0,0,0,1,0,0,1,0,0.0,-0.723826718191406,1
0,1,0,0,1,0,0,0,1,1,0,0,0,0,0,1,0.0,-0.7237902692303918,2
0,1,0,0,0,1,0,1,0,0,0,0,1,0,1,0,0.0,-0.7237491980960613,1
0,0,0,0,1,0,0,0,1,0,1,0,0,0,0,0,0.0,-0.7236079443405572,1
0,1,0,0,0,1,0,0,0,1,1,1,0,0,0,0,0.0,-0.723559757851717,1
0,1,0,0,0,1,0,0,0,0,1,0,1,1,0,0,0.0,-0.7235503462507611,1
0,0,0,0,0,0,0,0,1,0,0,0,1,1,1,1,0.0,-0.7234643895289707,1
0,1,0,0,1,0,0,0,0,1,0,0,0,0,0,0,0.0,-0.7234490835432432,1
0,1,1,1,0,0,0,0,1,0,1,0,0,0,0,0,0.0,-0.7233876678822767,1
0,1,0,0,0,0,0,0,0,1,1,1,0,1,0,0,0.0,-0.7233821776199288,1
1,1,0,0,0,0,0,1,0,0,1,0,0,0,1,0,0.0,-0.7233455851423827,1
0,0,0,1,0,0,0,1,0,0,0,1,1,0,1,0,0.0,-0.7233026232576742,1
0,1,1,0,1,0,0,0,0,0,1,0,0,0,0,1,0.0,-0.7232741373952744,1
1,0,0,1,0,0,0,0,1,0,0,0,0,0,1,1,0.0,-0.7232131641133575,1
0,0,0,1,0,0,1,1,0,1,0,0,0,0,1,0,0.0,-0.7231839819637605,1
0,1,0,0,1,0,0,0,0,0,1,0,1,0,0,1,0.0,-0.7229938342991177,2
0,0,0,0,1,1,0,0,1,0,0,0,1,1,0,0,0.0,-0.7228266423711196,1
1,0,0,1,1,1,0,0,0,0,0,1,0,0,0,0,0.0,-0.722818774556651,1
0,1,0,1,0,0,0,1,0,0,0,0,1,0,1,0,0.0,-0.7227653182361916,1
0,0,0,1,1,1,1,0,0,0,0,1,0,0,0,0,0.0,-0.7227175203031816,2
0,0,1,0,0,0,0,0,1,0,0,1,0,1,1,0,0.0,-0.7225807345288026,1
0,1,0,0,1,0,0,0,1,0,0,1,0,1,0,0,0.0,-0.7225435580233187,1
0,1,0,0,1,0,0,0,1,1,0,1,0,0,0,0,0.0,-0.7225072117095187,1
0,0,0,0,0,0,1,0,0,0,0,1,1,1,1,0,0.0,-0.7224829790384192,2
1,0,0,1,1,0,0,0,0,1,0,1,0,0,0,0,0.0,-0.7219713400132453,1
0,0,0,1,1,1,0,0,0,0,0,0,1,0,0,1,0.0,-0.7218668445147614,1
0,1,0,0,0,1,0,0,0,0,1,1,0,1,0,0,0.0,-0.7217806007109743,1
0,1,0,1,1,0,0,0,1,0,0,0,1,0,0,0,0.0,-0.7217330191758244,1
0,0,0,0,1,1,0,0,1,0,0,0,0,1,0,1,0.0,-0.7217185617547621,1
0,0,1,0,1,0,0,0,0,0,1,0,0,1,0,1,0.0,-0.7216373249802154,1
1,1,0,0,0,0,0,0,0,0,0,1,1,0,1,0,0.0,-0.7215904989630539,2
0,0,1,0,1,1,0,0,1,0,1,0,0,0,0,0,0.0,-0.7215338630727792,1
0,1,1,0,0,1,1,0,0,0,0,0,0,0,1,0,0.0,-0.7214963823801153,1
1,0,1,1,0,0,0,0,0,0,0,1,0,0,1,0,0.0,-0.7214924568557888,1
0,1,1,0,1,1,0,0,0,1,0,0,0,0,0,0,0.0,-0.7214451104271621,1
0,0,0,1,1,1,0,1,0,1,0,0,0,0,0,0,0.0,-0.721178561709194,1
0,0,0,0,0,0,1,0,1,0,1,1,0,0,1,0,0.0,-0.7211645722034825,1
0,1,0,1,1,0,0,0,0,0,0,1,0,0,0,1,0.0,-0.7211547083708345,1
0,1,0,0,1,0,0,0,0,0,1,1,1,0,0,0,0.0,-0.7210346361832289,1
0,0,0,1,1,0,1,0,1,0,1,0,0,0,0,0,0.0,-0.7208443656235184,2
1,1,0,0,1,0,0,0,0,1,1,0,0,0,0,0,0.0,-0.7207597596772555,1
0,1,0,0,0,0,1,0,1,0,1,0,0,0,1,0,0.0,-0.720675124711527,1
0,1,0,1,0,1,0,0,0,0,1,0,1,0,0,0,0.0,-0.7206227144032493,1
0,0,0,1,1,1,0,0,0,0,0,1,1,0,0,0,0.0,-0.7202733718392054,1
0,1,0,1,1,0,0,0,1,0,0,1,0,0,0,0,0.0,-0.7200819799755248,1
0,1,0,0,1,1,0,0,0,0,0,0,1,1,0,0,0.0,-0.7199711875329182,1
0,0,0,1,1,0,0,0,1,0,0,0,1,1,0,0,0.0,-0.7199308532716943,1
0,1,0,1,0,0,1,0,0,0,0,0,0,0,1,1,0.0,-0.7198834408021437,1
0,0,1,1,0,0,1,0,0,1,0,0,0,0,1,0,0.0,-0.7198733394655664,1
0,1,0,0,0,0,0,1,0,0,1,1,0,0,1,0,0.0,-0.7197159989936283,1
1,0,1,0,0,0,0,0,0,0,1,0,0,1,1,0,0.0,-0.7193470574390844,1
0,0,0,0,0,1,1,0,1,1,0,0,0,0,1,0,0.0,-0.7190784098149681,1
0,0,0,0,1,1,1,0,0,0,1,0,0,1,0,0,0.0,-0.7190441263320548,1
0,1,1,0,0,0,0,0,0,0,0,1,0,1,1,0,0.0,-0.7190145629135861,1
0,0,0,0,0,0,0,0,1,1,0,1,1,0,1,0,0.0,-0.7190107006257077,1
0,1,0,1,0,1,0,0,0,0,1,1,0,0,0,0,0.0,-0.7189003785443906,1
0,0,0,0,1,0,1,1,1,0,0,0,0,0,1,0,0.0,-0.7188026025140668,2
0,1,0,0,0,0,0,0,1,0,0,0,0,1,1,1,0.0,-0.7185856083274897,1
0,1,0,0,0,1,1,0,0,0,0,1,0,0,1,0,0.0,-0.7185679230337148,2
0,0,0,0,0,0,0,0,1,0,1,1,0,0,1,1,0.0,-0.7185412351803333,1
0,0,0,0,0,0,0,0,1,0,1,1,1,0,1,0,0.0,-0.718427111299526,1
0,1,0,0,0,0,0,0,0,0,0,1,1,1,1,0,0.0,-0.7183619638197333,1
0,1,1,1,0,0,0,0,1,0,0,0,0,0,1,0,0.0,-0.7181781794615252,1
0,1,0,0,1,1,0,0,0,0,0,1,0,1,0,0,0.0,-0.7180983632059921,1
0,0,1,1,0,0,1,0,0,0,1,0,0,0,1,0,0.0,-0.7180919587092657,1
0,0,0,0,0,1,1,0,0,0,1,0,1,0,1,0,0.0,-0.7178209052151832,2
0,1,0,0,0,0,0,0,0,0,1,0,1,0,1,1,0.0,-0.7176770047654335,1
1,0,0,0,1,0,1,1,0,0,0,0,0,0,1,0,0.0,-0.7176046194088439,1
1,0,0,0,0,1,0,0,0,1,0,0,1,0,1,0,0.0,-0.7174968457971949,1
1,0,0,1,0,1,0,0,1,0,0,0,0,0,1,0,0.0,-0.7174851520332735,1
0,0,1,0,0,0,0,0,1,0,1,0,0,1,1,0,0.0,-0.7171058546886077,1
0,1,0,0,0,0,0,0,1,0,1,0,0,0,1,1,0.0,-0.7168920978212372,1
0,1,1,0,0,0,0,0,0,0,1,1,0,0,1,0,0.0,-0.7168492061817359,1
1,1,0,0,0,0,0,0,0,0,1,1,0,0,1,0,0.0,-0.7168340898007093,1
0,1,1,1,1,1,0,0,0,0,0,0,0,0,0,0,0.0,-0.7167990469585119,1
1,0,0,1,1,0,0,0,0,0,1,0,0,1,0,0,0.0,-0.716208848573732,1
0,1,1,0,0,0,0,0,0,1,0,0,0,1,1,0,0.0,-0.7159231314820814,1
0,1,0,1,1,1,0,0,0,0,0,1,0,0,0,0,0.0,-0.7158393062957227,1
0,0,0,0,1,0,0,1,0,0,0,0,1,0,1,1,0.0,-0.7156071124749804,1
0,1,0,1,1,0,0,0,0,0,0,1,0,1,0,0,0.0,-0.7152051340015498,1
1,1,0,0,1,0,0,1,0,0,0,0,0,0,1,0,0.0,-0.7149598343554738,1
0,0,0,0,0,1,0,0,0,0,0,1,1,1,1,0,0.0,-0.7147917423743448,1
0,0,0,0,0,1,0,0,1,1,0,1,0,0,1,0,0.0,-0.7145518224958567,1
0,0,0,0,1,1,1,1,0,0,0,0,0,0,1,0,0.0,-0.7144525482831204,1
0,0,0,1,0,0,0,0,0,0,1,0,1,0,1,1,0.0,-0.7142731352633105,1
1,0,0,0,1,0,1,0,0,0,0,0,0,0,1,1,0.0,-0.7142663151808993,1
0,0,0,0,1,0,1,0,1,0,0,0,1,0,1,0,0.0,-0.7141884711050798,1
0,0,0,1,0,1,0,0,1,0,1,0,0,1,0,0,0.0,-0.7140690821259726,1
0,0,1,0,0,1,0,0,0,0,1,1,0,0,1,0,0.0,-0.7140082219043864,1
0,0,0,0,0,0,0,0,0,0,1,0,0,1,1,0,0.0,-0.7139494067023437,1
0,0,0,1,1,0,0,0,0,1,1,0,0,0,0,1,0.0,-0.7139033690714771,1
0,0,0,1,1,0,1,1,0,0,0,0,0,0,1,0,0.0,-0.7138294471342754,1
0,1,0,0,1,0,0,1,0,0,0,0,0,0,1,1,0.0,-0.7138078398467863,1
0,0,1,1,1,1,0,0,0,0,1,0,0,0,0,0,0.0,-0.7135491429059764,1
1,0,0,0,1,1,0,1,0,0,0,0,0,0,1,0,0.0,-0.7134212199197097,2
0,0,0,1,0,1,0,0,1,0,0,0,0,0,1,1,0.0,-0.7132408736401527,1
0,0,0,0,1,0,0,1,1,0,0,0,0,1,1,0,0.0,-0.7132320868705301,1
0,0,0,1,1,1,0,0,0,0,0,0,0,1,0,1,0.0,-0.7131130451485899,1
0,1,0,0,0,1,0,0,0,0,1,0,1,0,1,0,0.0,-0.7124863970903608,1
1,0,0,0,1,0,0,1,0,0,0,1,0,0,1,0,0.0,-0.7124521518300555,1
0,1,0,0,1,0,1,0,0,0,0,0,0,0,1,1,0.0,-0.7123651074393378,1
1,1,0,0,1,0,0,0,1,0,0,0,0,0,1,0,0.0,-0.7123054064322611,1
0,0,0,0,1,1,0,1,0,0,0,0,1,0,1,0,0.0,-0.7123020437555266,2
0,1,0,0,1,0,1,0,0,0,0,0,1,0,1,0,0.0,-0.7119627512675486,1
0,0,1,1,0,0,0,0,0,1,0,0,0,1,1,0,0.0,-0.711820905367861,1
1,0,0,1,0,0,0,0,0,0,1,0,0,1,1,0,0.0,-0.7113176471067864,1
0,0,0,0,1,1,0,0,0,1,1,0,0,1,0,0,0.0,-0.7112567210078933,1
0,0,0,0,1,0,0,0,0,0,0,0,0,0,1,1,0.0,-0.7111488802498579,1
0,0,0,1,1,0,0,1,0,0,0,0,0,0,1,1,0.0,-0.7109750630249181,1
0,1,0,0,0,1,0,0,0,0,0,1,0,1,1,0,0.0,-0.7108555834205152,1
0,0,0,0,0,1,0,0,0,1,0,0,0,1,1,1,0.0,-0.7107373780874596,1
0,1,0,1,0,0,0,0,0,0,0,0,0,1,1,1,0.0,-0.7103906677699278,1
0,0,0,0,1,1,1,0,1,0,0,0,0,0,1,0,0.0,-0.7101671582446958,1
1,0,0,0,1,1,0,0,1,0,0,0,0,0,1,0,0.0,-0.7098653031377609,1
0,0,1,0,0,1,0,0,0,0,1,0,0,1,1,0,0.0,-0.7097208855437276,1
0,1,0,0,1,0,1,0,0,0,0,1,0,0,1,0,0.0,-0.7096210898852678,1
0,0,0,0,1,0,1,0,0,0,0,1,1,0,1,0,0.0,-0.7093172269343989,1
0,1,0,1,1,1,0,0,0,0,1,0,0,0,0,0,0.0,-0.708510585984879,1
0,1,0,0,1,0,0,0,1,0,0,1,0,0,1,0,0.0,-0.7083936804458192,1
0,0,0,0,1,0,1,0,0,0,0,1,0,1,1,0,0.0,-0.7081735123559092,2
0,0,0,0,1,0,0,1,0,0,1,1,0,0,1,0,0.0,-0.707671868784063,1
0,1,0,0,1,0,1,0,0,0,1,0,0,0,1,0,0.0,-0.7072373062934318,1
0,0,1,0,1,1,0,0,0,0,0,1,0,0,1,0,0.0,-0.7067638081793347,1
0,0,0,0,1,0,0,1,0,0,1,0,0,1,1,0,0.0,-0.7067343058155378,1
0,0,0,0,1,0,1,0,0,1,0,0,0,1,1,0,0.0,-0.7062276659853892,1
0,0,0,1,1,0,0,0,0,0,0,0,0,0,1,0,0.0,-0.7054583263161378,1
0,0,0,0,1,1,0,0,0,0,0,0,0,0,1,0,0.0,-0.7054184168499346,1
0,1,0,1,1,0,0,0,0,0,0,0,1,0,1,0,0.0,-0.7047975485633493,1
0,0,0,0,1,1,1,0,0,1,0,0,0,0,1,0,0.0,-0.7046933147924664,1
0,0,0,0,1,0,0,0,0,1,0,0,0,1,1,1,0.0,-0.703668189814849,1
0,1,0,1,0,0,0,0,0,0,1,0,0,1,1,0,0.0,-0.7035376064664447,1
0,1,0,1,1,0,0,0,0,0,0,1,0,0,1,0,0.0,-0.7023371518675847,1
0,0,0,1,1,0,0,0,0,1,0,0,1,0,1,0,0.0,-0.7022545425259583,1
0,0,0,0,1,0,0,0,0,0,1,0,0,1,1,1,0.0,-0.7020040085048856,1
0,0,0,0,1,1,0,0,1,0,1,0,0,0,1,0,0.0,-0.7017910588290104,1
0,0,0,1,1,0,0,0,1,0,0,0,0,1,1,0,0.0,-0.7012949060887255,2
0,1,0,0,1,1,0,0,0,1,0,0,0,0,1,0,0.0,-0.7000867094860279,1
0,0,0,1,1,0,0,0,0,0,1,0,0,1,1,0,0.0,-0.6944611871275272,1
1,0,1,0,0,0,0,1,1,0,0,0,1,0,0,1,0.0,-0.603179444036547,1
1,1,0,0,0,0,1,1,1,0,0,0,1,0,0,0,0.0,-0.6015691597785833,1
1,0,0,0,0,0,1,0,1,0,0,0,1,1,0,1,0.0,-0.5997333352925547,1
1,1,0,0,0,0,0,1,1,0,0,0,1,0,0,1,0.0,-0.5992914899416355,1
1,0,0,0,0,0,1,0,1,0,0,1,1,0,0,1,0.0,-0.599150254662884,1
1,0,0,0,0,0,0,1,1,0,0,1,1,1,0,0,0.0,-0.5983206649246633,1
1,1,0,0,0,1,0,1,0,0,0,0,1,0,0,1,0.0,-0.5975907680573733,1
0,1,0,0,0,0,1,1,1,0,0,1,1,0,0,0,0.0,-0.5975494154198406,1
1,0,1,1,0,0,1,0,1,0,0,0,0,0,0,1,0.0,-0.597523581854764,1
1,0,0,0,0,1,0,1,1,0,0,0,1,1,0,0,0.0,-0.5973336453852569,1
0,1,1,0,0,0,1,1,1,0,0,0,0,1,0,0,0.0,-0.5955044091668174,1
1,1,0,0,0,0,0,0,1,0,0,1,1,0,0,1,0.0,-0.5946113392288104,1
0,0,0,0,0,1,1,1,1,0,1,0,1,0,0,0,0.0,-0.5937631006373025,1
1,1,1,0,0,0,0,0,1,0,0,0,1,1,0,0,0.0,-0.5937000978508249,1
1,1,1,1,0,0,1,0,1,0,0,0,0,0,0,0,0.0,-0.5933049280893021,1
1,1,0,0,0,1,0,0,1,0,0,0,1,0,0,1,0.0,-0.5932998462796488,1
0,1,1,0,0,0,0,0,1,0,0,1,1,0,0,1,0.0,-0.5931315343149794,1
1,0,0,0,0,0,0,1,0,0,1,1,1,0,0,1,0.0,-0.59307393838931,1
0,1,0,0,0,1,0,1,1,0,0,1,1,0,0,0,0.0,-0.5928926729907087,1
0,1,0,0,0,1,1,0,1,0,0,0,1,0,0,1,0.0,-0.592634213119686,1
1,1,0,1,0,0,1,0,1,0,0,0,0,0,0,1,0.0,-0.5926098855064441,1
1,1,0,0,0,1,0,1,1,1,0,0,0,0,0,0,0.0,-0.59202424691981,1
1,0,1,0,0,0,0,1,0,0,1,1,0,1,0,0,0.0,-0.5915271464556386,1
1,1,0,0,0,0,1,0,0,1,0,1,1,0,0,0,0.0,-0.5908025717411687,1
0,1,1,1,0,0,0,1,0,0,0,1,1,0,0,0,0.0,-0.5905602579306879,1
0,1,1,1,0,0,1,0,0,0,0,1,1,0,0,0,0.0,-0.5897491267494401,1
1,0,1,0,1,0,1,0,1,0,0,0,1,0,0,0,0.0,-0.5894651977418452,1
0,1,1,1,0,0,0,1,1,0,0,0,0,0,0,1,0.0,-0.5885666587683973,1
0,0,0,0,0,1,1,1,0,0,1,1,0,1,0,0,0.0,-0.5883570521987838,1
0,1,1,0,0,1,0,0,1,0,0,1,0,0,0,1,0.0,-0.5883452465962382,1
0,1,0,0,0,0,1,0,1,0,1,1,1,0,0,0,0.0,-0.587970426245753,1
1,0,1,1,1,0,0,1,1,0,0,0,0,0,0,0,0.0,-0.5860137989349365,1
0,1,1,0,1,0,0,1,1,0,0,0,1,0,0,0,0.0,-0.5859684732090733,1
1,0,1,0,1,0,1,0,0,0,0,1,1,0,0,0,0.0,-0.5852052339340181,1
0,1,0,1,0,0,1,0,0,0,0,1,1,1,0,0,0.0,-0.5851836624714708,1
1,0,0,0,0,0,1,1,1,0,0,0,0,1,1,0,0.0625,-0.5851729714638778,1
1,0,1,0,0,1,0,0,0,0,1,0,0,1,0,1,0.0,-0.5850350342255208,1
0,0,1,0,1,1,1,0,1,0,0,0,1,0,0,0,0.0,-0.5850340265406457,1
0,0,0,1,0,1,0,1,0,1,0,1,0,0,0,1,0.0,-0.5849872769449906,1
0,0,1,0,1,0,1,1,0,0,1,0,1,0,0,0,0.0,-0.5847336318751997,1
0,0,1,1,0,0,0,0,1,0,0,1,0,1,0,1,0.0,-0.5843183777773471,1
0,0,0,0,1,1,0,1,1,0,0,1,1,0,0,0,0.0,-0.5838314221207126,1
0,1,1,1,0,0,0,1,0,0,1,0,1,0,0,0,0.0,-0.5835878618072572,1
0,0,0,0,1,1,1,1,1,1,0,0,0,0,0,0,0.0,-0.5833696379726749,1
0,1,0,0,1,0,0,1,1,0,0,1,0,0,0,1,0.0,-0.5829424567338741,1
1,0,0,0,1,1,0,0,1,0,0,1,0,0,0,1,0.0,-0.5826936866750607,1
1,0,0,0,1,1,1,0,1,0,0,0,0,1,0,0,0.0,-0.5826140851081434,1
0,1,0,0,1,1,0,1,1,0,0,0,1,0,0,0,0.0,-0.5823430923595452,1
1,0,0,0,1,0,0,0,1,0,0,1,1,1,0,0,0.0,-0.5816085022784006,1
0,1,0,0,1,0,1,1,0,0,1,0,0,0,0,1,0.0,-0.5815714505979599,1
0,0,0,0,0,0,0,0,0,1,1,1,1,1,0,1,0.0,-0.5811139098164064,1
1,0,1,0,1,0,0,0,1,1,0,1,0,0,0,0,0.0,-0.5810669289145147,1
1,0,0,1,1,0,1,0,0,0,0,1,1,0,0,0,0.0,-0.5810530840713701,1
1,0,0,0,0,0,1,0,1,0,0,0,0,1,1,1,0.0,-0.5809409018826721,1
1,1,0,0,1,0,0,1,0,0,1,0,1,0,0,0,0.0,-0.5809370637256073,1
1,0,1,1,0,0,1,0,1,0,0,0,0,0,1,0,0.0,-0.5808733728437545,1
1,0,1,0,1,1,0,0,1,0,0,0,0,1,0,0,0.0,-0.5806302613257104,1
0,0,1,0,1,0,0,0,1,0,0,1,1,1,0,0,0.0,-0.5805983801610759,1
0,0,0,1,0,1,1,0,1,0,1,1,0,0,0,0,0.0,-0.5799737242161622,1
0,0,1,0,1,0,0,1,0,1,0,1,0,1,0,0,0.0,-0.5798726904421891,1
0,1,0,0,1,1,1,0,0,0,0,1,1,0,0,0,0.0,-0.5798162055620515,1
1,1,0,0,1,1,0,0,0,0,0,1,0,0,0,1,0.0,-0.5798160694389936,1
0,0,1,1,0,0,0,1,0,0,0,0,1,0,1,1,0.0,-0.579807790799977,1
0,1,0,0,1,0,1,0,1,0,0,0,0,1,0,1,0.0,-0.5798058297476776,1
1,0,1,1,1,0,1,0,0,0,1,0,0,0,0,0,0.0,-0.5789569602558808,1
1,0,0,1,1,1,1,0,0,0,0,1,0,0,0,0,0.0,-0.5789476094603689,1
1,0,1,1,1,0,0,0,0,0,0,0,1,1,0,0,0.0,-0.5788390769415515,1
0,1,1,0,0,0,0,0,1,0,0,0,1,0,1,1,0.0,-0.5786869745595367,1
0,0,1,1,1,0,1,0,0,1,0,0,1,0,0,0,0.0,-0.5784713260289303,1
1,0,1,1,0,0,0,0,1,0,0,0,1,0,1,0,0.0,-0.5784097506400614,1
0,0,0,0,1,1,1,0,1,0,1,0,0,0,0,1,0.0,-0.577591060698541,1
1,0,0,0,0,0,0,0,1,0,0,1,1,0,1,1,0.0,-0.5775826380668758,1
0,1,0,0,1,0,1,0,1,0,1,0,0,0,0,1,0.0,-0.5775493390070541,1
0,0,1,1,1,0,0,1,0,1,0,1,0,0,0,0,0.0,-0.5774677348513897,1
0,0,0,1,1,0,1,1,1,0,1,0,0,0,0,0,0.0,-0.5774654588178121,1
0,0,1,0,1,0,0,1,0,0,1,1,0,1,0,0,0.0,-0.5772134080815323,1
1,1,0,1,1,0,0,0,0,0,0,1,0,0,0,1,0.0,-0.5769031824609909,1
1,1,0,1,1,0,1,0,0,0,0,0,0,1,0,0,0.0625,-0.5768450255092472,1
1,1,0,0,0,0,0,0,1,0,0,0,1,1,1,0,0.0,-0.5762473314113048,1
0,0,1,1,0,0,1,0,0,0,0,1,0,0,1,1,0.0,-0.5761045191585881,1
0,1,1,0,0,0,0,0,0,0,0,1,1,0,1,1,0.0,-0.5760732769922834,1
1,0,0,0,0,0,1,0,0,0,0,1,1,1,1,0,0.0,-0.5760271529300931,1
0,0,1,0,1,0,0,0,0,0,1,0,1,1,0,1,0.0,-0.5759894823564595,1
1,1,0,0,0,1,0,1,0,0,0,1,0,0,1,0,0.0,-0.5757139483471176,1
1,1,1,1,1,0,0,0,0,1,0,0,0,0,0,0,0.0,-0.5753343915194802,1
1,0,0,1,1,1,1,0,0,0,0,0,0,1,0,0,0.0,-0.5753036089649017,1
0,0,1,0,0,1,1,0,0,0,0,1,1,0,1,0,0.0,-0.5751549900855704,1
0,1,0,0,1,0,0,1,0,0,1,0,1,1,0,0,0.0,-0.5751323870275331,1
0,1,0,0,1,1,1,0,0,0,1,0,0,0,0,1,0.0,-0.5749653490224851,1
1,1,0,1,1,0,1,0,0,0,1,0,0,0,0,0,0.0,-0.5749322441602638,1
0,0,1,1,1,0,1,0,1,0,1,0,0,0,0,0,0.0,-0.5749058446585631,1
0,0,0,0,1,1,0,0,1,0,1,0,1,0,0,1,0.0,-0.5748873239182635,1
1,1,0,0,0,0,1,0,0,1,0,0,1,0,1,0,0.0,-0.5743607492907077,1
1,0,0,1,0,1,0,0,1,0,1,0,0,1,0,0,0.0,-0.57433057000315,1
0,1,0,0,0,1,1,1,0,0,0,0,0,1,1,0,0.0,-0.5743147367400141,1
0,1,1,1,1,0,0,0,1,0,0,1,0,0,0,0,0.0,-0.5743014557273172,1
0,0,0,0,1,0,1,0,1,1,1,1,0,0,0,0,0.0,-0.5739316177934921,1
0,0,0,0,0,1,1,0,1,0,0,0,1,1,1,0,0.0,-0.5733527270247079,1
1,1,0,0,0,0,0,0,1,0,1,0,1,0,1,0,0.0,-0.5732232656734573,1
0,0,0,1,1,0,1,0,1,0,1,1,0,0,0,0,0.0,-0.5727319827078641,1
0,1,1,1,0,0,0,0,1,0,0,0,1,0,1,0,0.0,-0.5726268153078797,1
0,1,0,0,0,0,0,1,1,0,1,1,0,0,1,0,0.0,-0.5725946800166117,1
0,1,0,0,0,1,1,0,1,0,0,1,0,0,1,0,0.0,-0.5724084863103687,1
0,0,0,0,1,0,1,0,1,1,1,0,0,1,0,0,0.0,-0.5720842842556257,1
0,0,0,0,0,0,0,1,0,0,1,1,1,1,1,0,0.0,-0.5719218337858327,1
0,0,0,1,1,0,0,0,1,0,0,1,0,1,0,1,0.0,-0.5716144543536728,1
0,0,0,0,0,1,1,1,0,0,1,0,0,1,1,0,0.0,-0.5715120589740383,1
0,0,1,1,1,0,0,0,1,0,1,0,0,0,0,1,0.0,-0.5710737474359886,1
0,0,1,0,0,1,1,0,0,1,0,1,0,0,1,0,0.0,-0.5705895504451437,1
0,1,1,1,0,1,0,0,1,0,1,0,0,0,0,0,0.0,-0.5704159481831494,1
0,1,0,1,1,0,1,0,0,0,1,1,0,0,0,0,0.0,-0.5703695772386208,1
0,0,1,0,0,1,0,0,0,0,1,0,1,0,1,1,0.0,-0.5697963152062582,1
0,1,0,0,0,1,1,0,0,0,1,0,1,0,1,0,0.0,-0.5687262218304148,1
0,0,0,0,1,1,1,1,1,0,0,0,0,0,1,0,0.0,-0.5680744498205748,2
1,1,0,0,0,0,0,0,0,1,1,0,1,0,1,0,0.0,-0.5671410358572022,1
0,0,0,1,1,0,1,1,1,0,0,0,0,0,1,0,0.0,-0.566984506063265,1
0,0,0,0,1,1,0,1,1,0,0,0,1,0,1,0,0.0,-0.5658294533245853,1
1,0,1,0,1,0,0,0,1,0,0,1,0,0,1,0,0.0,-0.5658038760210622,1
0,1,0,1,1,0,0,0,1,0,1,1,0,0,0,0,0.0,-0.5653968363174491,1
0,0,0,1,1,0,0,0,1,1,1,0,0,0,0,1,0.0,-0.5652295621268069,1
0,1,0,1,1,0,1,0,0,0,1,0,0,1,0,0,0.0,-0.5651987373592491,1
0,1,0,0,1,1,0,0,0,0,1,0,0,1,0,1,0.0,-0.5644540943100231,1
1,0,0,1,0,0,0,0,0,0,1,0,0,1,1,1,0.0,-0.5639894940491517,1
1,1,0,0,1,0,0,0,0,0,0,0,1,0,1,1,0.0,-0.5634252633907968,1
0,1,0,0,1,1,0,1,0,0,0,0,1,0,1,0,0.0,-0.5633591576541903,1
0,0,0,0,1,1,1,0,1,0,0,0,1,0,1,0,0.0,-0.5631502821263641,1
0,1,0,0,1,1,0,1,0,0,0,0,0,0,1,1,0.0,-0.5622994923055176,1
0,0,0,1,0,1,0,0,0,0,1,0,1,0,1,1,0.0,-0.5610999287624663,1
0,1,0,0,1,0,0,1,1,0,1,0,0,0,1,0,0.0,-0.5610099021578931,1
1,0,0,1,1,0,1,0,0,0,0,1,0,0,1,0,0.0,-0.5603265643705806,1
0,0,0,0,1,1,1,0,0,0,0,1,0,0,1,1,0.0,-0.5602371230377297,1
1,1,0,1,1,0,0,0,1,0,0,0,0,0,1,0,0.0,-0.5596481679047107,1
1,0,0,0,1,0,0,0,1,1,0,1,0,0,1,0,0.0,-0.5578524281408184,1
0,0,0,0,1,1,1,0,1,0,1,0,0,0,1,0,0.0,-0.557791161243135,1
1,0,0,0,1,1,0,0,0,0,0,1,1,0,1,0,0.0,-0.5575862691417834,1
0,1,0,0,1,0,0,0,0,0,0,1,0,1,1,1,0.0,-0.5568558289436627,1
1,1,0,0,1,1,0,0,0,0,0,0,0,1,1,0,0.0,-0.5551840583278731,1
0,0,0,0,1,1,0,0,0,1,1,1,0,0,1,0,0.0,-0.5470198412977629,1
1,1,1,0,0,0,1,1,0,0,1,0,0,1,0,0,0.0,-0.34783956693947937,1
1,1,0,0,0,0,0,1,1,1,0,1,0,0,0,1,0.0,-0.34641134018957276,1
0,0,1,0,0,1,0,1,1,0,1,0,1,0,0,1,0.0,-0.34574612871602106,1
1,0,0,0,0,1,0,1,0,0,1,0,1,1,0,1,0.0,-0.3454493770346687,1
1,1,0,1,0,1,0,1,0,0,0,1,1,0,0,0,0.0,-0.34478323094650243,1
1,1,1,0,1,0,0,0,0,0,0,1,1,0,0,1,0.0,-0.3379988209440672,1
1,0,1,0,0,0,1,0,1,0,0,1,1,0,1,0,0.0,-0.33500828876376065,1
1,1,0,0,1,1,0,1,1,0,0,0,0,1,0,0,0.0,-0.3349799220126868,1
0,0,1,1,1,1,1,0,0,0,0,1,1,0,0,0,0.0,-0.332706741179956,1
1,0,0,0,1,0,0,0,1,0,1,0,1,1,0,1,0.0,-0.33187665868857463,1
1,1,1,0,1,1,0,0,0,1,0,1,0,0,0,0,0.0,-0.3310397374070937,1
0,1,1,0,1,0,1,1,1,0,0,0,0,0,1,0,0.0,-0.3260629627588916,1
0,0,0,1,1,0,1,1,0,1,1,0,0,1,0,0,0.0625,-0.32384781157314,1
0,1,0,1,1,0,1,0,0,0,1,0,1,0,1,0,0.0,-0.30898223958754967,1
0,0,0,0,1,1,1,0,1,1,0,0,0,1,1,0,0.0,-0.3084584962355139,1
1,1,0,1,0,0,0,1,1,0,1,0,0,0,1,1,0.0,0.020796115799573744,1
