0,1,10,11,12,13,14,15,16,17,18,19,2,3,4,5,6,7,8,9,chain_break_fraction,energy,num_occurrences
1,1,1,1,0,0,0,0,1,0,1,0,0,1,1,0,1,1,0,0,0.0,-10000.508742390546,1
1,1,0,1,1,1,0,0,1,0,0,0,1,1,0,0,1,1,0,0,0.0,-10000.496915083235,1
1,1,0,1,0,0,0,0,1,1,1,0,0,1,1,0,1,1,0,0,0.0,-10000.489065847494,1
1,1,1,1,1,1,0,0,1,0,1,0,0,0,0,0,1,0,0,1,0.0,-10000.48563696112,1
0,0,1,1,0,1,0,0,1,1,1,0,1,1,0,0,0,1,1,0,0.0,-10000.483962073418,1
1,1,1,0,0,0,0,0,1,0,1,1,0,1,0,0,1,1,0,1,0.0,-10000.483121594805,1
1,0,1,1,0,1,1,0,1,0,1,0,0,1,0,0,1,0,1,0,0.0,-10000.48135897906,1
0,1,1,0,1,1,0,0,1,1,1,0,0,1,1,0,1,0,0,0,0.0,-10000.480536719335,1
1,0,0,1,1,1,0,0,1,0,0,0,1,1,1,0,1,1,0,0,0.0,-10000.478923858594,1
1,0,0,0,0,1,0,0,1,0,1,1,1,1,1,0,1,0,0,1,0.0,-10000.478194232719,1
0,1,1,0,1,1,0,0,1,1,0,0,1,1,1,0,1,0,0,0,0.0,-10000.476262553364,1
1,1,0,1,0,1,0,1,1,0,1,0,0,1,1,0,1,0,0,0,0.05,-10000.476251410833,1
1,0,0,1,0,1,1,0,1,0,1,0,1,1,0,0,1,0,0,1,0.0,-10000.474718314648,1
1,1,1,0,1,1,0,0,0,0,1,0,0,1,0,0,1,1,0,1,0.05,-10000.474072758088,1
1,0,1,1,1,1,0,0,1,1,0,0,1,0,0,0,1,1,0,0,0.0,-10000.472673025522,1
1,1,0,0,0,0,0,0,1,0,0,0,1,1,1,0,1,1,1,1,0.0,-10000.472632564564,1
0,0,1,1,1,1,0,0,1,0,1,0,0,1,0,1,1,0,1,0,0.0,-10000.470750807513,1
1,0,1,1,1,0,0,0,1,0,1,0,1,1,0,0,0,1,1,0,0.0,-10000.466585112332,1
0,0,1,1,1,1,0,0,1,1,1,0,0,0,0,0,1,1,1,0,0.0,-10000.465761257075,1
0,1,0,1,0,1,0,0,1,1,0,0,0,1,1,0,1,0,1,1,0.0,-10000.464964475059,1
1,0,1,0,0,1,0,0,1,1,1,0,1,1,0,1,0,0,1,0,0.0,-10000.464481518606,1
0,1,0,1,0,1,0,0,0,1,1,0,0,1,1,0,1,1,1,0,0.0,-10000.464096615277,1
0,1,0,1,0,1,0,0,1,1,1,0,1,1,0,1,0,1,0,0,0.0,-10000.463075244747,1
1,1,0,1,1,1,0,0,1,0,1,0,0,1,0,0,0,1,0,1,0.0,-10000.463055351536,1
1,1,1,1,0,1,1,0,0,0,1,0,0,1,0,0,1,0,0,1,0.0,-10000.461397436738,1
1,1,1,1,1,0,0,0,1,0,1,0,0,1,0,0,0,1,0,1,0.0,-10000.459935228047,1
1,1,0,1,1,1,0,0,1,1,1,0,0,1,0,0,0,0,1,0,0.0,-10000.457659500884,1
0,1,0,1,1,1,1,0,1,0,1,0,0,1,0,0,1,1,0,0,0.0,-10000.45750589077,1
0,0,0,1,1,1,0,0,1,0,1,1,0,1,1,0,1,1,0,0,0.0,-10000.45614753499,1
1,1,1,1,0,1,1,0,1,0,0,0,1,1,0,0,0,0,1,0,0.0,-10000.455631996845,1
0,0,1,1,1,0,0,0,0,1,1,0,1,1,0,0,1,1,1,0,0.0,-10000.453923073654,1
0,1,1,1,0,1,0,1,0,0,1,0,0,1,1,0,1,1,0,0,0.0,-10000.453476415678,1
1,1,0,1,0,1,0,0,0,1,1,0,0,0,1,0,1,1,1,0,0.0,-10000.452558733665,1
1,0,1,0,0,0,0,1,1,0,1,0,1,1,0,1,1,0,1,0,0.0,-10000.451242591716,1
1,1,1,1,0,0,0,0,0,1,1,0,0,1,1,1,1,0,0,0,0.0,-10000.450981376942,1
0,0,0,0,0,1,1,0,1,1,1,0,1,1,1,0,1,0,1,0,0.0,-10000.450712870128,1
1,0,1,1,0,1,1,0,0,0,1,0,0,1,1,0,1,1,0,0,0.0,-10000.44887328272,1
1,0,1,1,1,0,0,0,1,0,1,0,1,1,0,1,0,1,0,0,0.0,-10000.447841868789,1
1,0,0,1,0,1,1,0,0,0,1,0,1,1,0,0,1,1,0,1,0.05,-10000.446429860742,1
0,1,0,1,0,0,0,1,1,0,1,0,0,1,1,0,1,1,0,1,0.0,-10000.44619461559,1
0,1,1,1,1,0,1,0,1,0,1,0,0,1,1,0,1,0,0,0,0.0,-10000.445722511005,1
1,0,1,1,0,1,0,1,1,0,1,0,1,1,0,1,0,0,0,0,0.0,-10000.444266627179,1
1,1,1,0,0,0,0,0,0,1,1,0,0,1,0,1,1,0,1,1,0.0,-10000.44383345033,1
1,0,1,1,0,1,0,1,1,0,0,0,1,1,1,0,0,1,0,0,0.0,-10000.443586054682,1
1,0,1,1,1,0,0,0,1,1,1,0,0,1,1,0,0,1,0,0,0.0,-10000.443081827283,1
1,0,1,1,0,0,0,0,0,1,1,1,1,1,0,1,1,0,0,0,0.0,-10000.44252602651,1
0,1,1,1,1,0,0,1,1,0,0,0,1,1,0,0,1,0,0,1,0.0,-10000.441993616678,1
0,1,1,1,0,1,1,0,1,0,1,0,0,0,0,1,1,0,1,0,0.0,-10000.441627474189,1
1,0,1,0,0,0,0,0,1,1,1,1,0,0,1,0,1,1,0,1,0.0,-10000.440397534487,1
1,0,0,0,1,1,1,0,1,1,1,0,0,1,0,0,1,0,1,0,0.0,-10000.439958678386,1
1,0,0,1,0,1,0,0,1,1,1,1,0,1,1,0,0,0,1,0,0.0,-10000.43969306899,1
0,0,1,1,1,1,1,0,1,0,1,0,1,1,0,0,0,1,0,0,0.0,-10000.439056288755,1
1,1,1,1,0,0,0,1,1,0,0,0,1,1,0,0,0,1,0,1,0.0,-10000.438224762696,1
1,1,0,1,0,0,0,0,0,0,1,1,1,0,1,0,1,1,1,0,0.0,-10000.438031622181,1
1,1,0,1,1,1,0,0,1,0,0,0,0,1,1,0,0,1,0,1,0.0,-10000.437947564184,1
0,0,1,1,0,1,0,0,1,0,0,0,0,0,1,1,1,1,1,1,0.0,-10000.437911091862,1
1,1,0,1,1,1,0,0,0,0,1,1,1,0,1,0,1,0,0,0,0.0,-10000.437670663618,1
1,0,1,0,1,0,0,0,1,0,0,1,0,1,0,0,1,1,1,1,0.0,-10000.435890865712,1
1,1,1,1,0,0,1,0,1,1,0,1,0,1,0,0,1,0,0,0,0.0,-10000.435821578598,1
1,0,1,0,0,1,0,1,1,0,1,0,0,0,0,1,1,1,1,0,0.0,-10000.435724929444,1
0,1,0,0,1,1,0,0,1,0,1,0,0,1,1,0,0,1,1,1,0.0,-10000.435672001722,1
0,0,1,0,0,1,0,1,1,0,1,0,0,1,1,1,1,0,0,1,0.0,-10000.43542609648,1
0,1,1,1,0,0,1,0,0,0,1,0,0,1,0,0,1,1,1,1,0.0,-10000.435009314884,1
1,1,0,1,0,1,0,0,1,1,0,0,0,1,1,1,0,1,0,0,0.0,-10000.434367022139,1
1,1,0,1,1,0,1,0,1,0,1,0,1,0,1,0,1,0,0,0,0.0,-10000.43387755546,1
0,0,0,1,1,1,1,0,1,0,0,0,1,1,1,0,1,1,0,0,0.0,-10000.433471794919,1
1,0,0,1,1,1,1,0,1,0,1,0,0,1,0,1,1,0,0,0,0.0,-10000.433294764276,1
0,0,1,1,0,0,1,0,1,0,1,0,0,1,0,1,1,1,0,1,0.0,-10000.432961676646,1
0,0,1,1,0,1,0,0,0,1,0,1,1,1,0,1,1,1,0,0,0.0,-10000.432145840858,1
0,1,1,0,0,0,0,1,1,0,1,1,0,1,1,0,1,0,0,1,0.0,-10000.43154336937,1
0,1,1,0,1,0,0,1,0,0,1,0,1,1,0,0,1,1,1,0,0.0,-10000.430826742773,1
1,0,1,1,0,0,0,1,0,0,1,0,1,1,0,1,1,1,0,0,0.0,-10000.430610527765,1
0,1,1,1,1,0,0,0,0,1,1,0,1,0,1,0,1,0,0,1,0.0,-10000.430349809934,1
1,1,1,1,0,0,0,1,0,0,1,0,0,1,0,1,1,0,1,0,0.0,-10000.430298658663,1
1,0,1,1,1,0,1,0,1,0,1,0,0,0,0,0,1,1,1,0,0.0,-10000.429121405734,1
1,1,1,0,1,0,0,1,0,0,1,0,0,1,0,0,1,1,1,0,0.0,-10000.429048661243,1
1,0,1,1,1,1,1,0,1,1,1,0,0,1,0,0,0,0,0,0,0.0,-10000.429017542578,1
1,1,1,1,1,0,0,1,0,0,1,0,0,1,1,0,1,0,0,0,0.0,-10000.42898695574,1
0,1,1,0,0,1,0,1,0,1,1,1,0,1,0,0,1,1,0,0,0.0,-10000.428941522754,1
0,1,1,0,1,0,0,1,1,0,0,0,1,1,1,0,1,0,0,1,0.0,-10000.428547271269,1
0,1,1,0,1,1,1,0,0,0,1,0,0,1,1,0,1,1,0,0,0.0,-10000.428466305755,1
1,0,1,1,1,1,0,0,0,0,1,0,0,0,0,1,1,1,0,1,0.0,-10000.428341721265,1
0,0,0,1,1,0,0,0,1,1,1,0,1,1,1,0,0,1,0,1,0.0,-10000.428040208159,1
1,0,0,1,0,1,0,1,0,0,0,0,1,1,1,0,1,1,1,0,0.0,-10000.42777443073,1
1,0,0,1,1,1,0,1,1,0,0,0,1,0,0,0,1,1,1,0,0.0,-10000.427706232496,1
1,1,1,0,1,1,1,0,1,0,0,0,1,1,0,0,0,0,0,1,0.0,-10000.42735920724,1
0,1,0,1,0,0,1,0,1,0,1,1,0,1,1,0,1,0,1,0,0.0,-10000.427180402872,1
1,0,0,1,1,1,1,0,1,0,1,0,0,0,1,0,1,1,0,0,0.0,-10000.427137765071,1
0,1,0,1,1,0,0,0,1,1,1,0,0,1,1,0,0,1,1,0,0.0,-10000.426962923833,1
0,0,1,1,0,1,1,0,1,0,0,0,1,0,0,1,1,1,1,0,0.0,-10000.426407198649,1
0,1,0,0,0,1,1,0,1,0,1,1,1,1,0,0,0,1,1,0,0.0,-10000.426393319489,1
0,1,1,1,1,0,0,1,0,0,1,0,0,1,0,0,1,1,1,0,0.0,-10000.426332445957,1
1,0,0,1,0,1,1,0,0,0,1,0,1,1,0,1,1,0,0,1,0.0,-10000.425697561044,1
1,0,1,1,1,0,0,0,1,1,1,0,0,1,0,1,0,0,1,0,0.0,-10000.425591399244,1
1,1,1,1,1,0,0,0,0,0,1,0,0,1,1,0,0,1,0,1,0.0,-10000.425584710301,1
1,1,0,1,0,0,0,1,0,0,1,0,1,1,0,1,1,0,0,1,0.0,-10000.425191147293,1
0,1,1,0,0,0,1,0,1,1,0,0,1,1,0,1,1,0,0,1,0.0,-10000.424682452205,1
0,1,0,1,0,1,0,1,1,1,0,1,1,0,0,0,1,1,0,0,0.0,-10000.424438093356,1
0,0,1,0,1,1,0,1,1,1,0,1,1,1,0,0,1,0,0,0,0.0,-10000.422600258124,1
1,0,0,0,1,0,0,0,1,1,1,0,1,0,1,1,1,0,1,0,0.0,-10000.422219992919,1
1,1,0,1,0,0,1,0,0,1,1,0,0,1,1,0,1,0,1,0,0.0,-10000.421961614147,1
0,1,0,0,1,1,0,0,1,0,1,0,0,1,1,1,0,1,1,0,0.0,-10000.421862517856,1
0,1,1,0,1,1,0,1,0,0,1,0,1,0,0,0,1,1,0,1,0.0,-10000.42141172473,1
0,0,0,0,1,1,0,1,1,1,1,0,0,1,1,0,1,0,0,1,0.0,-10000.420979215969,1
0,0,1,0,1,1,0,0,1,0,1,1,1,1,0,1,0,0,0,1,0.0,-10000.42075740691,1
0,1,1,1,0,1,0,0,0,1,0,0,0,1,1,0,0,1,1,1,0.0,-10000.42038796598,1
1,0,0,0,1,1,0,1,0,1,1,0,1,1,0,0,1,0,0,1,0.0,-10000.420188732578,1
1,0,1,0,0,0,1,0,1,0,1,1,0,1,0,1,1,0,1,0,0.0,-10000.419606492744,1
0,0,0,0,1,1,0,0,1,1,1,0,1,1,0,1,0,0,1,1,0.0,-10000.419218759533,1
1,1,0,0,0,1,1,0,1,0,1,1,0,1,0,0,0,1,0,1,0.0,-10000.418746465934,1
0,1,0,1,0,0,0,1,0,1,1,1,1,1,0,0,1,1,0,0,0.0,-10000.418651265565,1
1,1,0,0,0,1,1,0,0,0,1,0,0,1,0,1,1,0,1,1,0.0,-10000.418058985315,1
1,0,0,1,1,1,0,0,0,0,1,1,1,1,1,0,0,1,0,0,0.0,-10000.417390442804,1
1,0,0,0,1,0,1,0,1,0,1,1,1,1,0,0,1,0,0,1,0.0,-10000.417233226557,1
0,1,0,0,1,1,0,0,1,1,1,0,0,1,1,1,0,1,0,0,0.0,-10000.417108991342,1
1,0,0,1,1,1,0,1,0,0,1,0,1,1,0,1,1,0,0,0,0.0,-10000.41677253343,1
1,1,0,1,0,1,0,0,0,0,0,0,0,0,1,1,1,1,1,1,0.0,-10000.416277474058,1
0,1,0,1,0,1,0,1,1,0,0,1,1,1,0,0,0,1,1,0,0.0,-10000.416065850122,1
1,0,1,0,0,0,0,0,0,1,1,1,0,1,0,1,1,0,1,1,0.0,-10000.415535564893,1
1,1,0,1,0,1,0,1,1,1,0,0,1,0,0,0,0,1,0,1,0.0,-10000.41552313484,1
0,0,1,1,1,1,0,0,0,1,1,0,0,1,1,0,0,1,0,1,0.0,-10000.415127309916,1
1,1,1,1,1,1,0,0,0,0,0,0,1,0,1,0,0,1,0,1,0.0,-10000.414860452074,1
1,0,0,1,0,1,1,0,0,0,1,0,1,1,0,0,0,1,1,1,0.0,-10000.414707795875,1
1,0,0,1,1,0,0,1,0,1,1,0,1,1,0,0,1,0,1,0,0.0,-10000.414515279042,1
1,0,0,0,0,1,1,0,1,0,1,0,0,0,1,1,1,1,1,0,0.0,-10000.41422696318,1
1,0,1,0,1,0,0,0,0,1,1,0,1,0,0,1,1,1,1,0,0.0,-10000.414080443265,1
1,0,0,1,0,1,0,0,0,1,1,0,0,1,0,1,0,1,1,1,0.0,-10000.413694222469,1
1,1,0,0,0,1,0,1,0,1,0,0,0,1,1,0,1,1,0,1,0.0,-10000.413498392902,1
0,0,0,1,0,1,0,0,0,1,1,1,1,1,1,0,0,1,0,1,0.0,-10000.413257952196,1
1,0,0,1,1,1,0,1,1,0,1,0,0,1,1,0,0,0,1,0,0.0,-10000.412862484998,1
1,1,0,1,0,0,0,1,0,0,1,0,1,1,1,0,0,1,1,0,0.0,-10000.412598370027,1
1,0,0,1,0,0,1,0,1,0,1,0,1,1,0,1,0,1,1,0,0.0,-10000.412468850667,1
1,0,0,1,0,1,1,0,0,0,1,0,0,1,0,1,1,0,1,1,0.0,-10000.412363240028,1
0,1,0,1,0,1,0,1,0,1,1,0,1,1,0,0,0,0,1,1,0.0,-10000.412222822117,1
1,1,0,0,1,1,0,0,1,0,1,0,0,0,0,1,0,1,1,1,0.0,-10000.412162077711,1
1,0,1,0,1,1,0,0,1,1,0,1,0,1,1,0,0,0,1,0,0.0,-10000.411969848592,1
0,1,0,1,1,1,0,0,0,1,1,1,1,1,0,0,0,0,0,1,0.0,-10000.411739536967,1
0,0,0,1,0,1,1,0,1,0,0,1,0,1,1,0,1,1,0,1,0.0,-10000.411542099555,1
0,1,1,0,1,1,1,0,0,0,1,0,0,1,0,1,1,0,1,0,0.0,-10000.411472886211,1
0,0,0,1,1,1,1,0,0,1,1,0,0,1,0,0,1,1,1,0,0.0,-10000.410324725466,1
0,1,1,1,1,1,1,0,1,0,0,0,1,1,0,1,0,0,0,0,0.0,-10000.410167342414,1
1,1,1,0,1,0,0,1,0,0,1,0,0,1,0,1,1,1,0,0,0.0,-10000.41004216844,1
0,0,1,0,1,1,1,0,1,0,1,1,1,1,0,0,0,0,1,0,0.0,-10000.409578281377,1
1,0,0,0,1,1,0,0,1,0,1,1,0,0,1,1,1,0,0,1,0.0,-10000.409476830839,1
1,0,0,1,1,0,1,0,1,0,1,0,1,1,0,0,0,0,1,1,0.0,-10000.409208399715,1
0,0,1,1,0,1,0,0,0,1,1,1,0,0,1,1,1,1,0,0,0.0,-10000.409197003353,1
0,0,1,0,1,1,1,0,1,0,0,0,0,1,0,1,1,1,0,1,0.0,-10000.408874959683,1
0,0,1,1,0,1,1,0,0,1,0,0,1,1,0,1,1,0,0,1,0.0,-10000.408403371168,1
0,0,1,0,0,1,0,0,0,0,1,1,1,1,1,1,0,1,1,0,0.0,-10000.408049295535,1
0,0,1,1,1,1,1,0,1,0,1,1,0,1,0,0,0,1,0,0,0.0,-10000.407764156926,1
1,0,0,1,0,0,1,0,1,0,0,0,0,1,0,1,1,1,1,1,0.0,-10000.4075286948,1
1,0,0,1,0,1,0,0,0,1,0,1,0,1,0,1,1,0,1,1,0.0,-10000.407431568996,1
1,0,1,0,0,1,0,1,0,1,0,1,0,1,0,0,1,1,1,0,0.0,-10000.407245313565,1
0,0,1,1,0,1,1,1,0,1,1,0,0,1,0,0,1,1,0,0,0.0,-10000.406877857862,1
0,1,1,1,0,1,0,1,0,0,0,0,1,0,1,1,1,1,0,0,0.0,-10000.406445214312,1
1,0,1,1,1,1,0,0,1,0,0,1,0,0,1,0,0,1,1,0,0.0,-10000.406203190414,1
1,0,0,1,1,0,0,0,1,0,1,1,0,0,0,1,1,0,1,1,0.0,-10000.40539719409,1
0,1,1,1,1,1,0,1,1,1,0,0,0,1,1,0,0,0,0,0,0.0,-10000.404951051469,1
1,0,1,1,0,1,1,0,1,1,1,0,0,0,0,1,0,1,0,0,0.0,-10000.404804074862,1
0,0,0,0,1,1,0,1,0,0,1,0,1,1,1,0,1,0,1,1,0.0,-10000.404693703988,1
0,0,0,1,1,1,1,0,0,1,1,1,1,1,0,0,1,0,0,0,0.0,-10000.404153956884,1
1,0,0,0,0,0,1,0,1,1,0,0,1,1,1,1,1,0,0,1,0.0,-10000.40396576791,1
1,0,0,1,0,1,0,1,0,1,1,0,1,0,0,1,1,0,1,0,0.0,-10000.403783352263,1
0,0,1,1,0,1,1,1,1,0,1,0,0,1,0,0,0,1,0,1,0.05,-10000.403546104011,1
0,1,0,0,1,1,1,0,1,1,1,0,0,0,0,1,1,1,0,0,0.0,-10000.403133607846,1
1,0,0,1,1,1,1,0,0,1,0,0,0,1,0,0,1,1,1,0,0.0,-10000.402628364225,1
1,1,1,0,1,0,0,1,0,1,1,0,0,1,0,1,1,0,0,0,0.0,-10000.402576870694,1
0,0,1,1,0,0,1,1,1,0,1,0,0,1,0,1,1,1,0,0,0.0,-10000.40234622711,1
1,1,0,1,0,1,1,0,0,0,0,0,1,0,1,1,1,1,0,0,0.0,-10000.402326572244,1
0,1,0,1,1,1,1,0,0,1,1,0,0,1,0,1,1,0,0,0,0.0,-10000.40217360408,1
1,1,0,0,0,1,1,1,1,0,0,0,0,1,0,1,1,0,1,0,0.0,-10000.401313037622,1
0,1,0,1,0,0,1,0,0,0,1,1,0,1,1,0,1,1,1,0,0.0,-10000.4012692331,1
0,0,1,1,0,1,1,0,1,0,0,0,0,0,1,1,1,0,1,1,0.0,-10000.401268107538,1
0,1,0,0,0,1,0,1,1,0,1,1,1,1,0,1,0,0,0,1,0.0,-10000.401206816105,1
1,0,0,0,0,1,1,1,0,0,1,0,1,1,0,0,1,0,1,1,0.0,-10000.400960520614,1
0,1,1,1,1,0,0,1,0,0,1,1,0,1,1,0,1,0,0,0,0.0,-10000.400378300978,1
0,0,1,1,1,1,0,1,0,0,1,0,0,0,1,0,1,1,1,0,0.0,-10000.40018184604,1
1,0,0,1,0,0,0,0,1,1,0,1,0,0,0,1,1,1,1,1,0.0,-10000.400160254469,1
0,0,0,1,1,1,0,0,0,1,1,1,0,1,1,1,1,0,0,0,0.0,-10000.39988095475,1
1,1,0,0,1,0,0,1,1,0,1,0,0,1,1,0,0,1,0,1,0.0,-10000.399749239055,1
1,1,0,1,1,0,1,0,1,1,0,0,1,1,0,0,0,0,0,1,0.0,-10000.399739539289,1
0,0,0,1,0,0,0,0,0,1,1,1,0,1,1,1,1,1,1,0,0.0,-10000.399101276955,1
0,1,0,1,1,1,1,0,0,0,0,0,0,1,1,0,1,1,0,1,0.0,-10000.398999878647,1
1,0,1,1,0,0,0,1,0,0,1,1,0,1,0,1,1,0,1,0,0.0,-10000.39886992275,1
0,1,0,1,0,1,1,0,0,0,1,0,0,1,1,0,0,1,1,1,0.0,-10000.398640664343,1
0,1,1,1,0,0,0,1,0,0,0,1,0,1,1,0,1,1,1,0,0.0,-10000.398576173035,1
1,0,0,1,1,1,0,0,0,0,0,1,1,1,0,0,0,1,1,1,0.0,-10000.398392426527,1
1,0,1,0,1,0,0,1,0,1,0,0,1,1,0,0,1,0,1,1,0.0,-10000.398351807182,1
0,1,0,0,0,1,1,0,1,1,1,0,0,1,0,1,0,0,1,1,0.0,-10000.39754041743,1
1,1,1,1,1,1,1,0,0,1,0,0,0,1,0,0,0,1,0,0,0.0,-10000.397447533038,1
0,1,0,0,1,0,0,0,1,1,0,1,0,1,1,1,1,1,0,0,0.0,-10000.397413885006,1
0,0,0,1,0,1,0,1,0,0,1,0,0,1,1,1,1,0,1,1,0.0,-10000.397359618435,1
0,0,0,0,1,1,1,1,1,0,1,0,0,1,1,0,1,1,0,0,0.0,-10000.397323749345,1
1,0,1,1,1,0,1,0,0,0,0,0,1,1,0,1,1,1,0,0,0.0,-10000.397225642728,1
1,0,0,1,1,1,0,1,1,0,1,1,0,1,0,0,0,0,0,1,0.0,-10000.397186560454,1
1,1,0,1,1,1,1,1,1,0,1,0,0,1,0,0,0,0,0,0,0.0,-10000.396990982452,1
1,1,1,1,0,1,0,1,0,0,1,1,0,1,0,1,0,0,0,0,0.0,-10000.396904088582,1
1,0,0,1,0,1,1,0,0,0,0,1,0,1,1,0,1,1,1,0,0.0,-10000.396857032274,1
1,1,0,1,1,0,0,1,0,0,1,1,0,1,1,0,1,0,0,0,0.0,-10000.396721091442,1
1,0,1,0,0,0,0,1,0,0,0,1,1,1,1,0,1,1,0,1,0.0,-10000.395985965095,1
0,1,1,1,0,1,1,0,1,0,1,0,0,0,1,1,0,0,0,1,0.0,-10000.39574369445,1
1,0,0,1,1,0,0,1,1,1,1,0,0,1,1,0,0,1,0,0,0.0,-10000.39530095761,1
1,0,1,1,0,1,0,1,0,0,0,0,1,1,0,1,0,1,0,1,0.0,-10000.394964502426,1
0,1,0,0,1,1,1,0,1,1,1,0,0,1,1,0,0,0,0,1,0.0,-10000.394913383236,1
1,0,0,1,1,1,0,0,0,1,1,1,1,0,0,0,0,1,1,0,0.0,-10000.394900323005,1
0,1,1,1,0,1,0,1,1,1,1,0,0,0,1,1,0,0,0,0,0.0,-10000.394832431144,1
1,1,0,1,0,1,1,1,0,0,0,0,1,1,0,1,1,0,0,0,0.0,-10000.394321249454,1
1,0,0,1,0,1,1,0,1,0,0,0,0,1,0,1,0,1,1,1,0.0,-10000.394171288312,1
0,0,0,1,1,1,0,1,1,0,0,0,1,0,0,1,1,1,0,1,0.0,-10000.393990594903,1
0,0,0,1,1,1,0,1,1,0,1,1,0,1,0,0,0,1,1,0,0.0,-10000.393511961363,1
1,1,0,1,1,1,0,1,0,0,1,1,0,0,0,0,1,0,0,1,0.0,-10000.39336287209,1
0,0,0,1,0,1,0,1,0,1,0,0,1,1,1,1,1,0,1,0,0.0,-10000.393255649495,1
1,0,1,0,0,1,1,1,0,0,1,0,0,1,0,1,1,1,0,0,0.0,-10000.393211348586,1
0,1,0,0,0,1,0,0,0,1,1,1,1,1,1,1,0,0,0,1,0.0,-10000.393208531308,1
1,1,0,1,0,1,0,0,0,0,0,1,0,1,0,1,0,1,1,1,0.0,-10000.393125856703,1
1,1,0,1,1,0,0,0,0,1,1,0,0,1,0,1,0,1,0,1,0.05,-10000.393074321411,1
0,0,1,1,0,0,1,1,1,1,1,0,0,0,0,0,1,1,0,1,0.0,-10000.392460314928,1
0,0,1,1,1,1,1,0,1,1,0,0,0,0,0,1,1,0,1,0,0.0,-10000.392356676404,1
0,1,1,0,1,1,1,1,1,0,1,0,0,1,0,0,0,0,1,0,0.0,-10000.392156149268,1
0,0,1,0,1,1,1,0,0,0,1,0,0,1,1,1,1,0,1,0,0.0,-10000.391928322102,1
1,1,1,0,1,1,0,0,0,0,0,1,0,1,1,0,0,0,1,1,0.0,-10000.391817837224,1
0,1,1,0,1,1,0,1,1,0,0,1,0,0,1,0,1,0,0,1,0.0,-10000.391737662667,1
0,1,1,1,1,0,1,0,0,1,1,0,0,0,1,0,1,1,0,0,0.0,-10000.391672565083,1
0,1,0,0,1,0,1,0,0,0,1,0,1,1,1,1,1,1,0,0,0.0,-10000.39166529188,1
1,0,0,0,1,1,1,1,1,1,0,0,0,1,0,0,1,1,0,0,0.0,-10000.391651604697,1
1,0,1,1,1,0,0,0,0,0,1,1,0,0,1,1,1,1,0,0,0.0,-10000.39156440567,1
1,0,1,0,1,0,1,0,0,0,1,0,0,1,0,1,1,1,0,1,0.0,-10000.391319777933,1
0,1,0,0,0,0,0,1,1,1,0,0,0,1,1,1,1,0,1,1,0.0,-10000.39128590299,1
0,1,0,1,0,1,1,0,0,1,1,0,1,1,1,1,0,0,0,0,0.0,-10000.390985862528,1
1,1,0,1,0,1,0,1,0,1,0,0,0,0,0,1,1,1,1,0,0.0,-10000.390725308585,1
0,0,0,0,1,1,1,0,1,0,1,0,0,0,0,1,1,1,1,1,0.0,-10000.390484514182,1
0,0,0,1,0,0,1,0,1,0,1,0,0,0,1,1,1,1,1,1,0.0,-10000.389970790013,1
0,1,0,1,1,0,0,1,1,0,0,1,0,1,1,0,1,0,0,1,0.0,-10000.389804405722,1
1,0,1,1,0,0,1,0,0,0,0,0,0,1,1,1,1,1,0,1,0.0,-10000.389740335138,1
0,1,1,1,1,1,1,0,1,0,1,0,0,0,0,1,0,0,1,0,0.0,-10000.38912336778,1
0,1,1,0,0,1,1,1,0,0,1,0,0,1,1,1,1,0,0,0,0.0,-10000.389100822638,1
0,1,1,1,0,1,0,1,0,0,1,1,0,1,0,1,0,1,0,0,0.0,-10000.389049645053,1
0,0,1,0,0,1,1,0,0,1,0,0,0,1,0,1,1,1,1,1,0.0,-10000.388945775956,1
0,1,0,1,1,0,1,0,1,1,0,1,0,1,1,0,1,0,0,0,0.0,-10000.388917648046,1
0,0,0,0,1,1,0,1,0,1,1,0,1,0,0,0,1,1,1,1,0.0,-10000.388528714462,1
1,0,0,0,1,1,0,1,0,0,0,0,1,1,0,1,1,1,0,1,0.0,-10000.388471500959,1
1,0,0,1,1,1,0,1,0,1,1,0,0,0,1,0,1,0,1,0,0.0,-10000.388369392496,1
0,1,1,1,1,1,0,0,0,1,1,1,0,0,1,0,0,1,0,0,0.0,-10000.388280248288,1
1,1,1,0,0,0,1,1,0,0,1,0,0,1,0,1,1,0,1,0,0.0,-10000.387996721623,1
0,0,1,0,1,0,0,1,1,1,0,0,1,1,0,0,0,1,1,1,0.0,-10000.387526025343,1
1,0,0,0,0,0,0,1,0,1,1,0,0,1,0,1,1,1,1,1,0.0,-10000.387328810088,1
0,0,0,1,0,0,1,1,1,0,1,1,0,1,0,0,1,1,1,0,0.0,-10000.386985526258,1
0,0,1,1,0,0,0,1,0,0,1,1,0,1,0,1,1,1,0,1,0.0,-10000.386706296062,1
0,1,0,0,1,1,1,0,1,0,0,0,1,1,1,1,0,1,0,0,0.0,-10000.386305932776,1
0,1,1,1,1,1,1,0,0,0,0,1,1,1,0,0,0,1,0,0,0.0,-10000.38622366931,1
1,0,0,1,1,1,1,0,0,0,1,0,0,1,1,0,0,1,1,0,0.0,-10000.38589397276,1
0,1,1,1,0,1,1,0,0,1,1,0,0,0,1,0,0,1,0,1,0.0,-10000.38571617807,1
1,1,1,0,0,0,1,0,0,1,1,0,0,1,0,1,0,1,1,0,0.0,-10000.385482528449,1
0,1,0,1,1,0,1,0,1,0,1,1,0,1,0,0,0,1,1,0,0.0,-10000.385414139753,1
1,0,0,1,1,0,0,1,1,1,1,1,0,0,1,0,1,0,0,0,0.0,-10000.38537480972,1
1,1,0,0,1,1,0,1,0,1,1,0,0,1,0,0,0,0,1,1,0.0,-10000.385323109016,1
1,0,1,1,0,0,1,1,0,0,0,0,1,1,1,0,1,0,0,1,0.0,-10000.385138344398,1
1,1,0,1,1,0,0,1,1,0,0,0,1,0,1,0,0,1,1,0,0.0,-10000.385069948263,1
1,1,0,1,1,0,0,1,0,0,0,1,0,1,0,0,1,1,1,0,0.0,-10000.38499523479,1
0,1,1,0,0,1,1,0,0,1,1,1,1,0,0,0,0,1,1,0,0.0,-10000.384978502962,1
1,1,1,0,1,1,1,0,0,0,0,0,1,1,0,1,0,0,1,0,0.0,-10000.384884372486,1
1,1,1,1,0,0,0,1,0,1,1,0,0,1,1,1,0,0,0,0,0.0,-10000.384760388442,1
0,0,1,1,1,0,0,1,0,0,1,0,0,1,1,1,1,0,1,0,0.0,-10000.3846884104,1
0,0,1,1,0,0,1,0,0,0,1,1,0,1,1,1,1,1,0,0,0.0,-10000.384682063337,1
0,1,1,0,0,0,1,1,1,0,0,0,0,1,0,1,1,1,0,1,0.0,-10000.384594897012,1
1,0,0,1,1,0,1,0,1,0,1,1,0,1,0,0,0,1,1,0,0.0,-10000.384469106717,1
1,0,0,1,0,1,1,0,0,0,1,1,1,1,0,1,0,1,0,0,0.0,-10000.384065413584,1
0,1,0,1,1,1,1,0,0,1,1,0,0,1,1,0,0,1,0,0,0.0,-10000.383900307681,1
0,0,0,0,1,0,0,1,1,1,1,0,1,0,0,1,1,1,0,1,0.0,-10000.383777709287,1
0,0,1,1,1,1,1,0,0,0,1,1,1,1,1,0,0,0,0,0,0.0,-10000.383502886438,1
1,0,1,1,1,0,0,0,0,0,1,1,0,1,0,1,0,1,0,1,0.0,-10000.38326029856,1
0,1,0,1,1,0,1,0,0,1,1,0,1,1,0,0,0,1,0,1,0.0,-10000.38283107434,1
0,1,0,1,1,1,0,1,0,0,0,0,0,1,1,1,1,0,1,0,0.0,-10000.382825375978,1
0,1,0,1,0,0,0,1,0,0,0,1,1,1,0,1,1,1,1,0,0.0,-10000.382640754713,1
1,0,1,0,1,1,1,1,0,0,1,0,1,0,0,0,1,0,1,0,0.0,-10000.382639021787,1
0,1,1,1,0,1,1,0,0,1,0,1,0,1,0,0,0,1,1,0,0.0,-10000.382614314925,1
1,0,1,0,1,0,1,0,0,1,1,0,0,1,1,1,1,0,0,0,0.0,-10000.38255681587,1
1,1,0,0,1,0,1,0,0,1,1,1,0,1,1,0,1,0,0,0,0.0,-10000.382335726781,1
1,1,1,0,0,0,0,1,0,0,1,0,0,1,1,1,0,1,0,1,0.0,-10000.38189660813,1
1,0,0,0,0,1,0,1,1,1,1,1,0,1,1,1,0,0,0,0,0.0,-10000.380851243963,1
1,1,0,1,1,0,1,1,0,0,0,0,1,1,0,0,1,0,1,0,0.0,-10000.380148876884,1
0,0,1,1,1,0,1,1,1,0,1,0,1,1,0,0,0,0,0,1,0.0,-10000.379862219324,1
1,0,1,0,0,0,1,0,0,1,1,1,1,1,1,0,0,0,1,0,0.0,-10000.37973404552,1
1,1,1,0,0,1,1,1,0,0,1,0,1,0,1,0,0,1,0,0,0.0,-10000.37948257317,1
1,1,0,1,0,1,1,0,0,0,0,1,1,1,0,1,0,1,0,0,0.0,-10000.379465940376,1
0,0,0,1,0,0,1,0,0,1,1,0,0,1,1,1,1,1,0,1,0.0,-10000.378847639497,1
1,0,1,0,1,0,0,1,0,0,1,0,1,0,1,1,1,1,0,0,0.0,-10000.378832452541,1
0,1,0,0,0,1,1,0,0,1,1,0,0,0,1,1,1,1,0,1,0.0,-10000.378604876036,1
1,0,0,1,1,0,1,0,1,0,1,0,0,1,1,1,0,1,0,0,0.0,-10000.378536747761,1
0,0,1,1,1,0,1,0,1,0,0,1,0,1,0,1,1,0,0,1,0.0,-10000.378127757807,1
1,1,1,1,1,0,0,1,0,1,1,1,0,1,0,0,0,0,0,0,0.0,-10000.377334525932,1
0,1,1,1,1,0,1,0,0,0,1,0,1,1,1,1,0,0,0,0,0.0,-10000.377250107205,1
1,0,1,0,0,1,1,0,0,1,1,0,0,1,1,1,0,0,0,1,0.0,-10000.377242675413,1
0,1,0,1,1,1,0,0,0,1,1,1,0,0,0,0,0,1,1,1,0.0,-10000.37716049721,1
1,0,0,1,1,1,1,0,1,0,0,1,0,1,1,0,0,0,1,0,0.0,-10000.376469624875,1
0,0,1,0,0,0,0,1,0,1,1,0,1,0,1,1,1,1,0,1,0.0,-10000.376458309896,1
0,1,1,0,0,1,0,1,0,1,1,1,0,1,0,1,0,1,0,0,0.0,-10000.376020220732,1
0,0,0,0,0,1,0,0,0,1,0,1,1,0,1,1,1,1,1,1,0.0,-10000.375930818875,1
1,0,1,1,1,1,0,1,0,1,0,1,0,0,0,0,1,0,1,0,0.0,-10000.375875322381,1
0,0,1,1,0,1,0,1,0,0,0,0,0,0,1,1,1,1,1,1,0.0,-10000.375222762446,1
1,0,1,1,1,1,1,0,0,0,0,0,1,1,1,1,0,0,0,0,0.0,-10000.375215051423,1
0,1,1,0,0,1,1,1,0,1,0,0,0,1,0,1,1,1,0,0,0.0,-10000.375172014357,1
1,0,0,1,0,0,0,1,1,0,1,1,0,1,0,1,0,0,1,1,0.0,-10000.37513678205,1
1,0,0,0,1,1,1,0,0,1,1,0,1,1,0,1,0,1,0,0,0.0,-10000.375078956282,1
1,0,0,1,1,1,0,1,0,0,0,0,1,0,0,1,1,1,0,1,0.0,-10000.37458913209,1
1,1,0,1,1,0,1,1,1,1,1,0,0,1,0,0,0,0,0,0,0.0,-10000.374470128043,1
1,0,1,0,0,1,1,0,1,0,0,0,0,0,1,1,0,1,1,1,0.0,-10000.374355668182,1
0,1,0,1,0,1,1,0,0,1,0,1,0,0,1,0,1,1,1,0,0.0,-10000.37386286844,1
1,0,1,0,0,0,1,1,1,1,0,0,1,1,1,0,0,0,0,1,0.0,-10000.372976073078,1
0,1,1,0,0,0,1,1,0,0,1,1,0,1,1,0,1,0,1,0,0.0,-10000.372895794068,1
0,0,0,0,0,0,1,1,1,1,1,0,0,1,0,1,1,1,0,1,0.0,-10000.372543266289,1
1,0,0,1,1,0,0,1,1,0,1,1,1,0,0,0,0,1,0,1,0.0,-10000.372508022856,1
0,0,1,0,1,0,1,0,0,0,1,1,1,1,1,1,1,0,0,0,0.0,-10000.372350603022,1
1,1,1,0,0,1,1,0,0,1,0,0,1,0,0,1,0,1,0,1,0.0,-10000.372316518014,1
1,1,0,1,1,0,1,0,1,0,1,0,0,0,0,1,0,1,1,0,0.0,-10000.37221503956,1
0,1,1,1,1,1,1,1,1,0,1,0,0,0,0,0,0,0,0,1,0.0,-10000.372152018874,1
0,0,0,1,0,1,0,1,0,0,1,1,1,0,1,1,1,0,0,1,0.0,-10000.37197845079,1
0,1,0,0,1,1,1,1,1,0,1,0,0,1,1,0,0,0,1,0,0.0,-10000.371950847271,1
1,0,1,0,1,1,1,0,0,1,1,0,0,1,0,1,0,0,1,0,0.0,-10000.371587164756,1
0,1,0,0,0,1,1,0,0,1,1,1,1,1,0,1,0,0,1,0,0.0,-10000.371563991048,1
1,0,1,0,1,1,0,0,0,1,1,1,0,0,1,0,0,0,1,1,0.0,-10000.371488803847,1
1,0,1,1,0,1,1,0,0,1,0,1,0,0,0,1,1,0,1,0,0.0,-10000.371318660225,1
0,1,1,0,1,0,0,1,0,1,0,1,0,1,1,0,1,1,0,0,0.0,-10000.370882289182,1
1,1,0,0,0,1,1,1,1,0,0,1,0,1,0,0,0,1,1,0,0.0,-10000.370880951963,1
0,0,0,1,1,1,1,1,0,1,1,0,0,1,0,0,1,0,0,1,0.0,-10000.370820312784,1
1,1,0,1,0,0,1,1,1,0,1,0,0,1,0,1,0,0,0,1,0.0,-10000.370734243079,1
0,0,1,0,1,1,1,0,0,1,0,0,0,1,1,1,1,0,1,0,0.0,-10000.370470389727,1
1,1,0,1,0,0,1,1,1,1,1,0,0,0,0,0,0,1,1,0,0.0,-10000.36991402057,1
0,1,1,1,0,1,0,1,0,0,0,1,0,1,0,1,0,1,1,0,0.0,-10000.369903851484,1
1,0,0,1,1,0,0,1,1,1,1,1,1,0,0,0,0,0,1,0,0.0,-10000.369768672455,1
1,0,0,1,1,0,1,0,0,0,1,1,0,1,0,1,1,1,0,0,0.0,-10000.369382516661,1
0,0,0,1,0,1,1,1,1,0,1,1,0,1,1,0,0,1,0,0,0.0,-10000.369373985284,1
1,1,0,1,0,1,0,1,0,0,1,0,0,0,1,1,0,1,0,1,0.0,-10000.369307508503,1
0,0,1,1,1,0,1,1,0,0,1,0,0,1,1,0,1,0,1,0,0.0,-10000.369207150588,1
0,1,1,1,0,1,1,1,0,0,1,0,0,1,0,1,0,0,1,0,0.0,-10000.368980643976,1
0,1,0,1,1,1,1,1,0,0,1,0,0,0,0,0,1,1,0,1,0.0,-10000.368895451269,1
0,0,0,1,0,0,1,1,0,0,1,0,1,1,0,1,1,1,1,0,0.0,-10000.368436722076,1
0,0,0,1,1,1,1,0,0,1,1,0,0,1,1,0,0,1,0,1,0.0,-10000.36813033205,1
0,0,1,0,0,1,1,1,1,1,1,0,1,0,0,1,0,1,0,0,0.0,-10000.366482398822,1
0,1,1,0,1,0,0,1,0,0,0,0,0,1,1,1,1,0,1,1,0.0,-10000.366417819541,1
0,1,1,0,1,0,0,1,0,1,0,0,0,1,1,1,1,0,1,0,0.0,-10000.366317068356,1
1,1,0,0,0,1,1,1,1,0,0,0,0,1,1,1,0,1,0,0,0.0,-10000.366086902563,1
1,1,0,0,1,1,0,1,0,0,0,0,1,1,1,1,0,0,1,0,0.0,-10000.365813073071,1
1,0,0,1,1,0,0,1,0,1,1,0,1,1,0,1,0,1,0,0,0.0,-10000.36523812542,1
0,0,0,1,0,1,1,0,1,0,0,1,0,1,1,1,0,1,1,0,0.05,-10000.365231141306,1
0,1,0,1,0,1,1,1,0,0,0,1,1,1,0,1,1,0,0,0,0.0,-10000.365155385289,1
1,0,1,1,1,0,1,0,0,0,0,0,1,1,0,1,0,1,1,0,0.0,-10000.36510154718,1
0,0,0,1,0,1,1,1,1,1,1,1,0,1,0,0,0,0,0,1,0.0,-10000.36387752696,1
1,0,0,0,1,1,1,0,1,1,0,0,0,1,1,1,0,0,1,0,0.0,-10000.363617757374,1
0,1,1,1,1,0,0,1,0,0,0,0,0,1,1,0,0,1,1,1,0.0,-10000.36351349396,1
1,1,0,0,0,1,1,0,0,1,1,1,0,0,0,0,0,1,1,1,0.0,-10000.363422386275,1
1,1,1,0,1,1,0,1,0,1,0,1,1,0,0,0,0,1,0,0,0.0,-10000.363136874494,1
0,0,0,1,1,1,0,1,0,1,0,0,0,1,1,1,1,0,0,1,0.0,-10000.362784370116,1
0,1,0,1,1,1,1,0,0,1,1,1,0,1,1,0,0,0,0,0,0.0,-10000.362038936846,1
0,1,0,0,0,0,0,1,1,1,1,1,0,1,1,1,0,0,1,0,0.0,-10000.362014587026,1
0,1,0,1,1,1,0,0,0,1,1,1,0,0,0,1,0,1,1,0,0.0,-10000.361724430311,1
0,1,1,1,0,0,1,1,0,0,1,1,0,0,1,0,1,1,0,0,0.0,-10000.361596461771,1
0,0,0,0,1,1,0,1,1,0,1,1,0,1,1,1,0,1,0,0,0.0,-10000.36142592941,1
1,0,1,1,1,0,1,0,0,1,1,1,0,1,0,0,0,0,0,1,0.0,-10000.361139723424,1
1,0,1,0,1,1,1,1,0,0,0,0,0,1,0,1,1,1,0,0,0.0,-10000.36086243294,1
0,1,0,0,1,0,1,1,0,0,1,0,1,1,0,1,1,0,1,0,0.0,-10000.360754947484,1
0,1,0,0,1,1,1,1,0,0,1,1,0,1,1,0,1,0,0,0,0.0,-10000.360723600934,1
0,1,0,1,1,0,0,1,0,0,0,0,0,1,1,1,1,0,1,1,0.0,-10000.36071207069,1
1,0,0,1,1,1,1,1,0,0,1,0,0,0,0,0,1,0,1,1,0.0,-10000.36037408234,1
1,1,1,0,1,0,0,1,0,1,0,0,0,0,0,1,1,1,0,1,0.0,-10000.360285706693,1
1,0,0,1,0,1,1,1,0,0,1,0,1,1,0,1,0,0,0,1,0.0,-10000.360006381554,1
0,0,0,0,1,1,0,1,0,1,1,0,0,1,1,0,0,1,1,1,0.0,-10000.359976208227,1
0,1,1,1,1,1,0,1,0,1,0,0,0,1,0,1,0,0,0,1,0.0,-10000.359598709481,1
0,1,1,0,1,1,1,1,0,1,0,0,1,1,0,0,0,1,0,0,0.0,-10000.359572598876,1
1,1,0,1,1,1,1,0,0,1,1,1,0,0,0,0,0,1,0,0,0.0,-10000.359507289115,1
0,1,1,1,0,0,1,0,0,1,0,1,0,1,0,0,0,1,1,1,0.0,-10000.359480471358,1
0,0,1,1,0,0,0,1,1,0,0,1,0,1,1,1,0,1,0,1,0.0,-10000.35930632497,1
0,1,0,1,1,1,1,0,0,1,1,1,1,0,0,0,0,0,1,0,0.0,-10000.359261278913,1
0,1,1,1,1,1,1,0,0,0,1,0,0,0,1,1,0,1,0,0,0.0,-10000.35923522619,1
0,0,1,1,1,1,0,1,0,0,0,1,0,0,1,0,1,0,1,1,0.0,-10000.358904300743,1
1,1,0,1,0,0,1,1,1,0,0,0,1,0,1,0,0,0,1,1,0.0,-10000.358658245203,1
1,1,0,1,1,0,1,0,0,0,1,1,0,0,0,1,1,0,1,0,0.0,-10000.358487338111,1
1,0,1,0,1,0,0,1,0,0,1,1,1,1,0,1,0,1,0,0,0.0,-10000.358454693795,1
0,0,1,1,0,0,1,1,0,1,1,1,1,0,0,0,1,0,1,0,0.0,-10000.358389132638,1
0,1,1,0,1,1,0,0,0,1,1,1,0,0,0,1,0,0,1,1,0.0,-10000.358236914757,1
0,0,1,1,1,0,1,1,0,0,1,0,0,1,0,1,1,1,0,0,0.0,-10000.357606267831,1
0,1,1,1,1,0,0,1,0,1,1,0,0,1,1,1,0,0,0,0,0.0,-10000.357471219966,1
0,0,1,1,0,1,1,1,0,0,0,0,1,0,1,1,1,1,0,0,0.0,-10000.357316481854,1
0,1,0,1,0,1,1,0,0,0,1,0,0,0,1,1,0,1,1,1,0.0,-10000.3568796361,1
0,0,0,1,1,0,0,1,0,0,1,1,0,1,0,1,1,1,0,1,0.0,-10000.356291568898,1
0,1,0,1,1,1,1,1,0,0,1,0,0,1,1,0,0,1,0,0,0.0,-10000.356280054853,1
0,1,1,1,1,1,0,1,0,1,0,0,0,0,1,0,0,1,1,0,0.0,-10000.356208812482,1
0,0,0,1,1,1,1,0,1,1,0,0,1,0,1,1,0,1,0,0,0.0,-10000.355529739854,1
0,1,1,0,0,0,1,1,0,1,1,1,0,1,0,1,1,0,0,0,0.0,-10000.35550601151,1
0,0,1,1,1,0,1,1,0,0,1,0,0,1,0,1,1,0,1,0,0.0,-10000.355409497024,1
0,0,1,1,1,1,1,0,0,0,0,1,0,1,0,0,0,1,1,1,0.0,-10000.355174839802,1
0,1,0,0,1,1,1,0,0,0,1,1,1,1,1,1,0,0,0,0,0.0,-10000.354675180804,1
0,0,1,0,1,0,1,1,0,1,1,0,0,1,1,0,1,0,0,1,0.0,-10000.354425599748,1
1,0,1,0,1,0,1,1,1,0,1,0,0,1,0,1,0,0,1,0,0.0,-10000.353895611384,1
0,0,0,0,0,0,1,1,0,1,1,0,1,1,1,1,1,1,0,0,0.0,-10000.35372613279,1
1,0,0,0,1,1,1,1,1,0,0,1,1,1,0,0,0,0,1,0,0.0,-10000.35356772418,1
1,1,1,0,1,0,1,0,0,1,1,0,1,0,0,1,0,0,0,1,0.0,-10000.353560707192,1
0,1,0,1,1,1,1,1,0,1,1,0,0,1,0,0,0,0,1,0,0.0,-10000.353323428792,1
1,0,0,0,0,0,1,1,0,0,1,1,1,1,0,1,1,1,0,0,0.0,-10000.353264561332,1
1,1,0,0,1,1,0,0,0,1,0,0,0,0,1,1,0,1,1,1,0.0,-10000.353207170338,1
0,1,1,1,1,1,1,1,0,0,1,0,0,0,0,0,0,1,1,0,0.0,-10000.35176892194,1
0,0,1,1,1,0,1,1,0,0,0,0,1,1,0,1,1,1,0,0,0.0,-10000.351587353893,1
0,0,0,0,0,0,1,1,1,1,1,1,0,1,1,1,1,0,0,0,0.0,-10000.351170749167,1
0,1,0,1,0,0,0,1,1,0,1,1,0,0,1,1,0,1,0,1,0.0,-10000.350934346478,1
1,1,0,1,0,0,1,0,0,1,0,0,0,1,1,1,0,1,0,1,0.0,-10000.350218786383,1
0,1,0,1,1,1,1,1,0,0,0,0,0,1,1,1,1,0,0,0,0.0,-10000.35003580731,1
0,0,0,1,1,1,1,0,1,0,0,1,0,1,0,1,0,1,0,1,0.0,-10000.34971683627,1
0,1,0,1,1,0,0,1,0,1,1,0,1,0,1,0,0,0,1,1,0.0,-10000.349574047092,1
0,1,0,1,1,1,1,1,0,0,0,0,1,0,0,1,1,1,0,0,0.0,-10000.3482288228,1
0,1,0,1,0,1,1,0,0,0,0,1,0,1,1,1,0,1,1,0,0.0,-10000.348160128897,1
1,1,0,0,0,0,1,1,0,1,0,0,1,1,1,0,0,1,1,0,0.0,-10000.348019583316,1
1,0,0,1,1,1,0,1,0,1,1,1,0,0,0,0,0,1,1,0,0.0,-10000.347259632861,1
1,0,0,1,1,1,1,1,0,1,0,0,1,1,0,0,0,0,1,0,0.0,-10000.347087220032,1
0,0,1,0,0,1,1,1,0,0,1,0,0,1,0,1,0,1,1,1,0.0,-10000.34684143211,1
0,0,0,0,1,1,1,1,1,1,0,1,1,0,1,0,1,0,0,0,0.0,-10000.34645827707,1
1,0,1,1,1,1,1,0,0,0,1,1,0,0,0,1,0,1,0,0,0.0,-10000.346241828427,1
1,1,0,0,1,1,1,1,0,0,1,0,0,1,0,1,0,1,0,0,0.0,-10000.345107959476,1
0,0,0,1,0,1,0,1,0,1,1,1,0,1,1,1,0,0,0,1,0.0,-10000.344826988092,1
1,1,1,0,1,0,1,1,1,0,0,1,0,1,1,0,0,0,0,0,0.0,-10000.344254191954,1
1,1,0,0,1,0,1,1,1,0,0,0,1,1,1,1,0,0,0,0,0.0,-10000.343953916876,1
0,0,0,0,1,1,1,0,0,1,1,0,0,1,1,1,0,1,1,0,0.0,-10000.343938414777,1
1,0,0,1,0,0,1,1,0,0,1,1,1,1,0,0,0,0,1,1,0.05,-10000.343044462748,1
0,0,1,1,1,1,1,1,0,0,1,0,0,1,0,1,0,1,0,0,0.0,-10000.34284835284,1
0,0,1,0,0,1,1,0,1,1,0,1,0,0,1,1,0,1,0,1,0.0,-10000.342080512211,1
0,1,0,0,1,0,1,0,0,1,1,1,1,1,0,1,0,1,0,0,0.0,-10000.341663640449,1
0,1,0,0,1,0,1,0,0,0,1,1,1,1,0,1,0,1,0,1,0.0,-10000.34138823822,1
0,1,1,0,1,0,1,1,0,0,1,0,0,1,1,0,0,1,0,1,0.0,-10000.341236816535,1
0,0,0,1,1,1,0,1,0,0,1,1,1,0,1,0,0,0,1,1,0.0,-10000.341138895119,1
1,1,0,1,0,0,1,0,0,0,0,1,0,1,1,1,0,1,1,0,0.0,-10000.340772872092,1
0,1,1,1,0,0,1,1,0,1,1,0,0,1,1,1,0,0,0,0,0.0,-10000.340754746556,1
0,0,0,0,0,1,1,1,1,1,0,0,0,1,0,1,0,1,1,1,0.0,-10000.339433524292,1
0,0,1,1,1,1,1,0,0,1,0,0,1,0,1,1,0,1,0,0,0.0,-10000.339396020738,1
0,1,0,1,1,0,0,1,1,0,1,1,0,0,0,1,0,1,0,1,0.0,-10000.339215856275,1
1,0,1,1,1,0,1,1,0,0,0,0,1,0,0,1,1,1,0,0,0.0,-10000.339049631413,1
1,0,1,1,1,0,1,1,1,0,1,0,0,0,0,1,0,1,0,0,0.0,-10000.338679473552,1
0,0,0,1,1,1,1,1,0,0,0,0,0,1,0,1,1,1,0,1,0.0,-10000.338657083892,1
0,0,0,1,1,1,1,1,0,0,0,0,0,1,1,1,1,1,0,0,0.0,-10000.338379084544,1
1,0,1,1,1,1,1,1,0,0,1,0,0,0,1,0,0,0,1,0,0.0,-10000.338270456923,1
0,1,1,0,0,1,1,1,0,0,0,1,0,1,1,0,0,1,0,1,0.0,-10000.337528393136,1
0,1,1,0,1,1,1,1,0,1,0,0,0,0,0,1,1,1,0,0,0.0,-10000.337102447987,1
1,0,0,0,0,1,1,1,0,1,0,1,0,1,0,1,1,0,1,0,0.0,-10000.33665285628,1
0,1,0,1,0,0,1,1,0,1,1,0,0,0,1,1,1,0,1,0,0.0,-10000.336538134343,1
1,1,0,1,1,0,0,1,0,0,0,0,1,0,1,1,0,1,1,0,0.0,-10000.336503250654,1
0,1,0,0,1,0,1,1,1,1,1,0,0,1,0,1,0,0,1,0,0.0,-10000.336210595742,1
0,0,0,1,0,0,1,0,0,0,0,1,1,0,1,1,1,1,1,1,0.0,-10000.336157749494,1
0,0,0,1,1,0,1,0,0,1,1,1,0,1,1,0,0,1,1,0,0.0,-10000.336128842251,1
0,0,1,0,0,1,1,1,1,1,1,1,0,0,0,1,0,1,0,0,0.05,-10000.335007170095,1
0,0,1,0,1,0,1,0,1,1,0,1,0,1,1,1,0,1,0,0,0.0,-10000.334943006563,1
0,1,0,1,1,0,0,1,0,0,1,1,0,1,1,1,0,1,0,0,0.0,-10000.334233206784,1
0,0,0,0,1,0,0,1,0,1,1,0,1,1,1,1,0,0,1,1,0.0,-10000.334046226624,1
0,1,1,1,1,1,1,1,1,1,0,0,0,0,0,1,0,0,0,0,0.0,-10000.334038673152,1
1,0,1,1,0,0,1,1,0,0,1,0,1,0,1,1,0,1,0,0,0.0,-10000.333826644479,1
1,0,1,0,0,0,1,0,0,1,0,1,0,1,0,1,0,1,1,1,0.0,-10000.33290329749,1
0,0,1,1,1,0,1,0,0,1,0,0,0,1,1,1,0,1,1,0,0.0,-10000.331798828885,1
0,1,0,1,1,0,1,1,0,1,1,1,0,0,0,0,1,1,0,0,0.0,-10000.33143146276,1
0,0,0,1,1,1,1,1,0,1,1,0,0,1,1,0,0,0,0,1,0.0,-10000.331276861047,1
0,1,0,1,0,0,1,1,0,0,1,1,0,0,0,1,1,1,1,0,0.0,-10000.33125606374,1
1,0,0,0,1,1,1,1,1,0,0,0,0,1,1,1,0,0,0,1,0.0,-10000.330592600749,1
0,1,0,1,1,1,1,0,0,1,0,1,0,1,0,1,0,0,1,0,0.0,-10000.330333087413,1
0,0,0,1,1,0,1,1,0,1,1,1,1,0,0,0,1,1,0,0,0.0,-10000.32999775973,1
0,0,0,1,1,1,1,0,0,1,0,1,1,1,1,1,0,0,0,0,0.0,-10000.328888207716,1
1,0,1,0,0,0,1,0,0,1,1,1,0,0,0,1,0,1,1,1,0.0,-10000.328695777778,1
0,1,1,0,1,0,1,1,0,1,1,0,1,0,0,0,0,0,1,1,0.0,-10000.328688973303,1
0,0,1,1,1,0,1,1,0,0,1,0,0,0,0,1,1,0,1,1,0.0,-10000.328313441223,1
0,1,0,0,1,1,1,1,0,0,0,1,0,1,0,1,1,0,1,0,0.0,-10000.328001980883,1
1,0,0,1,1,0,1,1,1,1,0,0,0,1,0,1,0,1,0,0,0.0,-10000.32705466702,1
1,0,0,1,1,0,1,1,1,0,0,0,0,1,0,1,0,1,0,1,0.0,-10000.326273020113,1
0,0,0,0,1,1,1,1,0,0,1,1,1,1,1,0,0,0,1,0,0.0,-10000.326183298019,1
0,0,0,0,1,0,1,1,0,0,1,0,0,1,1,1,1,1,0,1,0.0,-10000.326025530769,1
1,0,0,0,1,0,0,1,0,1,1,1,0,1,0,1,0,1,1,0,0.0,-10000.32574270161,1
1,0,0,1,0,0,1,1,0,1,1,0,0,1,1,1,0,1,0,0,0.0,-10000.325724737857,1
0,0,0,1,1,1,1,1,0,0,1,1,0,1,1,0,0,1,0,0,0.0,-10000.324446787374,1
0,0,0,1,1,0,1,1,1,0,1,0,1,0,0,1,0,1,0,1,0.0,-10000.324067794932,1
0,0,1,0,1,0,1,1,0,0,1,1,1,1,1,0,0,0,1,0,0.0,-10000.323868539072,1
0,1,0,1,1,0,1,1,0,1,1,1,0,0,1,0,1,0,0,0,0.0,-10000.323488504233,1
0,0,0,0,1,0,1,1,0,0,1,1,1,1,0,1,1,0,0,1,0.0,-10000.323457204757,1
0,0,0,0,0,0,1,1,0,1,1,1,0,1,1,1,1,1,0,0,0.0,-10000.322967420847,1
1,0,1,0,1,0,1,0,1,1,0,1,0,0,1,1,0,1,0,0,0.0,-10000.32247033993,1
1,0,1,0,1,1,1,0,0,1,0,1,1,0,1,1,0,0,0,0,0.0,-10000.322185652212,1
0,1,0,0,1,0,1,0,0,1,0,1,1,1,0,1,0,1,1,0,0.0,-10000.322089712716,1
1,0,0,0,0,1,1,1,0,1,0,0,0,0,1,1,1,0,1,1,0.0,-10000.322062390716,1
0,0,0,0,0,0,0,1,0,1,1,1,0,1,1,1,0,1,1,1,0.0,-10000.321591416425,1
0,1,0,1,0,0,1,1,0,0,1,1,0,1,0,1,0,1,1,0,0.0,-10000.320451980248,1
0,1,0,1,1,0,1,1,0,0,1,1,0,1,0,0,0,1,0,1,0.0,-10000.3203990431,1
0,0,0,1,1,1,0,1,0,1,0,1,0,1,0,1,0,1,0,1,0.0,-10000.319810406603,1
0,0,1,1,1,0,1,1,0,0,1,0,0,1,0,1,0,0,1,1,0.0,-10000.318218352977,1
0,0,0,0,1,0,1,1,0,0,1,1,1,0,1,0,1,1,0,1,0.0,-10000.31746060982,1
0,0,0,1,0,0,1,1,0,0,1,0,0,1,1,1,0,1,1,1,0.0,-10000.315858868225,1
0,0,0,0,1,0,1,0,0,1,1,1,1,0,1,0,0,1,1,1,0.0,-10000.315039982512,1
0,0,1,0,1,1,1,1,1,0,0,0,0,0,1,1,0,1,0,1,0.0,-10000.314759001441,1
0,0,0,1,1,1,0,1,0,0,0,1,0,1,1,1,0,0,1,1,0.0,-10000.314599502244,1
1,0,1,1,1,0,1,0,0,1,0,1,0,0,1,0,0,0,1,1,0.0,-10000.313284285394,1
0,1,0,1,1,0,0,1,0,0,0,1,0,1,1,1,0,1,0,1,0.0,-10000.31141635523,1
0,1,0,1,1,0,1,1,0,1,1,0,0,0,1,0,0,1,1,0,0.0,-10000.308834452402,1
0,0,0,1,1,1,1,1,1,0,1,1,0,0,1,1,0,0,0,0,0.0,-10000.305907241393,1
1,0,0,0,1,0,1,1,0,1,0,0,1,1,0,1,0,1,1,0,0.0,-10000.304661792055,1
0,0,0,0,1,1,1,1,0,1,1,0,1,0,0,1,0,1,0,1,0.0,-10000.302737085734,1
1,0,0,0,1,0,1,0,0,1,0,1,0,1,0,1,0,1,1,1,0.0,-10000.302499952531,1
0,0,0,1,1,0,1,1,0,1,1,0,0,1,1,1,0,1,0,0,0.0,-10000.300386312978,1
0,1,0,0,0,0,1,1,0,1,0,1,1,1,1,1,0,1,0,0,0.0,-10000.29992797134,1
0,0,1,1,1,1,1,1,0,0,0,1,1,0,0,1,0,1,0,0,0.0,-10000.296443766554,1
0,1,1,1,1,0,1,1,0,0,0,1,0,1,1,1,0,0,0,0,0.0,-10000.293730186191,1
0,0,1,0,1,0,1,1,0,1,1,1,0,1,0,1,0,0,1,0,0.0,-10000.292555699958,1
0,0,0,1,1,1,1,1,0,0,0,1,0,1,0,1,0,1,1,0,0.0,-10000.291698431736,1
0,1,0,1,1,0,1,1,1,0,0,1,0,0,0,1,0,1,1,0,0.05,-10000.289589580478,1
0,0,1,0,1,0,1,1,0,1,0,0,0,1,1,1,0,1,0,1,0.0,-10000.287270503612,1
1,0,0,0,1,0,1,1,0,1,1,0,0,0,1,1,0,1,1,0,0.0,-10000.277842208714,1
0,0,0,0,1,0,1,1,0,1,0,1,0,1,1,0,0,1,1,1,0.0,-10000.272317198824,1
0,0,1,1,1,0,1,1,0,1,1,1,0,0,0,1,0,0,0,1,0.0,-10000.272171216286,1
0,0,1,1,1,0,1,1,0,1,1,1,0,0,1,1,0,0,0,0,0.0,-10000.269183814096,1
1,1,0,1,1,0,1,1,0,1,0,1,0,0,0,1,0,1,0,0,0.0,-10000.268541769965,1
0,1,1,1,0,0,0,0,1,0,1,0,0,1,1,0,1,1,1,1,0.0,-9900.524698616335,1
0,1,1,1,0,1,0,0,1,1,1,0,1,1,0,0,0,0,1,1,0.0,-9900.518368836545,1
1,1,1,1,0,0,0,1,1,1,1,0,0,1,0,0,1,1,0,0,0.0,-9900.512381904891,1
1,1,1,1,0,1,0,1,1,0,1,0,0,1,0,1,1,0,0,0,0.0,-9900.51204303711,1
1,1,0,1,0,1,0,0,0,1,1,0,0,1,0,0,1,1,1,1,0.0,-9900.51038946025,1
1,1,1,1,0,1,0,1,1,0,1,0,1,1,0,0,0,0,1,0,0.0,-9900.509893971335,1
1,1,0,0,1,1,0,0,1,1,1,0,0,1,0,1,1,1,0,0,0.0,-9900.504642380007,1
1,1,1,0,0,0,0,1,1,0,1,1,1,1,0,0,1,1,0,0,0.0,-9900.504335431622,1
0,0,0,1,0,1,0,0,1,0,1,1,1,1,0,1,1,1,1,0,0.0,-9900.503858390235,1
1,0,1,1,1,1,0,0,0,0,1,1,1,1,0,0,1,1,0,0,0.05,-9900.503617786138,1
0,0,1,1,0,1,0,0,1,1,1,1,0,1,0,1,1,1,0,0,0.0,-9900.502964188143,1
0,1,0,1,1,1,0,0,0,0,1,0,1,1,0,0,1,1,1,1,0.0,-9900.502316581602,1
0,1,1,1,0,1,0,1,1,0,1,1,0,1,0,0,1,0,1,0,0.0,-9900.501286993116,1
1,1,0,1,1,1,0,0,1,0,0,1,0,1,0,0,1,1,1,0,0.05,-9900.498210927395,1
0,0,1,0,0,1,0,0,1,1,1,0,1,0,0,1,1,1,1,1,0.0,-9900.495885597844,1
1,0,1,1,0,0,0,0,1,0,1,1,0,1,0,1,1,1,0,1,0.0,-9900.495400415513,1
0,1,1,1,0,1,0,0,0,0,1,0,0,1,1,1,1,1,0,1,0.0,-9900.494195194593,1
1,1,1,0,1,1,0,0,1,0,1,1,1,1,1,0,0,0,0,0,0.0,-9900.494183843082,1
0,0,1,1,0,1,0,1,1,0,1,1,0,1,0,0,1,1,1,0,0.0,-9900.491829056204,1
1,0,1,0,1,1,0,0,0,1,1,0,0,1,0,0,1,1,1,1,0.0,-9900.488851656477,1
1,1,0,1,1,1,0,1,1,1,0,0,0,1,0,0,1,1,0,0,0.0,-9900.481800546111,1
1,1,0,1,1,1,0,1,0,1,1,0,1,1,0,0,1,0,0,0,0.0,-9900.48131566818,1
0,1,0,1,1,1,0,0,1,0,0,1,0,1,1,0,1,1,1,0,0.0,-9900.48070684755,1
1,1,0,1,0,1,0,1,0,1,1,0,0,1,1,0,1,1,0,0,0.0,-9900.479083100894,1
0,1,0,0,0,1,0,0,1,1,1,1,0,1,1,1,1,0,1,0,0.0,-9900.47890912206,1
1,1,0,0,0,1,0,0,0,1,1,1,1,1,0,1,1,0,0,1,0.0,-9900.478311442503,1
1,0,1,1,1,1,1,0,1,1,1,0,0,0,0,0,1,1,0,0,0.0,-9900.477871874016,1
1,0,1,1,0,1,1,0,1,1,1,1,0,0,0,0,1,1,0,0,0.0,-9900.47622101854,1
0,1,1,0,0,1,1,1,1,0,1,0,0,1,1,0,1,1,0,0,0.0,-9900.475464262956,1
1,1,0,1,0,1,1,0,0,1,1,0,0,1,0,0,1,0,1,1,0.0,-9900.474392055085,1
1,1,0,1,1,1,0,0,0,1,1,0,1,0,0,1,1,1,0,0,0.0,-9900.474335033932,1
0,1,1,0,0,1,1,0,0,0,1,1,1,1,0,0,1,1,0,1,0.0,-9900.473643366702,1
1,0,1,1,0,1,1,0,1,0,0,1,1,0,0,0,1,1,1,0,0.0,-9900.472979918533,1
0,0,1,1,0,1,0,1,0,0,1,0,1,1,0,1,1,1,1,0,0.0,-9900.470966323728,1
1,1,1,0,0,0,0,0,1,1,1,1,1,0,1,0,0,1,1,0,0.0,-9900.468848274539,1
1,1,1,1,0,0,0,1,1,0,1,0,1,1,1,1,0,0,0,0,0.05,-9900.468819219765,1
1,1,0,0,1,1,1,0,1,0,1,1,0,1,0,0,1,0,0,1,0.0,-9900.468469971604,1
0,1,0,1,1,1,0,0,1,0,1,1,0,1,0,0,0,1,1,1,0.0,-9900.466788371898,1
1,0,1,0,1,1,0,1,0,0,1,0,1,1,1,0,1,0,0,1,0.0,-9900.464409587592,1
1,0,1,1,0,0,1,1,1,1,1,0,0,1,0,0,1,1,0,0,0.0,-9900.464254826224,1
1,0,0,1,1,1,1,0,1,0,1,1,0,1,1,0,1,0,0,0,0.0,-9900.463638925728,1
0,1,1,1,0,0,0,0,1,0,1,0,0,1,0,0,1,1,0,1,0.0,-9900.463615535551,1
0,0,1,1,1,0,0,1,1,1,0,0,1,1,0,0,1,1,0,1,0.0,-9900.463137993253,1
1,0,1,1,0,1,1,0,0,0,1,0,1,0,1,0,1,0,1,1,0.0,-9900.462228144675,1
1,0,1,1,1,0,0,1,0,0,1,0,1,1,0,0,1,0,1,1,0.0,-9900.462007165024,1
1,0,0,1,0,1,1,0,1,0,1,0,1,1,0,1,0,1,0,1,0.0,-9900.461469207925,1
1,1,1,1,0,0,0,0,1,0,0,1,0,0,1,1,1,1,0,1,0.0,-9900.460323145782,1
1,0,1,1,0,1,0,0,0,1,0,1,0,1,0,1,1,1,0,1,0.0,-9900.45971401793,1
1,0,1,0,0,1,0,1,1,0,1,1,1,0,1,1,1,0,0,0,0.0,-9900.458273091524,1
1,0,0,1,0,1,1,0,0,0,1,0,1,1,0,1,1,0,1,1,0.0,-9900.45793253727,1
1,1,0,1,1,0,1,0,1,0,1,0,1,0,0,1,1,1,0,0,0.0,-9900.4577605009,1
0,1,0,1,0,0,1,0,1,1,1,1,0,1,1,0,1,0,1,0,0.0,-9900.457032273847,1
1,0,1,0,0,1,1,1,0,0,1,0,1,1,0,0,1,1,1,0,0.0,-9900.456689371978,1
1,1,1,0,1,0,0,0,1,0,0,0,1,1,1,1,0,1,0,1,0.0,-9900.45653270652,1
0,1,1,1,1,1,0,1,1,1,1,0,0,0,0,1,1,0,0,0,0.0,-9900.456394855431,1
1,0,0,1,0,0,1,0,1,0,1,0,1,1,1,0,0,1,1,1,0.0,-9900.456232139904,1
0,0,1,1,1,1,0,0,0,0,1,1,0,1,1,1,1,1,0,0,0.0,-9900.455835403593,1
1,1,1,0,0,1,0,0,1,0,1,0,0,0,1,0,1,0,1,0,0.0,-9900.455720892758,1
0,0,0,1,0,1,0,0,1,0,1,1,1,1,0,0,1,1,0,0,0.0,-9900.454523649047,1
0,0,0,0,1,1,1,0,1,1,1,1,1,1,1,0,1,0,0,0,0.0,-9900.45436865049,1
1,1,1,0,1,0,1,0,1,0,1,0,1,1,0,1,0,1,0,0,0.0,-9900.453387093634,1
0,1,1,0,0,1,1,0,0,1,0,1,1,1,0,0,1,1,1,0,0.0,-9900.453374230783,1
1,1,0,0,0,1,1,1,1,0,1,0,1,1,1,0,0,1,0,0,0.0,-9900.452883869002,1
1,0,1,1,0,1,1,1,1,1,1,0,0,0,0,0,1,0,0,1,0.0,-9900.452811327124,1
1,1,0,1,0,0,0,0,0,0,1,1,0,1,1,1,1,0,1,1,0.05,-9900.45267645692,1
0,1,0,0,0,1,0,0,1,0,1,0,0,1,1,0,1,1,0,1,0.0,-9900.452244414028,1
0,1,1,1,0,0,0,0,0,0,1,0,1,1,0,0,1,1,1,0,0.0,-9900.452216582518,1
1,1,0,0,0,1,1,1,1,0,0,0,0,1,0,0,1,1,1,1,0.0,-9900.451610152506,1
0,1,1,0,0,1,1,0,0,0,1,1,1,0,0,0,1,1,1,1,0.0,-9900.451437141495,1
1,1,1,1,1,1,0,1,1,0,0,0,0,1,1,0,0,0,0,1,0.0,-9900.451315630187,1
0,1,1,1,1,1,1,1,1,0,1,0,0,0,0,0,1,1,0,0,0.0,-9900.450951622133,1
0,1,0,1,0,0,0,1,0,1,1,0,1,1,0,1,1,1,1,0,0.0,-9900.450879735257,1
0,0,1,1,0,1,0,0,1,1,1,1,0,1,0,0,1,0,0,0,0.0,-9900.45040878633,1
1,1,1,0,0,1,0,1,0,0,1,1,0,1,1,1,1,0,0,0,0.0,-9900.450347247473,1
1,0,1,1,1,0,0,1,1,0,1,0,0,1,0,0,0,1,1,1,0.0,-9900.450314565707,1
1,0,0,1,0,0,1,0,1,0,1,1,1,0,1,0,1,1,0,1,0.0,-9900.450307496041,1
1,0,1,0,0,1,0,1,0,1,1,0,0,1,0,1,1,0,1,1,0.0,-9900.450277340131,1
1,0,1,1,1,1,1,0,0,0,1,0,1,1,0,0,0,1,0,1,0.0,-9900.449961302067,1
0,1,0,1,0,1,0,0,0,0,1,1,1,1,0,1,0,1,1,1,0.0,-9900.44964702032,1
1,0,1,1,1,0,1,0,1,0,1,1,1,1,0,0,0,1,0,0,0.0,-9900.449448310592,1
0,0,0,1,0,1,1,0,0,0,1,0,1,1,1,1,1,1,1,0,0.0,-9900.449261417454,1
1,0,1,0,0,1,1,1,1,0,1,0,0,0,1,0,1,1,1,0,0.0,-9900.448857305128,1
0,1,0,1,0,0,0,1,1,0,1,1,0,1,0,1,1,1,0,1,0.0,-9900.448291323368,1
0,1,1,1,0,0,1,0,0,1,1,0,0,1,0,1,1,1,0,1,0.0,-9900.446839133076,1
1,1,0,1,1,1,1,0,0,0,0,1,1,1,0,0,1,0,1,0,0.0,-9900.446671713855,1
0,1,0,1,1,0,1,0,1,0,1,1,0,1,1,0,1,0,1,0,0.0,-9900.44664128145,1
0,0,1,1,1,1,0,0,0,0,1,1,0,0,1,0,1,1,1,1,0.0,-9900.446214622158,1
1,0,1,1,0,0,0,0,0,1,1,1,1,1,0,1,0,1,1,0,0.0,-9900.445992812225,1
0,1,0,1,1,1,0,1,1,0,1,0,1,1,0,1,0,0,0,1,0.0,-9900.445681599216,1
1,0,1,0,0,0,0,0,1,0,1,0,0,1,1,0,1,0,1,1,0.0,-9900.445417910361,1
1,0,0,1,0,1,1,0,1,1,1,1,0,1,1,0,0,1,0,0,0.0,-9900.444849696767,1
1,0,1,1,1,1,1,0,0,0,1,0,1,0,0,1,1,1,0,0,0.0,-9900.444142531069,1
1,0,1,1,1,1,0,0,0,1,1,1,0,1,1,0,0,0,1,0,0.0,-9900.441750920176,1
1,1,1,0,1,1,1,0,0,0,1,0,0,1,0,0,0,1,1,1,0.0,-9900.44088478119,1
0,1,1,1,0,1,0,1,0,0,1,1,1,0,0,1,1,0,0,1,0.0,-9900.440747354847,1
1,0,1,1,1,1,0,0,1,0,1,1,0,0,1,1,0,1,0,0,0.0,-9900.439165511973,1
0,1,1,1,1,0,0,1,0,1,1,1,0,1,0,0,1,1,0,0,0.0,-9900.4389199488,1
1,1,1,1,0,1,0,0,1,0,0,0,0,1,1,0,0,1,0,0,0.0,-9900.438793233363,1
1,1,0,0,1,1,1,1,0,0,1,0,1,1,0,0,1,0,0,1,0.0,-9900.438334889599,1
1,1,0,0,1,0,0,1,0,0,1,0,0,1,1,0,1,1,1,1,0.0,-9900.437917780057,1
1,1,1,0,1,0,1,0,0,0,1,0,1,1,0,0,0,1,1,1,0.0,-9900.437824648947,1
1,1,1,1,0,1,1,1,0,0,1,0,0,1,0,0,0,1,1,0,0.0,-9900.437451339389,1
0,0,1,0,0,1,1,0,1,0,1,0,1,1,0,0,1,0,0,1,0.0,-9900.436690113473,1
1,0,1,1,1,1,0,0,1,0,1,0,0,1,0,0,0,1,0,0,0.0,-9900.43637763667,1
1,1,1,0,1,0,1,1,0,0,1,0,1,1,0,0,1,0,0,1,0.0,-9900.436185763365,1
0,0,0,1,1,1,1,0,1,0,0,1,0,1,1,0,1,1,1,0,0.0,-9900.436060884136,1
0,1,0,0,1,0,1,0,1,0,0,0,1,1,1,1,1,1,1,0,0.0,-9900.435638561328,1
0,1,1,0,1,0,0,0,1,0,1,1,0,1,1,1,0,1,1,0,0.0,-9900.435389408087,1
0,1,0,1,1,1,1,1,1,0,0,0,0,1,1,0,1,1,0,0,0.0,-9900.435362134853,1
1,0,1,1,1,1,1,0,1,1,0,0,0,1,1,0,0,0,0,1,0.0,-9900.435146221911,1
0,0,0,1,0,1,0,0,0,0,1,0,1,1,1,0,1,1,1,0,0.0,-9900.43472309451,1
0,0,1,0,1,0,0,0,1,1,1,0,1,1,1,0,1,0,0,0,0.0,-9900.434621822893,1
0,0,1,1,0,1,1,0,1,0,1,1,0,1,1,1,0,1,0,0,0.0,-9900.434408302926,1
1,1,0,1,0,1,1,0,1,1,0,0,1,0,0,1,0,1,1,0,0.0,-9900.433660916531,1
1,0,1,0,0,1,1,1,1,0,0,1,1,1,0,1,1,0,0,0,0.0,-9900.433071782958,1
0,1,0,1,1,1,1,0,0,0,0,0,1,1,0,1,1,1,0,1,0.0,-9900.432980123778,1
1,0,0,1,1,1,1,0,0,1,1,0,0,1,0,1,1,0,1,0,0.0,-9900.432893736825,1
0,1,1,0,1,1,1,1,1,0,0,0,0,1,1,0,1,0,0,1,0.0,-9900.432831638416,1
1,0,0,0,1,1,0,1,0,0,1,0,1,1,1,1,1,0,0,1,0.0,-9900.432042027865,1
0,1,0,0,0,1,0,1,1,1,1,1,1,1,0,1,0,0,0,1,0.0,-9900.432034308733,1
1,1,0,1,0,0,1,0,1,1,1,0,0,1,1,1,0,0,1,0,0.0,-9900.431765099625,1
0,1,0,1,1,1,0,0,0,1,1,1,0,0,0,1,1,1,1,0,0.0,-9900.431720975508,1
0,1,1,1,0,0,0,1,0,1,1,1,0,1,0,1,1,0,1,0,0.0,-9900.431699197597,1
1,1,0,1,0,0,0,1,0,1,0,0,1,1,1,1,1,0,0,1,0.05,-9900.430795538925,1
1,1,1,0,0,0,0,0,0,1,1,1,0,1,0,1,0,1,1,1,0.0,-9900.430466591617,1
1,1,1,1,1,0,0,0,0,0,0,0,1,1,0,0,1,1,0,0,0.0,-9900.430291590757,1
1,0,0,1,0,1,0,0,0,0,1,0,0,1,1,0,1,1,0,1,0.0,-9900.42968495498,1
0,0,1,1,1,0,0,0,1,0,0,1,1,1,0,1,0,1,1,1,0.0,-9900.429314313571,1
0,0,1,1,1,1,1,0,0,1,1,0,0,0,1,0,1,1,1,0,0.0,-9900.428733437597,1
0,0,1,0,1,1,1,0,1,0,1,0,0,1,0,1,0,1,1,1,0.0,-9900.428423686762,1
1,0,0,1,1,1,0,0,0,1,0,1,1,1,1,0,0,1,1,0,0.0,-9900.427960114952,1
1,0,1,1,0,1,1,1,0,0,0,0,0,1,1,0,1,1,0,1,0.0,-9900.427116514564,1
1,1,0,0,0,1,0,1,1,0,1,0,1,0,0,0,1,0,0,1,0.0,-9900.426482097519,1
1,1,1,1,0,1,1,1,0,1,1,0,0,1,0,0,0,0,0,1,0.0,-9900.425657314643,1
1,1,0,1,1,1,1,0,0,1,1,1,0,0,0,0,1,0,1,0,0.0,-9900.425303750899,1
1,1,0,1,1,0,0,1,0,0,1,0,0,1,1,1,1,0,0,1,0.0,-9900.425245905497,1
0,0,1,1,1,0,1,1,1,0,0,0,1,1,1,0,1,0,0,1,0.0,-9900.424626258233,1
1,1,1,0,0,0,0,0,1,1,1,0,0,0,0,1,1,1,0,0,0.0,-9900.424459137306,1
1,1,1,0,0,0,0,0,0,1,1,1,0,1,1,1,0,1,0,1,0.0,-9900.42442890099,1
0,1,1,1,1,0,0,0,0,0,1,1,0,0,1,1,1,1,0,1,0.0,-9900.423740857992,1
0,0,1,0,1,1,1,0,0,1,1,1,0,1,1,0,1,0,1,0,0.0,-9900.422999234812,1
0,0,1,1,1,0,0,0,0,1,1,0,0,0,1,1,1,1,1,1,0.0,-9900.422553215667,1
1,0,1,1,1,1,0,0,0,1,1,1,0,0,1,0,0,1,1,0,0.0,-9900.42214297097,1
1,0,1,0,0,0,0,0,1,0,1,1,0,1,0,1,1,1,0,0,0.0,-9900.422121342157,1
0,0,1,1,1,1,0,0,0,1,1,0,1,0,1,1,0,1,1,0,0.0,-9900.421664626081,1
1,1,0,1,0,1,0,0,0,0,0,0,1,1,0,1,1,0,0,1,0.0,-9900.421230178463,1
1,0,0,0,0,0,1,1,1,1,1,0,0,1,0,1,1,1,1,0,0.0,-9900.421203647527,1
0,1,1,1,1,1,1,0,0,1,1,1,0,1,0,0,0,1,0,0,0.0,-9900.421093486439,1
0,1,1,1,0,1,1,1,0,0,1,1,0,1,0,1,1,0,0,0,0.0,-9900.420659604795,1
0,0,0,1,1,0,0,0,0,1,1,1,0,1,0,1,1,1,1,1,0.0,-9900.420630225437,1
0,1,1,0,0,1,1,1,1,0,1,1,0,1,0,0,0,0,1,1,0.0,-9900.420442872704,1
0,1,0,1,0,1,0,0,1,0,0,0,1,0,1,1,1,1,0,0,0.0,-9900.419964824532,1
0,1,1,0,1,0,1,0,0,1,1,0,0,1,0,1,1,0,1,1,0.05,-9900.419390854922,1
1,1,0,1,0,1,1,1,0,0,1,1,1,1,0,0,0,1,0,0,0.05,-9900.419262918778,1
0,1,0,1,1,1,1,1,0,0,0,0,1,1,1,0,1,1,0,0,0.0,-9900.41923043992,1
0,1,1,1,0,1,0,0,0,0,1,0,1,1,0,1,0,1,0,0,0.0,-9900.418362312557,1
1,0,0,1,0,1,1,0,0,1,1,0,1,1,1,1,0,0,0,1,0.0,-9900.418149243482,1
0,0,1,0,1,1,0,1,1,0,1,0,0,1,0,0,1,1,0,0,0.0,-9900.417488697025,1
0,1,1,1,1,0,1,0,0,1,0,0,0,1,0,1,1,1,1,0,0.0,-9900.41684825393,1
1,1,1,1,0,0,0,1,0,0,1,1,0,1,0,1,0,1,1,0,0.0,-9900.416794656827,1
1,0,1,0,0,1,1,0,1,1,1,0,0,0,1,1,0,0,1,1,0.05,-9900.4164566035,1
0,1,0,1,0,1,0,0,1,0,0,0,1,0,0,1,1,0,1,1,0.0,-9900.416282153117,1
0,1,0,1,1,1,1,0,1,0,1,1,0,1,0,1,0,0,1,0,0.0,-9900.415819620332,1
1,0,0,0,1,0,0,0,1,1,0,1,1,1,1,1,0,1,1,0,0.0,-9900.414105405494,1
0,0,1,0,1,1,0,1,1,0,1,0,0,1,0,0,1,0,1,0,0.0,-9900.41397717312,1
1,1,0,1,1,0,0,0,0,0,1,0,1,1,0,1,1,0,0,0,0.05,-9900.413366566154,1
1,0,1,0,1,1,1,0,0,0,1,1,1,0,0,1,1,0,0,1,0.0,-9900.413051309075,1
0,0,1,1,0,0,0,1,0,0,0,1,1,1,0,1,1,1,1,1,0.0,-9900.412946595507,1
1,0,1,1,1,0,1,0,0,0,1,1,0,0,0,0,1,1,1,1,0.0,-9900.412435235125,1
1,0,1,1,0,0,1,0,0,1,1,1,1,1,0,1,0,1,0,0,0.0,-9900.412398164393,1
1,0,1,1,1,1,0,1,0,0,1,0,0,1,1,1,0,0,1,0,0.0,-9900.412127418434,1
0,1,1,1,1,0,1,0,1,0,0,1,1,1,0,1,0,1,0,0,0.0,-9900.411903877319,1
1,1,0,0,1,0,0,0,0,0,1,1,0,0,1,1,1,1,1,1,0.0,-9900.411179261704,1
0,0,1,1,0,1,1,1,1,0,0,0,0,0,0,1,1,1,1,1,0.0,-9900.410765251223,1
1,0,0,1,0,1,0,1,0,0,1,1,0,0,1,1,1,1,1,0,0.0,-9900.409715512082,1
0,1,1,0,1,1,0,1,0,1,0,1,0,1,0,1,1,1,0,0,0.0,-9900.409693384947,1
1,1,0,0,0,1,1,0,0,1,1,0,1,0,0,1,0,1,1,1,0.0,-9900.409688554662,1
1,0,0,1,0,0,0,1,1,0,1,0,1,1,0,1,1,0,0,0,0.0,-9900.409156541074,1
0,1,1,1,0,0,1,1,0,1,1,0,1,1,1,0,0,0,1,0,0.0,-9900.408614223472,1
0,1,0,0,0,0,0,1,1,1,1,0,0,1,0,0,1,1,1,0,0.0,-9900.408589255443,1
0,1,0,0,0,1,1,0,0,0,1,0,1,1,1,0,1,1,0,0,0.0,-9900.408253326897,1
0,1,0,1,0,1,1,1,1,1,1,0,1,0,0,1,0,1,0,0,0.0,-9900.408166078245,1
1,0,0,0,1,1,1,1,0,0,1,0,0,1,1,0,1,1,0,1,0.0,-9900.407337419294,1
1,0,0,1,1,1,1,0,0,1,1,0,0,1,1,0,0,0,1,1,0.0,-9900.406854777159,1
0,1,1,1,0,1,0,0,0,0,1,0,0,0,0,1,1,0,1,1,0.0,-9900.406556283706,1
0,1,0,1,0,1,0,1,0,1,0,1,0,1,1,1,1,0,0,1,0.0,-9900.405494305982,1
0,0,0,1,1,1,1,1,0,0,1,0,0,1,1,0,1,1,0,1,0.0,-9900.405454688873,1
0,0,1,0,1,1,0,0,0,1,1,0,0,1,1,0,1,0,1,0,0.0,-9900.405364048771,1
0,0,0,0,0,1,1,1,1,0,1,1,1,0,0,1,1,1,1,0,0.0,-9900.405134921097,1
1,0,1,1,1,0,1,0,0,1,1,0,0,1,1,0,0,0,1,1,0.0,-9900.404950745482,1
1,0,1,0,0,0,0,1,0,0,1,1,1,1,0,1,0,1,1,1,0.0,-9900.404434831538,1
1,1,1,1,1,1,0,1,0,1,0,0,1,0,0,1,0,1,0,0,0.0,-9900.403796371802,1
0,0,0,1,1,0,0,1,0,0,1,1,1,1,1,1,1,1,0,0,0.0,-9900.403224352816,1
0,1,1,0,0,0,0,0,0,1,1,0,0,1,0,1,1,1,0,1,0.0,-9900.40282018972,1
0,1,0,1,1,1,0,1,0,1,1,1,0,1,1,0,0,1,0,0,0.05,-9900.40186035695,1
1,1,1,1,1,1,0,1,0,0,0,1,0,1,0,1,0,1,0,0,0.0,-9900.400829859804,1
0,1,1,1,0,0,1,1,1,1,1,0,1,0,0,1,0,0,1,0,0.0,-9900.400715778516,1
1,0,1,1,1,0,0,0,0,0,1,0,0,1,0,1,1,0,1,0,0.0,-9900.400428180168,1
1,0,0,1,0,1,1,1,0,0,1,1,1,0,1,0,1,0,0,1,0.0,-9900.400347640112,1
1,0,0,1,0,0,1,0,1,1,0,1,1,1,1,1,0,0,1,0,0.0,-9900.400313613245,1
0,0,0,1,0,1,1,0,0,1,1,1,0,1,1,0,0,1,1,1,0.0,-9900.398840014761,1
0,1,1,1,1,1,1,1,0,1,0,0,0,0,0,0,1,1,1,0,0.0,-9900.398679000917,1
0,1,1,1,0,0,1,0,0,1,1,0,0,1,0,0,1,0,1,0,0.0,-9900.398297900389,1
1,1,0,1,0,0,1,0,0,1,1,0,0,1,1,1,0,0,1,1,0.0,-9900.398238626049,1
1,1,1,0,0,1,1,1,0,1,0,0,1,1,0,1,0,0,1,0,0.0,-9900.398204689696,1
0,0,0,1,0,1,1,1,0,0,0,0,1,1,1,1,1,1,1,0,0.0,-9900.397963613474,1
0,0,1,0,1,1,0,1,0,1,1,1,0,1,0,0,0,1,1,1,0.0,-9900.39734793812,1
0,0,0,1,1,1,0,1,1,0,1,0,1,0,0,0,1,0,1,0,0.0,-9900.397101887374,1
0,0,0,1,1,1,1,0,1,0,1,1,0,1,1,1,0,0,0,1,0.0,-9900.39527074526,1
1,1,1,1,1,0,0,0,0,0,1,1,0,0,0,0,1,1,0,0,0.0,-9900.395065777073,1
0,0,0,0,0,1,0,0,1,1,0,0,1,0,1,1,1,1,1,0,0.0,-9900.395019078094,1
0,1,0,0,1,0,0,1,0,0,1,1,0,1,1,1,1,1,1,0,0.0,-9900.394874136537,1
0,0,0,1,1,1,1,0,1,0,1,1,1,0,1,1,0,1,0,0,0.0,-9900.394297533463,1
1,0,1,0,1,1,0,0,0,1,1,0,0,1,0,0,0,1,1,0,0.0,-9900.39374279009,1
1,1,1,1,0,0,0,0,0,0,1,1,0,1,1,0,0,1,0,0,0.0,-9900.39369322735,1
0,1,0,1,0,1,1,0,1,0,1,0,0,1,1,0,0,0,1,0,0.0,-9900.393540311023,1
1,0,0,0,0,0,0,1,1,1,1,1,1,0,0,1,0,1,1,1,0.0,-9900.393521663736,1
0,0,1,1,1,1,1,1,0,1,0,0,1,0,0,0,1,1,0,1,0.0,-9900.3935058679,1
1,0,1,1,0,1,0,0,0,1,0,0,0,1,1,0,0,1,1,0,0.0,-9900.39337854199,1
0,0,0,1,0,0,0,0,1,0,0,1,1,1,1,1,1,1,0,0,0.0,-9900.393006484916,1
1,1,0,1,0,1,0,1,0,0,1,0,1,1,1,0,0,0,0,0,0.0,-9900.39279833069,1
0,0,0,0,1,1,1,1,0,0,1,0,1,1,0,1,1,0,1,1,0.0,-9900.391950757717,1
0,1,1,0,0,0,0,1,1,1,0,0,0,1,1,0,1,0,0,1,0.05,-9900.391340169397,1
0,1,0,1,1,1,1,1,0,0,1,0,1,1,0,1,0,1,0,0,0.0,-9900.391330720508,1
0,0,1,0,1,1,0,0,1,0,1,1,0,0,0,1,1,1,0,0,0.0,-9900.39124218876,1
1,0,1,1,1,1,1,1,0,0,0,0,1,1,1,0,0,0,0,1,0.0,-9900.390182880046,1
0,1,0,0,0,1,1,1,1,0,0,0,1,1,0,0,1,1,0,0,0.0,-9900.389961084235,1
0,0,1,1,1,0,0,0,1,0,0,0,1,0,0,1,1,1,0,1,0.0,-9900.38946789427,1
0,0,1,1,1,1,0,0,0,0,1,0,0,1,1,0,0,1,1,0,0.0,-9900.389390689019,1
0,0,0,1,1,1,1,0,1,1,1,0,0,0,1,1,0,1,0,1,0.0,-9900.389254023034,1
0,0,0,0,1,1,1,1,0,1,1,0,1,1,1,1,1,0,0,0,0.0,-9900.388501907515,1
1,0,1,1,1,1,1,1,0,0,1,0,0,0,1,1,1,0,0,0,0.0,-9900.388336808726,1
0,0,1,1,0,1,1,1,0,1,1,1,0,1,0,0,0,1,0,1,0.0,-9900.388173425323,1
1,1,1,1,0,0,0,1,0,1,0,1,0,1,1,1,0,1,0,0,0.0,-9900.387708731501,1
0,1,1,0,1,0,1,1,0,0,1,0,0,1,1,1,1,0,0,1,0.0,-9900.387003427883,1
1,0,0,1,0,1,1,1,0,0,1,1,1,0,0,1,1,0,0,1,0.0,-9900.386909811328,1
0,1,0,0,1,1,1,0,0,1,1,0,0,1,1,1,0,1,0,1,0.0,-9900.386069846258,1
1,0,1,1,1,1,0,0,0,0,0,0,1,0,0,1,1,0,0,1,0.0,-9900.385883018283,1
0,1,0,0,1,0,0,1,1,0,0,1,1,1,1,1,0,1,1,0,0.0,-9900.385766565783,1
0,0,0,1,0,1,0,0,1,1,1,1,0,1,0,1,0,1,0,0,0.0,-9900.385068643769,1
0,1,1,0,1,1,1,0,0,0,0,1,1,1,0,1,0,0,1,1,0.0,-9900.384103541333,1
1,1,1,1,0,1,0,0,0,1,1,1,0,0,0,0,0,0,1,0,0.0,-9900.384044343355,1
1,0,0,0,1,0,1,1,1,1,0,0,1,1,0,0,0,1,1,1,0.0,-9900.384019009172,1
0,0,0,1,1,0,1,1,1,0,0,0,0,1,0,1,1,1,1,1,0.0,-9900.383970526314,1
0,0,0,0,1,1,1,0,0,1,1,0,0,0,1,1,1,1,1,1,0.0,-9900.383766398589,1
0,0,0,1,1,0,0,0,0,0,1,0,1,1,0,1,1,0,1,1,0.0,-9900.383347582603,1
1,0,1,1,1,1,0,0,0,1,0,1,0,0,1,1,0,1,0,1,0.0,-9900.383315433326,1
0,0,0,0,0,0,1,0,1,1,1,0,1,1,0,1,1,0,0,1,0.0,-9900.383033993035,1
1,0,0,0,0,0,0,0,1,0,1,1,1,1,1,1,0,1,0,0,0.0,-9900.382843144293,1
0,1,1,1,1,1,1,1,1,1,0,0,0,0,1,0,0,0,1,0,0.0,-9900.382463349993,1
1,0,0,0,1,1,1,0,0,0,1,0,0,1,0,0,1,1,1,0,0.05,-9900.38172378363,1
1,1,0,1,1,0,1,1,0,1,0,0,0,1,0,1,1,1,0,0,0.0,-9900.381175221311,1
1,1,0,0,0,1,1,0,1,0,0,1,0,1,0,1,1,0,0,0,0.0,-9900.380802509315,1
0,1,0,1,1,0,1,1,0,0,0,0,1,1,1,1,1,0,1,0,0.0,-9900.37986191662,1
0,0,1,1,0,1,0,0,0,0,1,1,0,0,1,1,1,1,0,0,0.0,-9900.379647222213,1
0,0,1,0,1,1,1,1,0,0,0,1,0,1,1,0,1,1,1,0,0.0,-9900.37957075269,1
1,0,0,1,1,1,1,1,0,1,1,0,0,0,0,1,1,1,0,0,0.0,-9900.37874279804,1
1,0,1,1,0,0,0,1,0,0,0,1,1,1,0,0,1,1,0,0,0.0,-9900.378504063603,1
1,1,0,0,1,1,0,0,0,1,0,0,1,1,0,0,0,0,1,1,0.0,-9900.378193163357,1
0,1,0,0,1,1,1,1,0,0,0,0,0,1,1,1,1,1,1,0,0.0,-9900.378163253465,1
0,1,0,1,0,1,1,0,0,1,0,1,0,1,1,1,0,1,1,0,0.0,-9900.377636042169,1
1,0,0,0,1,1,1,1,0,1,1,1,1,1,0,0,0,1,0,0,0.0,-9900.377268479577,1
0,1,0,0,0,1,0,1,0,0,1,0,0,1,1,1,1,1,0,0,0.05,-9900.376920335651,1
0,0,0,1,0,0,0,0,0,1,0,0,1,1,1,1,1,1,1,0,0.0,-9900.376667950295,1
0,1,1,1,0,0,0,0,0,0,1,0,0,1,1,1,0,1,0,1,0.0,-9900.376065749135,1
1,0,0,1,1,0,0,0,1,1,0,0,0,1,1,0,0,1,1,0,0.0,-9900.375595197153,1
0,0,1,1,1,1,0,1,0,0,1,0,1,1,0,0,0,1,0,0,0.0,-9900.375232443994,1
0,0,0,1,1,0,1,0,0,1,1,0,1,1,1,1,0,0,1,1,0.0,-9900.375016561045,1
0,0,0,1,0,1,0,0,0,1,0,1,0,1,1,0,1,0,1,1,0.0,-9900.374824389348,1
0,1,0,1,1,1,1,1,0,1,1,1,0,1,0,0,0,1,0,0,0.0,-9900.374307182956,1
1,1,0,0,1,1,1,1,0,0,0,1,0,1,0,1,1,0,1,0,0.0,-9900.374079676274,1
1,1,0,0,0,1,1,1,0,1,1,0,1,0,0,1,0,0,1,1,0.0,-9900.37391214576,1
1,0,0,1,1,1,1,1,1,0,0,1,0,1,1,0,0,0,0,1,0.0,-9900.3738548044,1
1,0,0,0,1,1,0,1,0,1,1,0,0,1,0,0,1,0,0,1,0.0,-9900.373636168435,1
0,1,1,1,0,1,0,0,0,0,0,1,1,1,1,1,0,0,0,0,0.0,-9900.373033140517,1
0,1,0,1,1,0,0,1,0,1,1,0,0,1,0,0,1,1,0,0,0.0,-9900.372927581971,1
1,0,0,0,1,1,1,1,0,1,1,1,0,0,0,0,1,1,1,0,0.0,-9900.372751839459,1
0,1,0,1,0,0,0,0,1,0,1,1,0,1,1,1,0,0,1,0,0.0,-9900.371760324422,1
0,0,1,1,1,0,1,0,1,1,1,0,0,0,1,0,1,0,0,0,0.0,-9900.371369619748,1
0,1,0,1,1,0,1,1,0,1,1,1,1,1,0,0,0,1,0,0,0.0,-9900.370642009777,1
1,1,0,1,1,1,1,0,0,1,1,1,0,0,0,1,0,0,1,0,0.0,-9900.370385656006,1
1,0,1,0,0,0,0,1,0,0,1,0,0,1,1,1,1,1,0,0,0.0,-9900.370380449469,1
0,0,0,0,1,1,1,0,1,0,0,1,1,1,1,0,1,0,0,0,0.0,-9900.370275355155,1
0,1,0,1,1,0,1,1,0,1,0,1,0,1,0,0,1,1,1,0,0.0,-9900.370096662728,1
1,0,1,0,1,0,0,0,0,0,0,1,1,1,0,1,1,0,1,0,0.0,-9900.369425444043,1
0,0,0,1,0,0,1,1,0,0,1,1,0,1,0,1,1,1,1,1,0.0,-9900.369404555635,1
1,1,0,1,0,0,0,1,0,1,0,1,0,1,1,1,0,1,0,1,0.05,-9900.368485103478,1
1,1,0,1,0,0,1,1,0,1,1,1,1,0,1,0,0,1,0,0,0.0,-9900.368101383461,1
0,0,1,1,1,1,1,1,0,0,1,0,0,1,1,1,0,0,1,0,0.0,-9900.367943567053,1
0,0,0,1,0,1,1,1,1,0,1,0,0,1,0,1,1,0,0,0,0.0,-9900.36785041594,1
0,0,1,1,1,0,1,1,0,1,0,0,0,1,0,1,1,1,0,1,0.0,-9900.367699169503,1
1,0,1,0,0,1,1,1,1,0,1,0,0,1,1,0,0,0,0,0,0.0,-9900.367332522566,1
0,0,1,1,1,1,1,1,0,0,1,1,0,1,1,0,0,0,0,1,0.0,-9900.367000257274,1
0,1,0,0,1,1,0,0,0,1,0,1,0,1,1,0,1,0,1,0,0.0,-9900.366991121877,1
0,0,0,1,1,0,0,1,1,0,0,1,1,1,0,0,1,1,0,0,0.0,-9900.366560461758,1
1,1,0,0,1,0,1,1,0,1,1,1,0,0,1,0,1,1,0,0,0.0,-9900.36410186956,1
1,0,1,1,0,1,0,1,0,0,1,1,0,1,1,0,0,0,0,0,0.0,-9900.36312522828,1
0,0,0,1,0,1,0,1,0,0,0,0,1,1,0,1,1,0,1,1,0.0,-9900.362725964646,1
0,1,0,1,1,0,0,0,0,1,0,0,0,1,0,1,1,1,0,1,0.0,-9900.362401840332,1
1,0,0,0,1,0,1,1,1,1,0,0,1,1,1,1,0,0,1,0,0.0,-9900.362169923314,1
0,1,1,0,0,0,1,0,0,1,1,0,1,0,0,1,1,0,1,0,0.0,-9900.361754258622,1
0,0,0,1,0,0,1,0,1,1,1,0,0,0,0,1,1,1,1,0,0.0,-9900.360100562615,1
1,0,0,1,1,0,1,1,0,0,0,0,1,1,1,0,0,1,1,1,0.0,-9900.359981560538,1
1,0,1,1,1,0,1,0,0,1,0,1,0,1,1,1,0,1,0,0,0.05,-9900.359841104733,1
0,1,0,1,0,0,0,1,1,0,1,1,0,0,0,1,1,1,0,0,0.0,-9900.358913738834,1
1,1,0,1,1,1,1,1,0,1,1,0,0,0,0,1,0,1,0,0,0.0,-9900.358773224276,1
0,0,1,0,0,1,1,0,0,0,1,1,0,1,0,1,1,0,0,1,0.0,-9900.35860429128,1
1,0,1,1,1,0,1,0,0,1,1,1,0,0,0,1,0,1,1,0,0.0,-9900.35853535583,1
0,1,1,1,0,1,1,1,1,0,0,0,0,1,0,0,0,0,0,1,0.0,-9900.358321896,1
0,1,0,1,1,0,1,0,0,0,1,0,1,0,1,0,1,0,1,0,0.0,-9900.358154173871,1
0,0,0,0,0,1,0,1,1,0,1,1,0,1,1,0,0,1,0,1,0.0,-9900.35769231803,1
0,1,1,1,0,1,0,1,0,0,1,0,1,0,0,1,0,0,1,0,0.0,-9900.357523473982,1
0,0,0,1,1,0,1,0,0,0,1,0,0,1,0,0,1,1,1,1,0.0,-9900.357131214669,1
0,0,0,1,0,1,0,0,0,0,1,1,0,0,1,1,1,0,1,1,0.0,-9900.357093870634,1
1,0,0,0,0,1,0,1,0,1,0,0,0,1,0,1,1,1,1,0,0.0,-9900.356884501576,1
1,0,0,1,1,1,1,1,0,1,0,0,0,0,1,1,1,1,0,0,0.0,-9900.35685671744,1
0,1,0,1,1,0,1,1,1,0,0,1,0,0,1,1,1,1,0,0,0.0,-9900.356763130076,1
0,1,0,1,0,0,1,1,0,0,1,0,0,1,0,0,1,1,1,0,0.0,-9900.356524118542,1
0,1,1,0,1,0,1,0,0,0,1,0,0,1,0,1,1,0,0,1,0.0,-9900.356464043867,1
0,0,0,1,1,1,1,0,1,0,1,0,0,1,0,1,0,1,0,0,0.0,-9900.35610799992,1
0,0,1,1,1,1,1,1,0,0,0,0,0,1,0,1,0,1,1,1,0.0,-9900.356035947121,1
0,1,1,0,0,1,1,0,0,0,0,1,0,1,0,1,1,0,1,0,0.0,-9900.355860904618,1
0,0,1,1,0,1,1,0,0,1,0,0,1,0,0,1,1,0,1,0,0.05,-9900.355703850295,1
0,1,1,1,0,1,1,0,0,0,0,0,0,0,0,1,1,0,1,1,0.0,-9900.35541498963,1
0,0,0,1,0,0,1,1,1,1,0,1,0,0,1,1,1,1,1,0,0.0,-9900.355279223011,1
1,1,0,0,1,1,0,1,0,0,0,0,1,1,0,0,0,1,0,1,0.0,-9900.355269867388,1
0,0,1,0,1,0,1,0,0,1,0,0,1,1,1,0,1,1,0,0,0.0,-9900.354489850302,1
1,1,0,1,0,1,1,0,1,0,0,1,0,1,0,1,0,0,0,0,0.0,-9900.354139312585,1
1,1,1,1,1,0,0,0,1,1,0,0,0,0,0,1,0,0,0,1,0.0,-9900.354077055104,1
1,0,0,0,1,0,0,0,0,1,0,1,0,1,0,0,1,1,1,1,0.0,-9900.353559695506,1
0,0,1,1,1,1,1,1,0,1,1,1,0,1,0,1,0,0,0,0,0.0,-9900.353532622648,1
0,0,1,0,1,0,1,0,1,1,1,0,1,1,0,1,0,0,0,0,0.0,-9900.353069415121,1
0,0,1,1,0,0,1,1,0,0,0,1,1,0,1,1,1,1,0,1,0.0,-9900.352925448173,1
1,0,0,0,1,0,0,0,0,1,0,1,0,1,1,0,1,1,1,0,0.0,-9900.352860337991,1
1,0,1,0,0,0,1,1,0,0,0,0,1,1,0,0,1,1,1,0,0.0,-9900.352187119439,1
0,0,0,1,1,0,1,1,0,0,1,1,0,1,1,1,1,0,1,0,0.05,-9900.352009102025,1
0,0,1,1,1,1,0,0,0,1,1,0,1,0,1,1,0,0,0,0,0.0,-9900.350410218696,1
1,0,0,1,1,0,1,0,0,0,1,0,0,1,0,1,1,0,1,0,0.0,-9900.350151634273,1
0,1,0,1,1,1,1,1,1,0,0,0,0,0,1,1,0,0,1,1,0.0,-9900.350124031378,1
1,0,1,0,0,0,1,1,1,0,0,0,0,1,0,1,1,0,1,0,0.0,-9900.349925500206,1
1,1,1,1,1,0,0,0,0,0,1,0,0,0,0,1,0,0,1,1,0.0,-9900.349435524706,1
0,0,1,1,0,1,1,0,0,1,0,1,0,1,0,1,1,0,0,0,0.0,-9900.349098997505,1
1,1,0,1,1,1,1,1,0,0,0,1,0,1,0,1,0,0,1,0,0.0,-9900.348650659265,1
0,1,0,0,1,1,1,0,1,1,0,0,0,1,1,0,0,0,1,0,0.0,-9900.346376441008,1
1,0,0,1,1,0,1,1,1,0,0,0,0,1,0,0,1,0,1,0,0.0,-9900.345757540194,1
0,0,1,1,1,0,0,1,0,0,1,0,1,1,1,0,0,0,0,1,0.0,-9900.34565811112,1
0,0,0,1,0,0,1,0,1,0,1,1,0,0,0,1,1,1,1,0,0.0,-9900.345247165948,1
0,1,0,1,0,1,1,0,0,0,0,1,0,1,0,1,1,0,0,1,0.0,-9900.3444727409,1
1,1,1,1,0,0,0,1,0,0,1,1,0,1,0,1,0,0,0,0,0.0,-9900.343378801605,1
1,1,0,1,1,0,0,1,0,0,0,0,0,1,0,1,1,0,0,1,0.0,-9900.343216192157,1
0,0,0,1,0,1,0,1,0,1,1,1,1,0,0,1,1,0,0,0,0.0,-9900.343178501342,1
0,0,1,0,1,1,1,1,0,0,1,1,0,1,1,1,0,0,1,0,0.0,-9900.343023474075,1
0,0,1,0,1,1,1,1,0,1,0,0,0,1,1,1,0,1,1,0,0.0,-9900.342733140184,1
1,1,0,1,1,0,0,1,0,0,0,0,0,1,1,1,1,0,0,0,0.0,-9900.342373010646,1
0,0,0,1,0,0,0,0,0,1,0,1,0,1,1,1,1,1,0,1,0.0,-9900.341880094546,1
0,0,1,0,0,0,1,0,0,0,1,0,1,0,1,1,1,0,1,1,0.0,-9900.341828981138,1
0,1,0,1,1,0,1,0,1,0,1,0,0,1,0,1,0,0,0,1,0.0,-9900.341423486432,1
0,0,0,0,0,1,1,1,1,1,1,0,0,1,1,0,0,1,0,0,0.0,-9900.341410123277,1
0,0,1,1,1,0,0,0,0,0,1,1,0,1,0,1,0,1,1,0,0.0,-9900.341056857378,1
0,0,0,1,0,1,1,0,0,1,0,1,1,0,1,0,1,1,0,0,0.0,-9900.340615913356,1
0,0,1,1,1,0,1,1,0,0,1,0,0,1,0,0,1,0,1,0,0.0,-9900.339713230798,1
0,0,1,0,0,0,0,1,1,0,1,1,0,1,0,1,0,1,0,1,0.0,-9900.339677006956,1
1,0,1,0,1,0,1,0,1,0,1,0,1,0,0,1,0,0,0,1,0.0,-9900.339513309362,1
0,1,1,0,1,1,1,1,0,0,0,1,0,1,1,1,0,0,1,0,0.0,-9900.337927507355,1
0,0,0,1,0,1,1,1,0,0,1,0,0,1,0,1,1,0,1,0,0.0,-9900.337920941074,1
0,0,1,1,0,1,0,0,0,0,1,1,0,0,1,1,0,0,1,1,0.0,-9900.337405155105,1
1,1,0,1,1,0,1,0,0,1,0,0,1,1,0,0,0,0,0,1,0.0,-9900.337246764895,1
0,1,1,0,0,0,0,1,0,1,1,0,0,1,0,1,0,1,0,1,0.0,-9900.337183093503,1
0,1,1,0,0,0,0,1,0,1,1,1,0,1,1,0,0,1,0,0,0.0,-9900.336883715874,1
0,0,1,0,1,1,1,1,1,0,0,0,1,1,0,0,0,0,0,1,0.0,-9900.336372175894,1
1,0,0,1,1,0,0,0,1,0,1,1,0,0,1,1,0,1,0,0,0.0,-9900.335740539955,1
1,0,0,1,1,1,1,0,0,0,0,1,1,1,0,0,0,1,0,0,0.0,-9900.334438220283,1
0,0,0,1,1,1,1,0,1,0,0,1,0,1,1,0,0,1,0,0,0.0,-9900.333923545331,1
0,0,0,1,1,1,1,0,1,0,0,0,0,1,0,1,0,1,0,1,0.0,-9900.333384839094,1
0,0,0,1,1,0,1,1,0,1,1,1,0,0,0,1,1,1,1,0,0.0,-9900.332706538687,1
1,0,1,1,1,0,1,1,0,0,0,0,0,1,0,0,1,0,1,0,0.0,-9900.332515604054,1
1,0,0,1,1,1,1,0,1,1,0,0,0,0,1,0,0,0,1,0,0.0,-9900.332351949583,1
0,0,1,0,1,0,0,0,0,1,1,0,0,1,1,1,0,0,1,1,0.0,-9900.332057017888,1
0,1,0,1,0,1,0,1,0,0,1,1,0,0,0,0,0,1,1,1,0.0,-9900.331421416726,1
0,0,1,0,0,0,1,0,0,1,0,1,1,1,0,1,1,0,0,1,0.0,-9900.331143104408,1
0,1,0,1,0,0,0,1,0,1,1,0,0,1,0,1,0,1,0,1,0.0,-9900.330258780916,1
0,1,0,1,0,1,1,0,0,0,0,1,0,0,0,1,1,1,1,0,0.0,-9900.330031033358,1
0,1,0,0,1,0,1,1,1,1,0,1,0,1,0,1,0,0,1,1,0.0,-9900.329565140932,1
0,0,0,1,0,1,1,1,1,0,1,0,0,0,0,0,0,1,1,1,0.0,-9900.329515807485,1
0,0,1,0,1,0,1,0,1,1,1,0,1,0,0,1,0,0,1,0,0.0,-9900.328245506302,1
0,0,0,0,0,1,0,1,0,0,1,1,0,1,1,0,0,1,1,1,0.0,-9900.32789062928,1
1,0,1,0,0,1,1,1,1,0,0,1,0,0,0,1,1,0,0,0,0.0,-9900.327822181422,1
0,0,1,1,1,1,0,1,1,1,0,1,0,0,0,0,0,1,0,0,0.0,-9900.327011510017,1
0,0,1,0,1,0,0,1,1,0,1,1,0,1,0,1,0,1,0,0,0.0,-9900.326895706181,1
0,1,1,1,1,0,0,1,0,0,0,1,1,1,1,0,0,0,0,0,0.0,-9900.326758112291,1
0,0,1,0,0,0,1,1,0,1,1,0,0,1,0,1,1,1,0,0,0.0,-9900.3263967965,1
1,0,0,1,1,1,0,1,0,0,0,0,0,0,1,1,1,1,0,0,0.0,-9900.326084232736,1
0,0,0,0,1,0,1,0,0,1,1,0,0,1,0,1,1,0,1,1,0.0,-9900.324607343735,1
0,1,0,0,1,1,0,1,0,0,0,0,0,1,1,0,0,1,1,1,0.0,-9900.323703146183,1
0,0,1,1,1,0,1,1,0,0,0,0,0,1,0,0,1,1,1,0,0.0,-9900.323369325159,1
0,1,1,1,0,0,0,1,0,0,1,1,0,0,1,0,0,1,0,1,0.0,-9900.322529741014,1
0,1,0,0,1,1,1,0,1,0,0,1,0,1,0,1,0,1,0,0,0.0,-9900.321676129908,1
0,1,0,1,1,1,1,0,1,0,0,0,0,0,0,1,0,1,0,1,0.0,-9900.321533108061,1
1,0,0,0,1,1,1,0,0,1,1,1,0,1,0,0,0,0,0,1,0.0,-9900.321288813118,1
0,0,1,0,1,1,0,1,1,0,0,1,0,1,0,1,0,0,0,1,0.0,-9900.320173131422,1
1,0,0,0,1,0,0,1,0,0,1,0,1,1,1,1,0,0,1,0,0.0,-9900.317640928872,1
0,1,1,1,1,0,0,1,0,1,0,0,0,0,1,1,1,0,0,0,0.0,-9900.31711259844,1
1,0,0,0,1,0,1,1,0,1,0,0,0,1,1,1,0,1,1,1,0.0,-9900.317021243052,1
0,1,1,1,1,0,0,0,0,1,1,1,0,0,0,1,0,0,0,1,0.0,-9900.315139376708,1
0,1,0,0,1,0,1,1,1,0,0,0,1,0,0,1,1,1,0,0,0.0,-9900.314896088003,1
0,1,0,0,1,1,0,1,1,0,1,1,0,0,0,1,0,0,1,0,0.0,-9900.314748041823,1
1,0,1,0,1,1,1,1,0,0,0,1,1,0,0,0,1,0,0,0,0.0,-9900.314572507184,1
0,1,1,1,1,0,1,1,0,0,1,0,0,1,1,0,0,0,0,0,0.0,-9900.314198838396,1
0,0,1,1,1,0,1,0,0,0,1,1,0,1,1,0,0,0,0,1,0.0,-9900.313839959952,1
1,1,1,1,1,0,1,0,0,0,0,0,0,0,1,0,0,0,1,1,0.0,-9900.312391167969,1
0,0,0,1,1,1,1,1,0,1,0,1,0,1,1,1,0,0,0,1,0.0,-9900.312033140668,1
0,0,0,0,1,1,0,1,0,0,1,0,0,1,1,1,0,1,0,1,0.0,-9900.311205739943,1
1,0,1,0,0,0,1,1,0,0,1,0,0,0,1,1,1,1,0,0,0.0,-9900.311184740378,1
1,0,0,0,1,1,1,1,0,0,0,0,1,1,0,0,0,1,1,0,0.0,-9900.30992662636,1
0,0,1,1,0,0,0,1,0,1,0,0,0,1,1,1,0,1,0,1,0.0,-9900.309846556593,1
0,0,1,1,1,1,1,0,0,1,0,0,0,0,1,0,0,1,0,1,0.0,-9900.306951970408,1
0,1,1,1,1,0,0,1,0,1,1,0,0,0,0,1,0,1,0,0,0.0,-9900.306674840967,1
0,0,0,1,1,1,0,1,0,0,0,0,0,1,0,1,0,1,1,1,0.0,-9900.306224909975,1
0,1,0,0,1,0,1,1,0,0,0,0,0,1,1,0,1,1,0,1,0.0,-9900.305967955153,1
0,0,0,0,1,0,1,1,1,0,1,0,0,1,1,0,0,0,1,1,0.0,-9900.303201052353,1
0,0,0,1,1,0,0,1,0,1,0,1,1,1,0,0,0,1,1,0,0.0,-9900.302657275133,1
1,0,0,0,1,0,1,0,0,1,1,0,0,1,0,1,0,0,1,1,0.0,-9900.301372421203,1
0,0,0,0,0,0,1,1,1,0,0,0,1,1,0,1,0,1,1,1,0.0,-9900.301150632797,1
1,1,1,0,0,0,1,1,0,0,1,1,0,1,0,1,0,0,0,0,0.0,-9900.300974210759,1
0,1,0,1,0,0,1,1,0,1,1,1,0,1,0,0,0,0,1,0,0.0,-9900.297983887858,1
0,0,0,0,1,1,1,0,0,0,1,1,0,1,1,1,0,1,0,0,0.0,-9900.296457375181,1
0,1,1,0,1,1,0,1,0,1,1,1,0,0,0,1,0,0,0,0,0.0,-9900.29564041914,1
0,0,0,1,0,0,1,1,1,0,0,0,0,1,0,1,0,1,1,1,0.0,-9900.29495549564,1
0,1,1,0,0,0,1,1,0,1,0,0,0,0,0,1,1,0,1,1,0.0,-9900.293083159551,1
0,0,1,1,1,0,1,1,0,0,1,0,1,0,1,0,0,1,0,0,0.0,-9900.29232011711,1
0,0,0,0,1,0,0,1,0,1,1,1,0,1,1,0,0,1,0,1,0.0,-9900.291028869178,1
1,0,1,1,1,0,1,0,0,0,0,1,1,0,0,1,0,1,0,0,0.0,-9900.288201850943,1
0,0,0,1,1,0,0,1,0,0,1,1,0,1,1,1,0,1,0,0,0.0,-9900.28605134583,1
0,0,0,1,1,0,1,1,0,0,0,0,0,1,1,1,1,1,0,0,0.0,-9900.284291988908,1
1,1,1,1,0,0,1,1,0,0,0,0,0,0,0,1,0,0,1,1,0.0,-9900.281537561834,1
0,0,0,1,0,0,1,1,0,1,1,0,0,1,1,1,0,1,0,0,0.0,-9900.280496503408,1
0,1,0,1,1,0,1,1,0,0,1,0,0,1,1,1,0,0,0,0,0.0,-9900.2791743645,1
0,1,1,1,1,0,1,1,0,1,0,0,0,1,0,1,0,0,0,0,0.0,-9900.277316477752,1
0,1,0,0,1,1,1,1,1,0,0,0,0,0,1,1,0,0,0,1,0.0,-9900.272285728704,1
0,0,0,1,1,0,1,1,0,0,1,0,0,1,1,1,0,1,0,0,0.0,-9900.268431245697,1
0,0,1,1,1,0,1,1,0,1,0,0,0,1,0,1,0,0,0,1,0.0,-9900.262009956708,1
0,0,0,0,1,0,1,1,1,0,0,1,0,1,0,1,0,0,1,1,0.0,-9900.250677647615,1
0,1,0,1,0,1,0,0,1,1,1,1,1,1,0,0,0,1,1,1,0.0,-9600.525980486205,1
1,1,0,1,1,1,0,1,1,0,1,1,0,1,0,0,1,1,0,0,0.0,-9600.521377559673,1
1,1,0,1,1,1,0,1,0,0,1,0,1,1,0,0,1,1,1,0,0.0,-9600.52099449384,1
1,0,1,1,1,1,0,1,0,1,1,0,1,1,1,0,1,0,0,0,0.0,-9600.506868516044,1
1,0,1,1,1,1,0,0,0,0,1,1,1,1,1,0,0,1,1,0,0.0,-9600.497597276371,1
1,0,0,1,1,1,0,1,1,0,0,0,1,1,0,1,1,1,0,1,0.0,-9600.49580712252,1
1,1,0,0,1,1,0,0,1,1,1,0,0,1,1,1,0,1,1,0,0.0,-9600.495300424433,1
0,1,1,1,0,0,1,0,1,0,1,1,1,1,1,0,0,1,1,0,0.0,-9600.49506773279,1
1,0,1,1,1,0,0,1,0,1,1,0,1,1,1,0,1,0,0,1,0.0,-9600.487000473868,1
0,0,0,1,0,1,0,1,1,0,1,1,0,1,1,1,1,1,1,0,0.0,-9600.486979084297,1
0,0,1,1,0,0,1,0,0,1,1,1,1,1,0,0,1,1,1,1,0.0,-9600.479985559028,1
1,1,1,0,1,0,1,0,0,0,1,1,1,1,0,1,1,1,0,0,0.0,-9600.474073173733,1
0,1,1,1,0,1,1,0,0,1,0,0,0,1,1,1,1,1,0,1,0.0,-9600.471586831547,1
0,1,1,0,1,0,0,1,0,0,1,0,1,1,1,1,1,1,0,1,0.0,-9600.470267321065,1
1,1,0,1,1,0,0,1,0,1,1,1,0,1,0,0,1,1,0,1,0.0,-9600.465848165506,1
0,0,1,1,1,1,1,0,1,1,1,1,1,1,0,1,0,0,0,0,0.0,-9600.465044037928,1
1,1,0,1,1,1,0,0,1,0,0,1,1,0,1,1,0,1,0,1,0.0,-9600.46258663594,1
0,0,1,1,1,1,1,0,1,1,0,1,0,1,1,1,1,0,0,0,0.0,-9600.461077072358,1
1,1,0,1,1,1,1,1,0,0,0,0,1,1,1,0,1,0,1,0,0.05,-9600.459899563482,1
0,0,1,0,0,1,1,0,0,1,1,1,0,1,1,1,1,1,1,0,0.0,-9600.456106789707,1
0,0,1,1,1,1,1,1,1,0,1,0,1,1,0,1,0,1,0,0,0.0,-9600.455515330563,1
0,0,1,0,1,0,1,1,1,0,1,1,1,1,1,0,1,0,1,0,0.0,-9600.455369930029,1
0,1,0,0,1,0,0,1,1,1,1,0,1,1,0,1,0,1,1,1,0.0,-9600.454105975003,1
1,0,0,1,1,1,1,0,1,1,0,1,1,0,0,1,1,0,1,0,0.0,-9600.453848619529,1
1,1,0,0,1,1,0,1,0,0,1,0,0,0,1,1,1,1,1,1,0.0,-9600.44704248362,1
0,1,1,1,1,1,1,1,1,0,1,0,1,0,0,1,0,1,0,0,0.0,-9600.44521389214,1
1,1,1,1,1,1,1,0,0,1,0,1,0,1,1,0,0,1,0,0,0.0,-9600.441695391608,1
0,0,0,1,1,0,1,1,1,1,0,0,1,1,0,1,1,1,1,0,0.0,-9600.433507537897,1
1,1,1,1,1,0,0,1,1,0,1,1,0,0,0,1,0,0,1,1,0.0,-9600.432566276633,1
0,1,0,0,1,1,1,1,0,1,1,0,0,1,0,1,1,1,0,1,0.0,-9600.429072509034,1
1,0,0,1,1,1,1,0,0,1,0,1,1,0,0,1,1,1,1,0,0.0,-9600.425433221628,1
0,1,0,1,1,1,0,1,0,1,0,1,1,1,0,1,0,1,1,0,0.0,-9600.41882962938,1
0,1,0,0,0,0,1,1,0,1,1,1,1,1,1,1,1,0,1,0,0.0,-9600.41704164075,1
1,1,1,1,1,1,1,1,0,0,1,0,0,0,0,1,0,1,1,0,0.0,-9600.412713410686,1
0,0,1,0,1,1,0,0,1,0,1,0,0,0,1,0,1,1,0,0,0.0,-9600.387922095877,1
0,0,0,0,0,0,0,0,1,1,1,1,1,0,0,0,1,0,1,1,0.0,-9600.361745605933,1
0,0,0,0,0,1,1,0,1,1,0,0,1,1,0,0,0,1,0,1,0.0,-9600.33561002227,1
1,0,0,1,0,1,0,1,0,0,0,0,1,0,0,1,1,1,0,0,0.0,-9600.322884412892,1
1,0,1,0,1,1,0,1,0,0,0,1,1,1,0,0,0,0,0,0,0.0,-9600.30528796329,1
1,0,0,0,0,1,0,1,0,0,0,1,1,1,0,0,0,1,0,1,0.0,-9600.303289765476,1
1,0,0,1,0,0,0,1,0,0,1,0,0,0,1,1,1,0,1,0,0.0,-9600.301503721932,1
0,0,0,1,0,0,0,0,0,0,1,1,0,1,1,1,0,1,0,1,0.0,-9600.297073802696,1
1,0,1,1,0,0,1,1,1,1,1,0,0,0,0,0,0,0,0,0,0.0,-9600.29695703249,1
1,1,0,0,1,1,0,1,0,0,0,1,1,0,1,0,0,0,0,0,0.05,-9600.275071028356,1
0,0,1,0,0,0,1,1,0,1,0,0,0,1,0,1,1,0,1,0,0.0,-9600.27154336461,1
0,0,1,0,1,1,1,1,0,0,0,1,1,1,0,0,0,0,0,0,0.0,-9600.258557927935,1
0,1,0,1,1,1,0,1,0,1,1,0,1,1,0,1,1,1,1,0,0.0,-9100.520770329522,1
