0,1,2,3,4,5,6,7,8,9,10,11,12,13,14,15,16,17,18,19,20,21,22,23,24,25,26,27,28,29,30,31,32,33,34,35,36,37,38,39,40,41,42,43,44,45,46,47,48,49,50,51,52,53,54,55,56,57,58,59,60,61,62,63,chain_break_fraction,energy,num_occurrences
1,1,0,0,1,1,0,1,1,0,1,1,0,0,1,0,1,1,0,0,1,1,0,1,0,1,0,0,0,0,1,1,0,0,0,1,1,1,0,1,1,1,1,1,0,1,0,1,1,1,0,1,0,0,0,0,0,1,1,0,0,0,0,0,0.0,-3707.107299228292,1
1,0,0,0,1,0,1,1,1,0,1,0,0,1,1,0,0,1,0,0,1,1,0,0,1,1,1,0,1,1,1,1,1,0,1,1,0,1,0,0,0,1,0,1,0,1,0,1,1,1,0,1,0,0,0,0,1,1,0,1,0,0,0,0,0.015625,-3707.0438093691705,1
1,0,1,0,1,0,0,1,1,0,0,1,1,0,0,0,0,1,0,0,1,1,1,0,1,1,0,1,1,0,0,1,1,0,1,1,0,1,1,0,0,0,1,1,1,1,0,1,1,0,0,0,0,0,1,1,0,0,0,1,0,0,1,1,0.0,-3706.7878489438704,1
1,0,0,1,0,0,1,1,1,1,1,1,0,0,0,1,0,0,1,0,0,0,1,1,0,0,1,1,0,0,0,0,0,1,0,1,1,1,0,0,0,0,0,1,1,1,1,1,1,1,0,1,0,1,0,1,1,0,0,0,1,0,1,1,0.015625,-3706.7313237376898,1
0,0,1,1,1,0,0,1,0,0,0,0,1,0,0,1,0,1,1,0,1,0,0,1,0,1,1,1,1,0,1,1,1,1,1,1,1,0,1,0,1,0,1,1,0,0,1,1,0,1,0,0,1,1,0,0,0,0,0,0,0,1,0,1,0.0,-3706.610964041493,1
1,1,0,1,1,0,0,0,0,0,1,0,0,1,1,0,1,1,0,0,0,1,1,1,1,1,0,0,0,0,1,1,1,1,0,1,0,0,0,0,0,0,1,0,1,1,0,0,0,1,1,1,0,0,1,0,1,1,1,0,1,1,0,1,0.015625,-3706.6102674597573,1
1,0,1,1,0,0,1,1,1,0,0,1,0,1,1,0,0,1,0,1,0,0,0,0,1,1,1,1,0,0,0,1,1,1,0,0,0,1,0,0,1,0,1,1,1,1,0,1,1,1,0,1,0,1,0,1,0,1,0,0,0,1,0,0,0.0,-3706.53019871531,1
0,1,1,0,1,0,0,1,0,0,1,1,0,0,0,1,1,1,0,0,1,1,1,0,1,0,1,1,1,0,1,1,1,1,0,1,0,0,0,0,0,0,1,1,1,1,0,0,1,0,0,1,0,0,1,1,1,1,0,1,0,0,0,0,0.015625,-3706.510691006748,1
0,0,0,1,1,0,0,0,1,0,1,0,1,1,0,0,0,0,1,1,0,0,0,1,1,0,1,1,0,0,1,1,1,1,0,1,1,1,1,0,0,0,0,1,1,0,0,1,1,0,0,1,0,1,1,1,0,0,0,1,1,1,1,0,0.0,-3706.4146132090987,1
0,1,1,0,0,1,1,0,1,1,1,0,0,0,0,0,0,1,0,0,0,1,0,1,0,1,1,1,1,0,1,1,0,0,0,1,1,1,1,0,0,1,1,0,1,0,0,0,0,1,0,1,0,0,1,1,0,1,0,1,1,1,1,0,0.0,-3706.398065303806,1
1,1,1,0,1,1,0,1,1,0,1,0,0,0,0,0,0,1,0,0,1,1,0,0,1,0,0,1,1,0,1,1,0,1,1,1,0,1,0,0,1,0,0,1,1,1,1,0,1,1,0,1,0,1,0,1,1,1,0,0,0,0,0,0,0.015625,-3706.394046931864,1
1,0,1,0,0,0,1,1,1,1,1,1,1,1,0,0,0,1,0,0,1,1,0,0,0,0,0,1,1,0,0,0,1,1,0,1,1,0,0,0,0,0,0,1,1,1,1,1,1,1,0,1,0,1,0,0,1,1,0,0,1,0,1,0,0.0,-3706.3424184054975,1
1,0,1,1,1,0,1,1,0,1,0,0,1,1,0,0,0,1,0,0,1,1,0,0,1,1,1,1,0,0,1,0,0,1,1,0,1,1,1,0,0,1,1,0,1,1,0,1,0,0,0,1,1,0,0,0,1,0,0,0,1,0,1,0,0.0,-3706.3209258721654,1
0,0,1,0,0,1,0,1,1,0,1,1,1,0,0,1,1,1,0,0,1,1,1,1,1,0,1,1,1,1,1,1,0,1,0,1,0,1,0,0,0,0,1,0,1,1,1,1,0,0,0,0,0,0,0,1,1,0,0,0,1,0,0,0,0.0,-3706.2551015386593,1
1,1,1,0,1,1,1,0,1,0,0,1,0,0,0,1,0,1,0,0,1,0,0,1,0,0,0,1,0,0,1,1,0,1,0,0,1,1,1,0,0,0,1,1,1,0,1,1,1,1,0,0,1,0,1,1,1,0,0,1,0,0,0,1,0.0,-3706.247180577913,1
1,0,0,1,0,0,1,1,1,1,1,0,0,0,0,0,0,1,0,0,0,1,0,0,1,0,1,0,1,0,0,1,0,0,1,1,1,1,1,0,1,1,1,1,0,1,0,1,1,1,1,0,1,0,1,0,1,1,0,0,0,1,0,0,0.0,-3706.2454199554477,1
1,0,0,0,0,0,1,1,0,0,1,0,1,1,0,0,0,0,0,0,0,1,0,1,1,1,1,1,1,0,0,1,1,1,1,1,1,1,0,0,0,1,0,1,1,0,1,0,1,1,0,1,1,1,0,0,1,1,0,0,0,1,0,0,0.0,-3706.231348568646,1
1,0,1,0,0,1,0,1,0,0,1,1,1,0,0,1,0,1,0,0,1,1,0,1,1,1,1,1,1,0,1,0,1,0,0,0,1,0,0,1,0,0,1,1,0,1,0,1,1,1,0,0,0,0,1,1,1,0,0,1,0,1,0,0,0.0,-3706.120451399852,1
1,0,1,0,0,1,0,1,1,1,1,0,0,1,1,0,0,1,0,0,0,1,0,0,1,1,0,1,1,0,1,1,1,1,0,1,0,0,0,0,0,0,0,1,1,1,0,1,1,0,0,1,0,0,1,0,1,1,1,0,1,1,0,0,0.0,-3706.1076665367254,1
0,1,1,1,0,0,1,1,0,1,0,1,0,0,0,0,0,1,0,0,1,1,1,0,1,1,1,1,0,0,0,1,0,1,1,0,0,0,0,1,1,1,0,1,1,0,1,0,1,1,0,1,1,0,1,1,0,0,0,0,0,0,1,1,0.0,-3706.0995573717023,1
1,0,1,1,0,1,1,0,1,1,0,1,0,0,1,0,1,0,0,0,1,0,0,0,0,0,1,1,0,0,1,0,1,1,0,1,1,1,0,1,1,0,0,1,1,1,1,0,1,0,0,1,1,1,1,0,1,0,0,0,1,0,0,0,0.0,-3706.0189289428754,1
0,0,0,0,0,1,1,1,0,0,1,0,0,0,1,1,0,1,1,0,1,0,0,0,1,1,0,1,1,0,1,1,0,1,1,1,1,0,0,0,0,0,1,1,1,1,0,1,1,0,0,1,1,1,1,1,0,0,0,0,0,1,1,0,0.015625,-3706.0154371666513,1
1,0,0,1,0,0,0,1,0,0,1,0,0,0,0,0,1,0,0,0,1,1,1,1,1,1,0,1,1,0,1,1,0,1,0,1,0,1,0,0,0,0,1,1,1,0,1,1,1,1,0,0,0,1,1,1,0,1,0,0,0,1,1,1,0.03125,-3705.9805019903156,1
1,1,1,0,1,0,0,1,1,1,1,0,1,0,0,1,1,0,0,1,1,1,1,0,0,1,0,1,0,0,0,1,0,1,0,1,1,1,0,0,1,0,0,0,0,1,0,0,1,1,0,0,0,1,0,1,1,0,0,1,1,0,1,0,0.03125,-3705.9655077469065,1
1,1,1,1,1,1,1,0,1,1,1,0,0,1,0,0,1,1,0,1,0,1,1,0,0,1,1,0,0,0,1,1,0,0,1,1,0,0,0,1,0,1,1,0,1,0,1,1,1,0,0,0,0,1,0,1,0,0,0,0,0,0,1,0,0.0,-3705.940800862119,1
1,0,1,0,0,0,1,1,1,0,1,0,0,1,1,0,0,1,0,0,1,0,0,1,1,0,0,0,0,0,1,0,1,1,0,0,0,1,1,0,0,1,1,1,1,1,0,1,1,1,0,1,1,0,1,1,1,0,1,0,0,1,0,0,0.0,-3705.9300391505044,1
0,0,1,0,1,0,1,1,1,0,0,0,0,1,0,0,0,0,1,1,1,0,0,0,1,1,1,1,1,0,1,1,1,1,1,1,0,1,0,0,0,0,1,1,1,1,1,1,0,0,0,0,1,1,0,0,1,1,0,0,0,0,1,0,0.0,-3705.9197754028023,1
1,0,0,0,1,0,1,1,1,0,1,1,0,1,0,0,1,1,0,0,1,1,0,1,0,0,1,1,0,0,1,0,1,1,0,0,1,1,0,0,0,1,1,0,1,1,0,0,1,0,0,1,0,0,1,1,1,1,0,0,0,1,0,1,0.0,-3705.890923777742,1
0,0,0,1,1,0,1,1,0,0,1,0,1,0,1,1,0,1,0,1,0,0,0,1,0,0,0,1,0,0,1,1,0,1,1,1,1,0,0,0,0,0,1,1,1,1,1,1,1,0,0,0,0,0,1,1,1,0,0,0,1,1,1,1,0.0,-3705.8777188220593,1
0,1,0,1,1,0,0,0,0,1,0,0,0,0,1,1,0,1,0,0,1,0,0,0,0,1,0,1,1,1,1,1,0,1,1,1,0,1,0,0,1,0,1,0,1,1,1,1,1,0,0,0,0,1,1,1,1,1,0,0,1,0,1,0,0.0,-3705.8750413627654,1
1,0,1,0,0,0,0,0,1,1,0,0,1,1,1,0,0,1,0,0,0,1,0,0,1,0,1,1,0,1,1,1,1,1,1,0,1,0,1,0,1,0,1,1,0,1,1,1,1,1,0,0,0,0,0,1,0,0,1,1,1,0,0,0,0.0,-3705.872550554906,1
0,1,0,1,1,0,1,1,1,0,1,1,0,1,0,0,0,1,1,1,0,1,0,0,0,1,1,1,1,0,1,1,0,1,0,0,1,1,1,0,0,1,0,0,0,0,1,0,1,1,0,0,0,0,1,0,1,0,0,1,0,1,1,0,0.0,-3705.8133451879035,1
0,0,1,0,1,1,0,1,1,0,1,0,0,0,0,0,1,0,0,1,1,1,0,1,0,1,0,1,1,0,1,0,1,0,1,0,1,1,0,0,0,1,1,1,1,1,0,0,1,1,0,0,0,0,1,1,1,0,0,1,1,0,0,1,0.0,-3705.7838285267967,1
0,1,1,1,1,0,0,0,0,1,1,1,0,1,0,0,0,0,0,0,0,1,0,1,1,0,0,1,1,1,1,1,0,1,1,0,0,1,0,0,0,1,0,1,1,1,0,1,1,1,0,1,1,1,1,0,0,0,1,0,0,0,1,0,0.0,-3705.71027552772,1
1,1,1,0,0,0,1,0,1,0,1,0,1,0,1,0,0,1,0,0,1,1,0,0,1,1,0,1,0,0,1,1,0,1,0,0,1,1,0,0,1,0,0,1,1,1,0,0,1,1,0,1,1,0,1,1,1,0,0,0,0,1,0,1,0.0,-3705.5644392872623,1
0,0,0,0,1,1,1,1,1,0,1,0,1,0,0,0,1,0,0,1,1,1,1,0,0,0,1,1,1,0,1,1,0,0,0,1,1,1,0,0,0,1,0,0,1,1,0,1,0,1,0,1,0,0,0,1,1,1,1,0,0,0,1,1,0.0,-3705.5618205755904,1
1,0,0,1,1,0,0,0,1,1,0,0,0,0,1,1,0,1,1,0,0,1,0,1,0,1,0,1,0,0,0,0,0,1,1,1,1,1,1,0,1,1,0,0,1,1,0,0,1,1,0,1,1,1,1,1,1,0,0,1,0,0,0,0,0.015625,-3705.5466376934946,1
0,0,0,1,1,1,0,1,0,1,1,0,1,1,0,1,1,0,1,0,1,0,1,0,1,0,1,0,0,0,0,1,1,1,0,1,1,1,0,0,0,1,0,1,1,0,1,0,1,1,0,0,1,1,1,0,0,0,0,1,0,1,0,0,0.0,-3705.5118666391986,1
1,0,0,1,0,1,1,1,1,1,0,0,1,0,0,1,0,0,0,1,0,1,1,0,0,0,1,0,1,0,1,1,1,1,0,0,0,0,1,0,1,1,0,0,1,1,1,1,0,0,0,0,1,0,1,1,1,1,0,1,0,0,0,1,0.0,-3705.459624581765,1
1,1,0,0,0,1,0,1,0,0,0,0,0,0,0,0,0,1,1,0,1,0,1,1,1,0,0,1,1,0,1,1,1,0,0,0,1,1,0,0,1,1,1,1,1,1,0,0,1,1,0,1,1,0,1,1,1,0,0,1,0,1,0,0,0.0,-3705.4283799470986,1
1,1,0,0,0,0,1,1,0,0,1,1,0,0,1,0,0,0,0,0,1,1,1,1,0,1,1,1,0,0,1,0,0,1,0,0,1,1,0,0,1,0,1,1,1,1,1,1,1,1,1,1,0,1,1,0,1,0,0,0,0,0,0,0,0.0,-3705.3768769007015,1
1,0,1,0,1,0,0,1,1,0,1,1,0,0,0,0,0,1,0,0,0,1,0,1,1,0,0,1,1,0,1,1,1,0,0,1,1,1,0,0,0,0,1,1,1,1,0,0,1,1,1,1,0,0,1,1,0,1,0,1,0,1,0,0,0.0,-3705.242135612062,1
1,1,1,0,1,0,0,1,1,0,1,0,0,0,1,0,1,0,0,0,1,0,1,0,0,1,0,1,1,0,1,1,0,1,1,0,1,1,0,0,0,0,0,1,1,0,1,1,1,1,0,0,1,1,0,0,1,0,0,0,0,1,1,1,0.015625,-3705.212612339445,1
1,0,1,0,1,0,1,1,0,0,1,0,1,0,0,0,1,1,0,0,0,1,1,1,1,0,1,1,0,0,1,1,1,0,1,0,1,0,0,0,0,1,0,0,1,1,1,0,1,1,1,1,0,0,1,1,0,0,0,1,0,1,0,0,0.0,-3705.0806825008976,1
1,0,1,0,0,0,0,1,1,1,1,0,0,0,0,0,0,1,1,1,0,0,0,0,0,1,1,1,0,0,0,1,1,0,0,1,1,1,1,1,0,0,1,0,1,1,1,0,0,0,1,1,1,1,1,1,0,0,0,1,0,1,0,1,0.0,-3705.0696446651073,1
0,0,1,0,1,0,0,1,1,1,0,1,0,1,1,1,0,1,0,0,1,0,0,1,0,1,0,1,0,0,1,1,0,1,0,0,1,1,0,0,0,0,1,1,1,1,0,1,1,1,1,1,1,1,0,1,1,0,0,0,0,0,0,0,0.0,-3705.05563975082,1
1,0,1,1,0,1,0,1,1,0,1,1,1,1,0,0,0,1,0,0,0,1,0,0,0,0,1,1,0,0,0,1,1,1,1,0,1,1,0,1,1,1,1,1,1,0,1,0,1,0,0,0,0,0,0,1,1,1,0,0,0,1,0,0,0.0,-3705.0320175665665,1
1,0,0,0,1,1,0,1,0,1,0,1,0,1,1,1,0,0,1,0,1,0,0,0,0,1,1,1,0,0,0,1,0,0,0,0,0,1,1,0,1,1,1,0,1,0,1,1,0,1,0,1,0,1,1,1,1,1,0,1,0,1,0,0,0.0,-3704.951171264632,1
0,1,0,0,0,0,0,1,1,0,1,0,1,1,0,0,0,1,0,0,1,1,1,1,1,0,1,0,0,0,1,0,0,0,1,0,1,1,1,1,0,1,1,1,1,0,0,0,1,0,0,0,1,0,1,1,1,0,1,1,0,1,0,1,0.0,-3704.9367912184284,1
0,1,0,0,1,1,0,1,0,0,1,0,0,1,0,0,0,1,0,1,1,0,0,1,0,0,1,1,0,0,0,1,1,1,0,1,1,1,0,0,1,1,0,1,1,1,1,0,0,1,0,0,0,1,0,1,1,1,0,1,1,1,0,0,0.0,-3704.894855728193,1
1,0,1,0,0,0,0,1,1,0,0,1,1,0,0,1,1,1,0,0,0,0,0,1,0,0,1,1,1,1,1,1,0,1,1,0,0,1,0,0,0,0,1,1,1,0,1,1,0,1,1,0,0,1,1,1,1,0,1,1,0,0,0,0,0.015625,-3704.8580161077493,1
1,0,1,1,1,0,0,1,1,0,1,0,0,0,0,0,0,0,0,0,1,0,1,0,1,1,0,1,1,1,1,0,1,1,0,0,1,0,0,0,0,0,0,1,0,1,0,1,1,1,1,0,1,0,1,0,1,1,0,0,1,1,1,1,0.0,-3704.8500866012437,1
1,1,1,1,0,0,0,1,0,0,1,0,1,1,0,1,1,1,0,0,0,0,0,1,1,0,1,1,1,0,1,1,0,0,0,0,1,1,0,1,1,0,1,1,1,1,0,0,1,0,0,0,0,0,1,0,1,1,0,1,0,0,0,1,0.0,-3704.75716978062,1
1,1,1,0,0,0,0,1,1,0,0,1,0,1,1,0,0,1,1,0,1,1,1,0,1,0,0,1,0,1,1,1,0,1,0,0,0,1,1,0,0,0,1,1,1,1,0,0,1,0,0,0,1,0,0,1,1,0,1,1,1,0,0,0,0.0,-3704.6942030646114,1
1,0,0,0,0,1,0,0,1,0,0,0,0,1,0,1,0,1,1,1,0,0,0,0,0,1,0,1,1,1,1,1,1,1,1,1,1,1,1,0,0,1,1,1,1,0,0,0,1,0,0,0,1,0,0,1,1,0,0,1,0,1,0,1,0.0,-3704.675558225228,1
0,1,1,1,1,1,0,1,0,1,1,0,1,0,0,0,0,1,0,1,0,1,1,0,1,0,0,1,0,1,0,1,1,0,0,0,1,0,0,1,0,0,1,0,1,1,0,0,1,1,0,0,1,1,1,1,1,1,0,0,0,0,1,0,0.0,-3704.661336333087,1
1,1,1,0,0,0,0,1,1,0,1,1,0,0,0,0,0,1,0,0,1,0,1,0,1,1,1,1,0,1,0,1,0,1,1,0,1,0,1,1,0,0,0,1,1,0,0,1,1,1,1,0,0,0,1,1,1,0,0,0,0,0,1,1,0.0,-3704.627193432835,1
1,0,1,1,0,0,1,1,0,0,0,1,0,0,1,1,1,0,0,1,1,1,0,0,0,1,1,1,0,0,1,1,0,1,0,0,0,1,0,0,1,1,1,1,1,1,0,0,1,0,0,0,0,1,0,1,0,1,1,0,0,1,1,0,0.015625,-3704.594401229597,1
0,0,0,1,0,0,1,1,1,0,1,1,0,1,0,1,1,0,0,0,1,1,0,0,0,0,0,1,1,0,1,1,1,0,0,1,1,1,1,0,0,1,1,1,1,1,1,0,0,1,0,0,1,0,0,1,0,0,0,1,1,1,0,0,0.015625,-3704.498778101468,1
0,0,1,0,0,0,0,1,0,1,0,0,1,1,1,1,1,1,0,0,1,0,1,0,1,1,0,1,0,0,1,1,1,1,0,1,0,1,0,0,1,1,0,1,1,1,0,0,0,0,0,0,1,1,1,1,0,0,0,0,1,1,0,1,0.015625,-3704.467533662608,1
1,0,1,0,0,1,0,1,1,0,1,0,0,1,1,0,0,1,1,0,1,1,0,0,0,0,0,1,0,0,0,1,0,0,0,1,0,1,0,1,1,1,1,1,1,1,0,1,0,1,0,0,0,1,0,1,1,1,0,0,0,1,1,1,0.015625,-3704.3293776106498,1
1,0,0,1,0,0,0,1,1,0,1,0,0,0,1,0,1,1,0,0,1,1,0,0,1,1,1,1,1,1,1,0,1,0,0,0,1,0,1,0,0,1,1,1,1,1,1,0,1,0,1,1,0,0,0,1,0,0,1,0,0,0,0,1,0.0,-3704.325930714692,1
0,0,1,1,0,0,1,0,1,0,0,0,1,1,1,1,0,1,0,1,1,1,1,1,1,0,1,1,1,0,1,1,0,0,0,0,0,1,0,0,0,0,1,1,1,1,0,1,1,0,0,0,1,1,0,1,1,0,0,0,0,0,1,0,0.015625,-3704.239229300636,1
0,0,1,0,0,1,0,1,0,1,1,0,0,1,1,0,0,0,0,0,1,1,1,1,0,1,1,1,0,1,1,0,0,1,0,1,0,1,0,1,0,0,0,1,1,0,1,0,1,1,0,0,0,1,1,1,1,0,0,1,1,1,0,0,0.0,-3704.1812449022636,1
0,0,1,0,1,1,1,1,1,1,0,0,0,1,1,1,0,1,0,1,1,1,0,1,1,1,0,1,0,0,1,1,0,1,0,1,0,0,1,0,1,1,0,0,0,0,0,0,0,1,0,0,0,1,0,1,1,0,0,1,1,0,1,0,0.0,-3704.1731940308705,1
0,1,0,0,1,0,0,1,1,1,1,0,0,0,1,0,0,1,0,0,1,1,1,0,0,0,0,1,1,1,1,1,0,1,0,1,1,1,1,0,0,0,1,0,1,1,0,0,1,0,1,0,0,1,1,1,0,0,1,0,0,1,1,0,0.0,-3704.172715093014,1
1,0,1,0,0,0,0,0,0,1,0,1,0,1,0,1,0,1,0,0,1,1,1,1,0,1,0,1,0,1,0,1,0,1,0,0,1,0,0,0,0,1,1,1,1,0,0,0,0,1,1,1,1,0,1,1,1,0,0,0,1,1,1,1,0.0,-3704.076974767267,1
1,0,1,0,0,0,0,0,1,1,1,0,0,0,0,0,0,0,0,0,0,1,0,0,0,0,1,1,1,0,1,1,1,1,0,0,1,1,1,1,1,1,0,1,1,1,0,0,1,1,1,0,0,1,1,1,1,0,0,1,0,1,0,1,0.0,-3704.026251435688,1
1,1,0,0,0,0,1,1,1,0,1,1,0,0,1,0,0,1,0,0,0,0,1,0,1,1,1,1,0,0,1,1,0,0,0,0,0,1,0,0,0,0,1,0,1,1,1,0,1,1,0,1,1,0,0,0,1,0,1,1,1,1,1,0,0.015625,-3703.767477983928,1
1,0,0,0,1,0,1,1,0,1,1,0,0,0,0,1,0,1,0,0,1,1,0,0,0,1,0,1,0,1,0,1,0,1,0,1,0,1,0,0,1,0,1,0,0,1,1,0,0,1,0,1,1,1,1,1,1,0,0,0,1,1,0,1,0.0,-3703.750606877105,1
0,0,1,0,0,1,0,1,1,1,1,0,0,0,0,0,0,1,0,0,0,1,0,0,1,1,0,1,1,1,1,1,0,1,1,1,0,0,1,0,0,0,1,1,1,0,1,0,1,1,0,1,0,1,0,1,0,0,0,1,1,1,0,0,0.0,-3703.6932063911745,1
0,0,1,0,0,0,0,1,1,0,1,1,0,1,1,0,0,1,0,1,1,1,1,1,0,1,1,1,0,0,0,1,0,0,1,1,1,1,0,0,0,0,1,0,0,1,1,0,1,1,0,1,0,1,0,1,1,0,0,1,1,0,0,1,0.0,-3703.5778792810183,1
0,1,1,0,1,1,0,1,1,0,1,0,0,0,0,1,0,0,1,0,1,0,0,0,1,1,1,1,0,0,0,1,0,1,1,1,1,1,1,1,1,0,1,0,0,1,0,1,1,1,0,0,0,1,0,1,0,0,0,0,0,1,0,0,0.0,-3703.560890605659,1
0,1,0,0,0,0,0,1,1,0,0,0,1,1,0,0,0,1,1,0,1,1,0,0,1,1,1,1,0,0,1,1,0,1,0,1,0,1,0,0,1,0,1,0,0,0,0,0,1,1,0,1,1,1,0,1,1,1,1,1,0,0,1,0,0.0,-3703.5200994865704,1
1,0,1,0,0,0,1,0,1,0,0,1,0,0,1,1,0,1,0,0,0,1,0,0,1,1,1,0,0,0,0,1,1,1,0,0,1,1,0,0,0,1,1,1,1,1,0,1,0,1,1,1,0,1,0,0,0,1,0,1,0,1,1,0,0.015625,-3703.4345994047667,1
0,0,1,1,0,0,1,1,1,1,0,1,0,0,1,0,1,1,0,1,0,0,0,1,1,0,0,0,1,0,1,1,1,1,1,1,0,0,1,0,0,1,0,0,1,1,1,1,0,0,0,1,1,1,0,1,1,0,0,0,0,0,0,0,0.0,-3703.399318780809,1
1,1,1,1,1,0,1,0,0,1,0,1,0,0,0,0,1,1,1,1,0,1,0,0,0,1,1,1,0,1,0,1,0,1,1,1,0,0,0,0,1,1,1,0,1,1,0,1,1,0,0,0,0,0,0,1,1,0,0,0,0,1,0,0,0.0,-3703.3756058955278,1
1,0,1,0,1,1,1,1,1,0,1,1,0,1,0,0,0,1,0,0,1,1,1,0,1,1,1,0,0,1,0,1,0,0,0,0,0,1,1,0,0,1,1,0,1,0,1,0,0,1,0,1,1,0,0,1,1,0,1,0,0,0,0,0,0.0,-3703.3747463792793,1
1,0,1,1,0,0,0,1,0,0,1,1,0,1,0,0,1,0,1,0,0,1,1,0,0,0,1,1,0,0,1,0,1,1,0,0,1,1,1,0,1,0,1,1,1,1,0,1,1,0,1,0,0,0,1,1,1,1,0,0,0,0,0,1,0.0,-3703.347589578413,1
1,0,1,0,0,0,0,0,1,1,1,1,1,0,1,0,0,0,0,0,1,1,0,1,0,0,1,1,0,0,0,1,1,0,0,1,1,1,0,0,0,0,1,1,1,1,1,1,1,1,0,0,0,0,1,1,0,0,1,1,0,0,0,1,0.015625,-3703.255750459992,1
1,1,1,0,0,1,0,1,0,1,1,1,0,0,1,0,0,1,0,0,1,1,0,0,1,0,1,1,0,0,1,1,0,1,1,0,1,0,0,0,0,0,1,1,0,1,1,0,0,1,0,1,0,0,1,1,0,0,1,1,0,0,1,0,0.0,-3703.1620176790884,1
0,0,0,0,0,1,0,1,1,0,1,0,0,1,1,1,1,0,0,1,1,0,1,1,1,1,0,1,0,0,0,1,0,0,0,0,1,1,0,0,0,0,1,1,1,0,1,0,0,1,1,0,1,0,1,1,1,1,0,1,1,0,0,1,0.015625,-3703.12662555369,1
1,0,1,0,0,1,0,1,1,1,1,1,0,0,0,0,0,1,1,0,1,1,0,1,1,0,1,1,0,0,0,1,1,0,0,1,0,1,0,0,0,0,0,1,1,1,0,0,1,1,0,1,1,1,1,0,1,0,0,0,1,1,1,0,0.0,-3703.092287762507,1
1,1,1,1,0,0,0,1,1,0,0,0,0,0,0,1,0,0,0,0,1,1,1,0,1,0,0,1,0,0,1,0,0,1,1,1,1,1,0,0,1,0,1,1,1,1,1,1,1,0,0,1,0,1,0,1,1,0,0,1,1,0,0,1,0.03125,-3703.0836672144737,1
0,1,1,0,0,1,0,1,1,0,0,0,0,0,0,1,0,1,1,0,0,1,0,0,0,0,1,0,0,0,1,1,1,0,0,1,1,1,1,0,0,0,0,1,1,0,1,1,1,1,0,1,1,0,1,1,1,0,0,0,1,1,1,0,0.015625,-3703.0828119593057,1
1,0,1,0,0,1,1,1,1,0,0,1,1,0,0,0,0,1,0,0,1,1,0,1,0,0,0,1,0,0,1,1,1,0,0,1,0,0,1,0,1,1,1,1,1,0,0,1,1,1,0,1,0,1,1,1,1,0,0,1,1,0,0,0,0.0,-3703.0785106217563,1
1,0,0,0,1,1,1,1,1,0,0,1,0,0,0,0,0,1,0,1,1,1,0,0,1,1,1,1,0,0,1,1,0,1,0,1,1,0,0,0,1,0,0,1,1,1,0,1,1,0,0,0,0,0,1,1,1,1,1,0,0,0,0,0,0.0,-3703.0436390081395,1
1,0,1,0,1,0,1,1,0,1,1,0,0,1,0,0,1,0,0,0,1,0,0,0,1,1,0,1,0,0,0,0,1,1,0,1,1,1,0,0,0,0,1,1,1,1,1,1,0,1,0,1,1,0,0,1,1,1,0,0,1,0,0,0,0.0,-3703.040286544743,1
1,0,1,1,0,0,0,1,0,1,0,1,1,0,0,0,0,0,0,1,0,1,0,1,1,0,0,1,1,1,1,1,0,0,1,1,0,0,0,1,1,0,1,1,1,0,0,1,1,0,0,1,1,0,0,1,1,0,1,1,0,0,0,0,0.0,-3703.034850096967,1
0,0,1,0,0,0,0,1,1,1,0,1,1,1,0,0,0,1,0,1,0,1,0,0,1,0,1,1,0,1,1,1,0,1,1,0,0,0,1,0,0,1,0,0,1,0,1,0,1,1,1,0,1,0,1,1,1,1,1,0,0,1,0,0,0.0,-3703.003723850283,1
0,0,1,0,0,0,0,1,1,1,1,0,0,1,0,0,0,0,0,0,0,1,1,1,1,0,1,1,0,0,1,0,0,1,1,1,0,1,0,1,1,0,1,1,0,1,1,0,1,0,0,1,1,1,0,1,1,1,0,0,1,0,0,0,0.0,-3703.0018522705363,1
1,0,1,0,1,0,1,0,1,1,0,0,0,0,0,0,0,1,0,1,0,0,0,0,1,0,1,1,0,1,1,1,0,1,1,1,0,1,0,0,0,1,1,0,1,0,1,1,0,1,0,0,1,1,0,0,1,0,0,1,0,1,1,1,0.0,-3703.0014645067467,1
0,0,0,1,1,1,0,1,1,0,1,0,1,0,0,0,0,0,0,1,1,0,1,0,0,1,1,1,0,0,1,1,0,0,0,1,1,0,0,1,1,0,1,1,1,0,0,1,1,1,0,1,0,0,1,1,1,0,0,1,0,1,0,0,0.0,-3702.982565524099,1
1,1,1,1,1,0,0,1,0,0,0,1,0,1,0,0,1,1,0,0,0,1,0,1,1,1,0,1,0,1,1,0,0,1,0,0,0,0,1,0,1,1,0,0,0,1,0,1,1,0,0,1,1,0,1,1,0,0,0,0,1,0,1,1,0.0,-3702.9823874340022,1
0,0,1,0,1,0,0,0,0,0,1,1,0,0,0,0,0,0,0,0,0,1,0,1,1,1,1,1,0,0,0,1,0,0,1,0,1,1,0,0,0,0,1,0,1,1,0,1,1,1,1,1,1,1,1,1,1,1,0,1,1,0,0,1,0.0,-3702.9811072611756,1
1,0,1,1,1,1,0,1,0,0,1,0,0,0,0,0,0,1,0,0,1,1,0,0,1,1,1,1,0,0,1,1,1,1,0,1,0,0,1,0,1,0,1,1,1,0,0,0,0,1,0,1,0,0,1,1,1,0,1,0,0,1,1,1,0.0,-3702.949021912253,1
0,1,0,1,0,1,1,0,0,1,1,0,1,0,1,1,0,1,0,0,1,1,1,0,1,0,1,1,1,0,0,1,0,1,1,1,0,0,0,0,1,0,1,1,1,1,0,1,0,1,0,1,0,0,0,1,0,0,0,0,0,1,0,0,0.0,-3702.9480453713504,1
0,0,1,0,1,1,0,0,0,0,1,0,1,0,0,1,0,1,0,0,1,0,1,1,1,1,0,0,0,0,0,0,0,1,0,1,1,0,1,1,0,1,1,0,1,1,1,1,1,1,0,0,0,1,1,1,1,1,0,0,0,0,1,0,0.0,-3702.9375988921342,1
0,1,1,0,1,0,0,1,1,0,1,0,0,1,1,1,1,1,0,1,1,1,0,0,0,0,1,1,1,0,1,0,1,1,0,0,1,0,1,0,0,0,0,1,1,1,1,1,0,1,0,0,1,1,0,1,0,1,0,0,0,0,0,0,0.0,-3702.916299551195,1
1,1,1,0,0,0,0,1,0,0,0,1,0,0,0,0,1,1,0,1,1,1,1,1,1,1,0,1,1,0,0,0,0,1,0,1,1,0,1,0,1,1,1,1,1,0,1,0,1,1,0,1,0,0,0,1,1,0,0,1,0,0,0,1,0.0,-3702.8248693807204,1
0,0,0,0,1,0,1,1,0,1,1,0,0,0,1,0,0,1,0,0,0,0,0,0,1,0,1,1,1,0,0,1,1,0,0,1,1,1,0,1,0,0,1,0,1,0,0,1,0,1,0,1,1,1,1,1,1,1,0,0,1,1,0,1,0.03125,-3702.786763961861,1
1,1,1,0,1,1,1,1,0,0,1,1,0,0,0,0,0,1,0,1,1,0,0,1,1,1,0,1,0,0,1,1,0,1,1,0,0,1,0,0,0,0,0,1,1,1,1,0,0,0,0,0,1,0,1,1,1,0,1,0,1,0,0,0,0.0,-3702.7626030441816,1
1,0,1,0,1,1,1,0,0,1,1,1,0,1,0,0,1,1,0,0,0,1,0,1,0,0,1,0,0,0,0,1,1,0,1,0,0,1,1,0,0,0,1,0,1,0,1,1,1,1,0,1,1,1,1,1,0,1,0,0,0,1,1,0,0.0,-3702.753212959834,1
1,0,1,0,0,0,0,1,0,1,1,0,0,0,1,0,0,1,0,0,1,0,1,0,1,1,1,1,0,0,1,0,1,0,0,1,1,0,0,1,0,0,1,1,1,1,1,1,1,0,0,0,0,0,0,1,1,0,0,0,1,1,1,1,0.0,-3702.749184687979,1
1,0,1,1,1,1,1,1,1,1,1,1,1,1,0,0,0,1,0,0,0,0,0,1,1,0,1,1,1,0,0,1,0,0,0,1,0,1,0,0,0,0,0,1,0,0,1,1,0,1,1,1,1,0,0,1,0,0,0,0,1,1,0,1,0.0,-3702.7457201671273,1
1,0,1,1,1,1,0,1,1,1,0,1,0,0,0,0,0,1,1,1,0,0,0,1,0,0,1,1,0,0,0,0,1,0,1,0,1,0,0,0,1,0,1,0,1,1,1,0,1,0,0,1,0,0,1,1,1,1,0,1,1,1,1,0,0.0,-3702.7375054968866,1
1,0,1,1,0,0,0,1,0,0,1,1,0,1,0,1,1,1,0,0,1,0,0,0,1,0,0,1,0,0,0,1,0,1,0,1,1,1,0,0,1,1,0,0,1,1,0,1,1,0,0,0,1,1,1,0,1,0,0,0,1,1,0,1,0.0,-3702.7093329508853,1
1,1,1,0,1,0,0,1,0,0,1,0,1,1,1,0,0,0,1,1,0,1,0,0,0,0,0,1,1,0,1,1,1,1,0,1,0,0,1,0,1,1,1,1,1,1,0,1,0,0,1,0,1,0,0,1,0,0,1,0,0,0,1,0,0.015625,-3702.70394794639,1
1,0,1,0,0,0,1,1,1,0,1,1,1,1,0,0,0,1,0,1,1,1,1,0,0,0,1,0,1,0,1,1,0,1,0,1,1,0,0,0,0,0,1,1,1,0,0,1,1,1,0,1,1,1,0,1,0,0,0,1,0,0,1,0,0.03125,-3702.676779592989,1
0,0,1,1,0,0,1,1,1,0,1,0,0,1,1,1,0,1,1,0,0,0,0,1,1,1,0,0,0,0,1,1,1,0,0,1,1,0,0,0,0,0,1,1,1,1,0,0,1,1,0,0,1,1,0,1,0,1,0,1,1,0,0,0,0.0,-3702.6732269754943,1
1,0,0,0,0,1,0,0,1,0,0,1,0,1,0,0,1,0,0,1,0,1,1,0,1,1,0,0,1,0,1,1,1,0,1,0,0,0,1,0,1,1,1,1,1,1,1,1,1,1,0,0,1,1,0,1,0,0,1,0,0,0,0,0,0.0,-3702.6626719369697,1
1,0,1,1,0,1,0,1,1,0,1,0,1,0,0,0,0,1,0,1,1,1,0,0,0,0,1,1,1,1,0,1,1,1,0,0,0,0,0,0,1,0,1,1,1,1,0,1,0,1,0,0,0,0,1,0,1,0,0,1,0,1,1,0,0.015625,-3702.650869247585,1
1,0,0,0,1,1,1,1,1,1,1,0,0,0,0,1,0,1,0,0,1,0,0,0,1,1,0,1,1,0,0,1,1,1,0,0,1,0,1,0,0,0,0,0,1,1,1,0,0,1,0,0,1,0,1,1,1,0,0,1,1,1,0,0,0.0,-3702.6434286236026,1
0,0,1,1,0,0,0,1,0,0,0,0,1,1,0,0,1,1,1,0,1,1,0,0,1,0,1,1,0,0,1,1,0,1,0,1,0,0,1,0,0,0,1,1,1,1,1,1,1,0,0,0,0,0,0,1,1,1,1,0,1,0,1,0,0.0,-3702.6309367904378,1
1,0,1,0,1,0,1,1,1,1,0,0,0,1,0,0,0,1,0,0,0,0,1,1,1,1,0,1,0,0,0,0,0,0,1,1,0,1,0,0,1,0,1,1,1,1,1,0,0,0,1,1,1,1,1,1,1,0,0,0,0,1,0,0,0.0,-3702.6231040816274,1
1,1,1,1,1,1,1,1,1,0,0,1,0,0,0,0,0,0,0,1,0,1,0,1,1,1,0,1,0,0,1,0,1,1,0,1,0,1,0,0,0,1,0,1,1,1,1,0,1,0,0,0,0,0,1,1,1,1,0,0,1,0,0,1,0.0,-3702.6108091774545,1
1,0,1,0,0,0,0,1,1,0,1,1,1,0,0,0,0,0,1,0,1,0,0,0,1,0,1,1,1,0,0,1,1,0,0,1,1,1,0,0,1,0,1,1,1,0,0,0,0,1,0,1,1,1,1,1,1,0,1,0,0,1,0,0,0.015625,-3702.6001981963263,1
1,0,0,1,1,0,1,1,0,1,1,0,1,1,0,0,0,0,1,0,0,1,0,0,1,1,0,1,1,0,1,1,0,0,0,1,1,0,0,0,1,0,0,1,1,1,0,1,1,1,0,1,1,0,0,1,0,0,1,0,1,0,0,0,0.0,-3702.5941292861266,1
1,1,1,0,1,0,0,1,1,0,1,0,0,1,0,1,0,1,0,0,0,1,0,0,1,1,1,1,0,0,1,1,1,1,0,1,0,0,0,0,1,0,0,0,1,0,0,0,0,1,0,1,0,1,1,1,1,1,0,0,0,0,1,1,0.0,-3702.588941128183,1
0,0,0,1,0,0,0,1,1,0,1,1,1,0,0,0,0,1,0,1,1,0,1,1,0,0,1,1,0,0,0,1,0,1,0,1,0,0,0,1,0,0,1,1,1,0,0,0,1,1,1,1,0,0,0,1,1,1,0,1,1,1,1,0,0.015625,-3702.5624438177824,1
1,0,1,0,1,1,1,0,1,0,1,0,0,0,1,1,0,0,0,0,1,1,1,0,1,0,1,1,0,0,1,1,0,0,1,1,1,0,1,0,0,1,0,0,0,1,0,0,1,1,0,0,0,0,1,1,1,0,0,1,0,1,1,0,0.0,-3702.537001421507,1
1,1,1,1,0,0,0,1,0,1,1,0,1,0,0,1,0,1,0,0,0,1,1,0,0,0,1,1,0,0,1,1,0,1,0,1,0,0,1,0,0,0,1,1,1,0,0,1,1,1,0,1,0,0,1,1,1,0,0,0,0,0,1,1,0.0,-3702.5078315309192,1
1,0,0,0,0,1,1,1,1,0,1,1,1,1,0,1,0,0,0,1,1,1,0,0,0,0,1,0,0,0,1,0,0,0,0,1,1,1,1,0,1,1,1,1,0,0,1,0,1,1,0,1,1,0,1,1,0,0,0,0,1,0,0,0,0.015625,-3702.5007253014414,1
1,0,1,1,1,1,0,1,1,0,0,1,0,0,0,0,0,1,0,1,1,1,1,0,1,0,0,1,0,1,0,1,0,1,0,1,0,0,0,1,0,1,0,1,1,0,0,1,1,1,0,0,0,1,0,1,1,0,0,1,0,0,0,1,0.0,-3702.489117179033,1
0,0,1,0,1,1,0,1,1,0,1,1,1,1,0,0,0,1,1,0,1,0,0,0,0,1,0,1,1,0,1,1,1,1,1,0,1,1,1,0,1,0,0,1,0,0,1,0,1,1,0,0,0,0,1,0,1,0,0,0,1,0,0,0,0.0,-3702.405034217786,1
1,0,1,1,0,0,1,1,1,0,0,0,0,0,0,0,0,0,0,0,1,1,1,0,1,0,0,1,0,1,0,1,0,0,0,1,0,1,1,0,1,1,1,1,1,1,1,1,0,1,0,0,0,0,1,1,1,1,0,0,0,0,1,1,0.0,-3702.392125147492,1
0,1,1,1,0,0,1,1,1,0,1,0,1,0,0,0,0,1,0,0,1,1,1,0,1,0,0,1,0,0,1,0,1,1,0,0,0,0,0,1,1,1,1,1,1,1,0,1,1,0,0,1,1,0,0,0,1,0,1,1,0,1,1,0,0.0,-3702.368206402773,1
1,0,1,0,0,0,1,1,1,1,1,0,1,0,0,0,0,0,0,1,1,1,1,0,1,1,0,0,1,0,1,1,0,0,0,1,0,1,0,1,0,0,1,1,1,1,1,1,1,0,1,1,1,0,0,1,1,0,0,0,0,1,0,0,0.0,-3702.364268376372,1
1,0,1,0,0,1,0,1,1,1,1,0,0,0,0,0,0,1,0,1,1,0,1,1,1,0,0,1,0,0,0,0,1,1,0,1,1,1,1,0,1,0,0,0,1,0,0,0,1,1,0,0,0,1,1,1,0,0,1,0,1,1,1,0,0.015625,-3702.354033138902,1
1,0,0,0,0,0,1,1,1,0,1,1,0,0,0,0,0,0,0,1,1,1,0,1,1,0,0,1,0,1,0,1,1,0,1,1,0,0,0,0,0,1,1,1,1,0,0,0,1,1,1,0,1,0,1,1,1,0,1,0,0,1,0,1,0.015625,-3702.339562728404,1
1,0,1,0,1,0,1,1,0,0,0,1,0,1,0,0,1,1,1,1,0,1,0,0,0,1,0,0,1,0,0,0,0,1,0,1,1,1,0,0,0,1,1,1,1,0,1,1,0,1,1,1,0,1,0,1,0,1,0,0,0,0,1,0,0.0,-3702.334935454197,1
0,0,0,1,0,0,1,1,0,1,1,0,1,0,0,0,0,0,0,1,0,0,0,0,0,1,1,1,0,1,1,0,0,1,1,1,1,0,1,0,0,0,0,1,1,0,0,1,1,1,0,1,0,1,0,1,1,1,1,1,0,0,1,1,0.015625,-3702.2269722419655,1
1,0,1,1,1,0,0,0,0,1,1,1,1,0,0,1,0,1,0,0,1,0,0,1,1,1,1,1,0,0,1,1,0,0,1,1,0,0,0,0,0,1,0,1,1,0,0,1,1,1,1,1,0,1,0,1,1,0,0,0,1,0,0,1,0.0,-3702.207327542327,1
0,0,1,0,0,0,1,1,1,0,1,1,1,1,0,0,1,1,0,1,1,0,0,0,0,1,1,1,0,0,1,0,0,1,0,1,1,0,0,0,0,0,0,0,1,0,1,0,1,1,0,0,0,1,1,1,0,1,0,0,1,1,1,1,0.015625,-3702.191965076525,1
1,1,1,1,0,0,0,0,1,0,1,1,0,1,0,1,1,1,0,0,1,1,1,0,0,0,1,1,0,1,1,1,0,0,1,1,1,0,1,0,0,1,1,1,0,1,0,0,1,1,0,0,0,0,0,0,1,0,0,0,0,1,0,0,0.015625,-3702.187953555961,1
0,0,1,0,0,0,0,1,1,0,0,1,1,0,1,0,0,0,0,0,0,1,1,0,0,0,0,1,0,0,1,1,0,1,0,0,0,0,1,0,0,1,1,1,1,1,1,1,1,1,0,1,1,0,0,1,1,1,1,1,1,0,1,0,0.0,-3702.16078772755,1
0,0,0,0,0,0,1,1,0,0,1,1,0,0,1,0,1,0,0,1,0,0,1,0,0,1,1,1,0,0,1,1,1,1,1,0,0,1,0,1,0,1,1,0,1,0,1,1,1,1,0,0,1,0,1,1,0,0,1,1,0,0,0,1,0.015625,-3702.1513245423885,1
1,1,1,1,0,1,0,1,0,1,1,0,0,1,0,0,0,1,0,0,1,1,0,0,1,1,1,1,0,0,0,1,0,1,0,1,1,0,0,0,0,0,0,1,1,0,1,0,0,1,0,0,1,1,0,1,1,1,0,1,0,0,0,1,0.03125,-3702.1263259642315,1
1,0,1,0,0,1,0,1,0,1,0,0,0,0,0,0,0,1,1,0,1,1,0,1,1,0,1,1,1,0,1,1,0,1,0,1,1,1,0,0,0,0,1,1,1,1,1,0,1,1,1,1,0,0,1,1,1,0,0,1,0,0,0,0,0.0,-3702.1221508709073,1
1,0,1,1,1,0,1,1,1,0,0,1,0,0,1,1,0,1,0,1,1,1,0,0,0,0,0,1,0,0,0,1,0,0,1,1,0,0,0,1,0,0,1,0,1,1,0,1,0,1,1,0,0,0,1,1,1,0,0,1,0,0,1,1,0.0,-3702.113276932986,1
1,0,1,1,0,1,0,1,1,0,1,1,0,1,0,0,0,0,0,0,1,0,0,0,1,0,1,1,1,1,1,1,0,0,1,0,1,1,0,0,1,0,1,1,0,1,0,1,1,1,0,1,0,0,1,1,0,0,0,0,1,1,1,0,0.0,-3702.0646362492885,1
0,1,1,1,1,0,0,1,1,0,1,1,0,1,0,0,0,1,0,0,1,0,0,0,1,0,0,1,0,0,1,1,0,1,1,1,0,1,0,0,0,0,1,1,1,1,1,0,1,0,0,0,1,1,1,1,0,1,1,0,0,0,1,1,0.0,-3702.06332218343,1
0,0,1,0,0,1,0,0,0,0,1,0,0,1,0,0,0,1,0,0,0,0,0,1,1,1,1,1,0,1,1,1,0,0,1,1,0,1,1,1,1,0,1,1,1,1,1,1,0,1,0,0,0,1,0,1,1,1,0,0,0,1,0,0,0.0,-3702.0393275960278,1
1,0,0,0,1,0,1,1,1,1,1,0,1,1,0,1,0,0,0,0,0,1,0,1,0,1,1,1,1,0,1,1,1,0,0,0,1,1,0,0,1,0,0,0,1,0,0,0,1,1,0,0,0,0,1,1,1,0,0,1,0,1,0,1,0.0,-3702.0354970114577,1
1,0,1,0,0,0,0,0,1,1,1,0,0,0,0,1,0,1,0,0,0,1,0,0,1,1,1,1,1,0,0,1,0,1,1,1,1,1,0,0,1,1,1,1,1,0,0,0,1,1,0,0,1,0,1,1,1,0,0,0,1,0,1,1,0.0,-3702.029447569562,1
0,0,1,0,1,0,1,1,0,1,0,0,1,0,1,0,1,1,0,0,1,1,1,1,0,0,1,1,1,1,1,1,0,0,1,0,0,1,0,0,1,0,1,1,0,0,1,1,1,0,0,0,1,0,0,1,0,0,0,0,1,0,0,1,0.015625,-3702.0155317702747,1
0,1,1,0,1,0,0,0,1,0,0,0,1,1,0,1,0,1,1,0,1,1,0,1,1,0,0,1,0,0,1,1,0,1,0,1,0,1,1,0,1,0,1,1,1,1,1,0,1,1,0,0,0,0,0,1,0,0,1,0,0,0,1,0,0.0,-3702.009717708754,1
1,0,1,0,1,0,0,1,1,0,1,1,1,0,0,1,0,1,0,0,1,1,1,0,0,1,1,1,0,1,1,1,0,0,0,1,0,0,1,0,0,0,1,1,1,0,0,1,0,0,0,0,1,0,1,1,1,0,1,0,0,1,0,0,0.0,-3701.996324924595,1
1,0,0,1,0,1,0,1,1,0,1,0,1,0,0,1,0,0,0,1,1,1,1,1,0,1,1,1,0,0,1,1,0,0,0,1,1,0,1,0,0,0,1,1,1,0,0,0,0,1,0,0,1,1,1,0,1,0,1,0,0,0,0,1,0.0,-3701.988556289943,1
0,1,1,0,1,1,0,1,0,1,1,0,1,1,0,1,1,0,0,0,1,1,1,0,0,1,0,0,1,0,1,1,0,0,1,0,0,1,1,0,0,0,1,0,0,1,1,0,1,1,0,0,1,0,1,1,0,1,0,0,1,0,0,0,0.0,-3701.9346490792127,1
1,0,1,1,0,0,0,1,1,0,0,0,1,1,1,0,0,1,0,1,1,0,0,0,0,1,1,1,1,0,1,1,0,1,0,1,0,0,0,0,0,0,0,1,1,1,0,1,1,1,0,0,1,0,1,1,0,0,0,0,0,1,1,1,0.0,-3701.9197553455706,1
1,0,1,1,0,0,1,1,1,0,0,0,0,0,0,0,0,1,0,0,1,1,1,0,0,1,1,1,0,1,1,1,0,0,0,1,1,0,0,0,1,1,1,0,1,1,0,0,0,1,0,0,0,0,0,1,1,1,1,0,0,1,1,1,0.0,-3701.9074598382626,1
1,1,0,0,1,1,1,1,0,0,0,0,1,1,0,0,0,1,0,0,1,0,1,1,1,1,0,1,0,0,1,1,1,1,0,0,1,1,0,0,0,0,1,0,0,1,1,1,1,1,0,0,1,1,0,1,0,1,0,0,0,1,1,0,0.0,-3701.901526940326,1
1,0,1,1,0,0,1,0,1,1,1,0,1,0,1,0,1,0,0,1,1,1,0,0,0,0,0,0,0,0,1,0,1,1,0,1,1,0,0,0,1,0,1,1,1,1,0,1,0,0,0,0,1,0,0,1,1,1,1,1,1,1,1,0,0.0,-3701.8792741734587,1
1,0,1,0,0,1,1,1,1,1,1,1,1,1,0,0,0,1,0,0,1,0,0,1,0,0,1,1,1,0,1,0,0,0,0,1,0,1,0,0,0,0,1,0,1,1,1,0,1,1,1,0,0,1,0,1,0,0,1,0,0,0,0,1,0.0,-3701.8548222713316,1
1,1,0,0,0,0,1,1,1,1,0,0,0,0,0,1,0,1,0,1,1,1,0,0,1,0,0,1,1,0,1,1,0,1,0,0,1,1,1,1,1,0,1,1,0,1,1,1,1,0,0,0,1,0,0,1,0,0,0,0,1,1,0,1,0.0,-3701.8466162613277,1
1,1,1,0,0,1,1,0,1,0,0,0,1,1,0,1,1,1,1,1,0,0,0,0,0,0,0,1,1,0,1,1,1,0,1,1,0,1,0,0,0,1,1,0,1,1,0,1,0,0,0,0,0,1,0,1,0,1,0,0,0,0,1,1,0.0,-3701.830076407293,1
1,1,1,0,0,1,0,1,0,0,1,0,1,0,0,0,1,1,1,1,1,1,0,0,1,0,0,1,0,0,0,1,0,1,0,0,0,1,0,1,1,0,1,1,0,1,0,1,0,0,1,0,1,1,0,1,0,0,1,1,0,0,0,1,0.015625,-3701.8018557761347,1
0,1,1,0,0,0,1,1,1,1,1,1,1,0,0,1,1,0,0,0,1,0,1,0,0,0,1,1,0,1,1,1,0,1,0,1,0,0,0,0,0,0,0,0,1,0,1,1,0,1,0,1,1,0,0,1,1,1,1,0,0,1,1,1,0.0,-3701.7857691841814,1
1,1,0,1,0,0,1,1,1,0,1,1,0,1,0,0,1,1,0,1,0,1,1,0,1,0,1,0,0,0,1,1,1,1,1,1,1,1,0,0,1,1,0,0,1,0,0,1,0,0,0,0,1,0,0,0,1,1,0,0,0,0,1,1,0.015625,-3701.761204193692,1
0,0,1,1,0,0,0,1,1,0,1,1,0,1,0,0,0,1,1,0,1,1,1,0,1,0,0,1,1,0,1,0,1,1,0,0,1,0,0,0,0,0,1,1,1,1,0,1,1,1,0,1,1,0,1,1,1,0,0,0,1,1,0,0,0.0,-3701.7329258850373,1
1,0,1,0,0,0,1,1,1,0,0,0,1,0,0,1,0,1,0,0,1,1,1,1,1,0,1,1,1,1,1,1,1,0,0,1,1,0,0,0,0,0,0,1,1,0,0,0,0,1,0,0,0,0,0,1,1,0,1,0,0,1,1,1,0.0,-3701.7285503612925,1
0,0,1,0,1,1,1,1,1,0,0,0,0,1,1,1,1,1,1,0,1,1,0,0,0,1,0,1,0,0,1,0,0,1,0,1,0,0,0,0,0,0,1,1,1,1,1,1,1,1,0,0,1,0,0,0,1,1,0,0,0,1,0,0,0.0,-3701.7217972616186,1
0,1,1,1,0,1,0,1,0,1,0,1,0,0,0,1,1,0,0,1,0,0,1,0,1,0,0,1,0,0,1,1,0,1,0,1,1,1,1,0,0,1,1,0,1,1,0,1,0,1,0,0,0,1,1,1,1,1,0,0,0,0,0,0,0.0,-3701.700670261268,1
1,0,1,0,0,1,0,0,0,1,1,0,0,1,0,0,0,1,0,0,1,1,0,0,1,1,0,1,0,1,1,1,0,0,0,1,0,0,0,0,1,1,0,1,1,0,1,0,1,1,0,1,1,1,1,1,1,1,0,0,0,0,0,1,0.015625,-3701.6903906858342,1
0,0,0,0,1,0,1,1,1,1,1,1,0,1,0,1,1,1,0,1,1,1,1,1,1,0,1,1,1,0,0,1,1,1,0,1,1,0,0,0,0,0,0,1,1,1,0,0,1,0,1,1,0,0,0,1,0,0,1,0,0,0,0,0,0.0,-3701.68454305475,1
1,0,1,0,0,0,1,1,1,1,0,1,0,0,0,1,0,0,1,1,1,1,0,1,0,1,1,0,0,0,1,1,1,1,0,1,1,1,0,0,0,0,0,1,1,0,0,0,0,0,1,0,1,0,0,1,0,1,0,1,0,0,1,1,0.015625,-3701.664698618856,1
1,0,0,0,1,1,0,1,1,1,0,1,1,0,0,1,0,1,1,0,0,1,1,1,1,0,1,1,0,0,1,1,0,0,0,1,0,1,0,0,0,1,0,0,1,0,0,0,1,0,0,1,1,1,1,1,1,1,0,0,0,0,1,1,0.0,-3701.5950748084856,1
1,0,1,0,0,0,1,1,0,0,0,1,0,0,0,1,0,0,0,1,1,0,0,0,0,1,1,1,1,1,1,1,0,1,0,0,1,0,1,0,0,0,1,1,1,0,1,1,0,0,1,1,1,1,0,1,1,0,0,1,1,1,0,1,0.0,-3701.5862574833745,1
0,0,0,0,0,0,0,1,0,1,1,1,1,1,0,1,1,1,0,0,1,1,1,0,0,0,1,1,0,0,1,1,0,1,1,0,1,1,1,0,0,0,1,0,1,0,1,1,1,0,0,1,0,0,1,1,1,0,0,0,0,0,1,0,0.03125,-3701.5757727176033,1
0,1,1,0,0,1,0,1,1,0,1,0,1,0,1,1,1,1,0,0,1,0,0,0,0,0,0,1,1,0,1,1,1,0,0,1,1,1,0,0,0,0,0,1,0,1,1,0,1,1,0,1,1,0,1,1,1,0,1,0,0,1,0,1,0.0,-3701.550401279556,1
0,1,1,1,0,0,1,1,0,1,1,0,1,1,0,1,0,1,1,0,0,1,0,0,1,1,0,1,0,0,1,1,0,1,0,1,1,1,0,0,0,0,1,1,1,1,1,1,1,1,0,0,0,0,0,1,0,0,0,0,0,1,1,0,0.0,-3701.5175942222163,1
1,1,1,0,1,0,0,1,1,0,0,1,0,1,0,0,1,0,0,1,0,1,1,0,0,1,1,1,0,0,1,1,0,1,1,0,1,0,0,1,1,1,0,1,1,0,1,1,1,0,0,0,0,0,1,0,0,1,1,0,0,0,0,0,0.0,-3701.50399234263,1
1,1,1,1,0,1,0,0,1,1,0,0,0,1,1,0,1,1,0,0,0,0,0,0,0,1,0,1,0,0,0,1,1,1,0,1,1,1,0,0,0,1,1,0,0,1,0,1,1,1,1,0,1,1,0,1,1,1,0,1,0,0,1,0,0.015625,-3701.5036944442995,1
1,0,1,0,0,0,1,1,0,0,1,1,0,1,0,1,1,1,0,0,1,0,0,1,0,1,0,1,0,1,0,1,0,0,0,1,0,1,0,0,1,1,1,0,1,1,0,0,1,1,0,0,1,0,0,1,1,1,0,0,0,1,1,0,0.0,-3701.499627707698,1
0,0,0,1,0,0,0,1,0,0,1,0,1,1,0,0,0,1,0,1,0,0,1,1,1,1,1,1,0,0,0,1,1,1,1,1,1,0,1,0,1,0,1,1,1,1,0,0,0,1,0,0,1,0,1,1,1,1,0,0,1,1,0,0,0.0,-3701.49286119018,1
1,0,1,0,0,0,0,1,1,1,0,1,1,1,0,1,0,1,0,1,0,1,1,0,0,1,1,1,1,0,0,1,0,1,0,1,0,0,1,0,0,0,1,1,1,1,1,1,1,1,0,0,0,1,0,1,0,1,1,0,0,0,0,0,0.015625,-3701.4449665369925,1
1,0,1,1,0,1,0,0,0,0,1,0,0,0,0,1,0,1,0,1,1,1,1,0,0,1,1,1,0,1,0,1,0,0,1,1,0,1,0,1,0,1,1,0,1,1,0,0,1,1,0,0,0,0,0,1,1,1,0,1,0,0,1,0,0.0,-3701.4362862573553,1
1,0,1,0,1,0,1,1,0,1,1,1,0,0,1,0,0,1,0,0,0,0,0,0,0,0,1,1,0,1,1,1,1,1,0,1,1,1,0,0,0,1,1,1,1,0,0,0,1,1,0,1,1,1,1,0,0,1,0,0,0,1,1,0,0.0,-3701.3862637525917,1
0,0,0,1,0,0,1,1,1,1,0,0,1,0,1,1,0,0,0,0,1,1,0,1,1,1,0,1,1,0,0,1,0,0,1,0,1,1,0,0,0,1,1,1,1,1,1,0,0,1,0,0,1,1,0,1,0,1,0,0,0,0,0,1,0.0,-3701.37360865171,1
1,0,1,1,1,0,0,1,0,0,0,0,1,1,1,1,0,0,0,1,1,0,0,0,1,1,0,1,0,0,0,1,0,1,1,0,1,1,1,0,1,0,1,1,1,0,0,1,0,1,0,0,0,1,1,1,1,0,0,0,0,1,0,0,0.015625,-3701.3703116234856,1
1,0,1,1,0,0,0,0,1,0,1,1,1,0,1,1,0,0,0,0,0,1,0,0,1,1,0,1,0,1,1,1,1,0,1,1,1,1,1,0,0,0,1,1,0,0,0,1,0,1,0,0,1,1,1,1,1,1,0,1,0,0,0,0,0.0,-3701.355957795008,1
0,0,1,0,0,0,0,1,0,0,1,1,1,1,0,1,1,1,0,0,0,1,0,0,0,0,1,1,0,0,1,0,1,1,1,0,1,1,1,0,0,0,1,1,1,0,0,1,1,1,0,0,0,0,1,1,1,0,1,1,0,1,0,0,0.015625,-3701.3329264262843,1
1,0,1,1,0,1,0,0,1,0,1,0,1,0,1,0,0,1,0,1,0,0,1,0,0,1,1,1,1,1,1,1,0,1,0,1,0,1,0,0,0,0,0,1,1,1,0,1,1,1,0,0,0,0,0,1,0,1,1,0,0,1,0,0,0.0,-3701.3304630328053,1
1,1,1,0,0,0,0,0,0,1,1,0,1,0,0,0,1,1,0,1,1,0,1,1,0,1,1,0,0,0,1,1,1,0,0,0,1,1,1,1,1,0,1,1,1,0,1,0,0,0,1,1,1,0,0,1,1,0,0,1,1,0,0,0,0.0,-3701.3204057278913,1
0,0,1,0,0,1,0,1,1,1,1,1,1,1,0,1,0,1,0,0,0,1,1,0,1,0,1,1,1,0,1,1,0,1,0,0,0,0,0,0,1,1,1,1,1,1,0,1,0,1,0,1,0,0,1,0,1,1,1,0,0,0,0,0,0.0,-3701.266297629681,1
0,1,1,0,1,0,1,0,1,1,1,1,0,0,1,1,1,0,1,0,1,0,1,1,1,1,0,1,0,0,0,0,0,0,1,1,1,0,1,0,1,1,0,1,0,0,0,0,1,1,1,1,0,0,1,1,1,0,0,0,0,0,0,1,0.0,-3701.2662770913307,1
1,0,1,0,1,1,0,0,1,1,0,0,1,1,1,0,0,0,1,0,0,1,1,0,1,0,1,1,1,1,0,1,1,0,0,0,1,1,0,0,0,1,0,1,0,1,1,1,1,1,0,0,1,0,1,0,0,0,0,1,0,1,0,1,0.0,-3701.2186515579274,1
0,0,1,0,1,0,1,1,1,1,1,0,1,0,0,0,0,1,0,0,1,1,1,0,1,1,0,1,1,0,0,0,1,1,0,1,1,0,0,0,0,1,0,1,1,0,0,1,0,1,1,0,0,1,1,1,1,0,0,0,0,1,1,1,0.015625,-3701.1880645529654,1
0,0,1,0,0,0,0,1,1,1,1,0,1,0,1,0,0,1,0,0,1,1,1,0,0,1,0,1,0,0,0,1,0,0,0,1,0,1,1,1,1,0,0,1,0,0,1,1,0,0,1,0,1,1,0,1,1,1,0,1,0,1,0,1,0.0,-3701.1868972253847,1
1,1,1,0,0,0,0,1,1,0,0,1,1,1,0,0,1,1,0,1,0,1,1,0,0,0,1,1,1,1,1,0,0,1,0,1,0,0,0,0,1,1,1,1,0,0,0,1,0,0,0,0,0,1,0,1,1,1,1,1,1,0,0,1,0.015625,-3701.167819945363,1
0,0,1,1,0,1,0,1,1,0,0,0,0,1,0,0,0,1,1,0,1,1,1,1,0,1,1,1,0,0,1,1,0,0,1,0,1,0,1,0,1,0,1,1,1,1,0,0,0,1,0,0,0,0,0,1,1,1,0,0,0,1,1,0,0.0,-3701.153033403992,1
1,0,0,1,1,0,1,0,0,1,1,0,0,0,0,1,0,1,0,0,1,1,0,0,0,0,0,1,1,0,1,1,0,0,0,0,1,0,0,1,0,0,1,0,1,1,0,0,1,1,1,1,0,1,0,1,1,1,0,0,1,1,1,1,0.0,-3701.1390404955,1
1,1,1,0,0,0,1,1,1,0,1,1,1,0,1,0,1,1,0,1,1,1,0,1,0,0,0,1,0,1,0,1,0,0,1,0,1,1,1,0,0,1,1,1,1,1,0,1,1,0,0,0,0,0,1,1,1,0,0,0,0,0,0,0,0.0,-3701.137960618262,1
1,1,0,1,0,0,1,1,0,0,1,1,0,1,0,0,1,1,0,1,1,1,0,0,1,0,1,1,0,1,1,1,1,1,0,0,1,1,1,0,0,0,0,0,1,0,1,0,0,1,0,0,0,0,1,1,1,0,0,1,1,1,0,0,0.0,-3701.1060474695255,1
0,0,1,1,0,0,1,1,1,1,0,1,1,0,0,0,0,1,1,0,1,0,0,1,0,0,1,1,0,0,1,1,0,0,0,0,1,1,0,0,0,0,0,1,1,1,0,1,0,1,1,0,0,0,0,1,1,1,0,1,0,1,1,1,0.015625,-3701.1032338721197,1
0,0,1,0,0,0,1,1,1,0,0,0,0,1,0,1,0,0,0,0,1,0,0,0,0,1,1,1,0,0,0,0,1,0,0,1,1,1,1,1,1,1,0,1,1,1,1,1,1,1,0,0,1,1,1,1,1,0,1,0,1,1,0,0,0.03125,-3701.076499181332,1
0,1,1,1,0,0,1,1,1,0,1,0,1,0,1,0,1,1,0,1,0,0,1,1,1,1,0,1,0,0,1,0,0,1,0,1,1,1,0,0,0,0,0,1,0,1,0,1,0,1,1,0,1,0,1,1,1,0,0,0,0,0,0,0,0.0,-3701.0118047100145,1
0,0,0,0,0,1,1,0,0,0,1,1,1,0,1,1,1,1,1,1,1,1,1,0,0,0,1,1,0,0,0,1,0,1,1,1,0,1,1,0,0,1,0,1,1,0,0,0,0,0,0,0,1,1,1,1,0,0,0,1,0,0,0,1,0.0,-3701.0029578293916,1
1,0,0,1,0,1,0,1,0,0,1,0,1,0,0,1,0,1,0,0,1,1,0,0,0,0,0,1,0,0,1,1,1,0,0,0,1,0,1,1,1,0,1,1,1,1,0,1,1,1,0,0,0,1,1,1,1,0,0,1,1,1,0,1,0.0,-3700.959493416931,1
1,0,0,1,0,1,0,1,1,0,1,1,1,1,0,0,0,0,1,0,0,1,1,0,1,0,1,1,0,0,1,1,1,1,0,0,0,1,0,0,0,0,1,1,1,0,1,0,1,0,1,1,1,1,1,1,1,0,0,0,0,0,1,0,0.0,-3700.9345950338948,1
0,0,1,0,0,0,0,1,1,0,1,1,1,0,0,0,0,1,1,0,0,1,1,1,1,0,0,0,1,1,1,1,1,0,0,1,0,1,0,0,0,0,0,1,1,0,1,0,1,1,1,1,1,1,1,1,0,1,1,0,0,0,1,0,0.0,-3700.900656631273,1
0,0,1,0,1,1,0,1,1,0,1,1,0,1,1,1,0,0,0,1,1,1,0,0,0,0,0,1,0,0,1,0,0,1,0,1,0,1,0,1,1,0,1,1,0,1,0,1,1,1,1,1,0,0,0,1,1,0,0,0,0,1,1,1,0.015625,-3700.89483557617,1
0,0,1,0,1,0,1,0,1,0,0,0,1,1,0,1,0,1,0,0,1,1,0,1,1,1,1,1,1,0,1,1,0,1,1,0,1,1,0,0,0,1,0,1,1,0,0,1,0,1,0,0,0,1,0,1,1,1,0,1,0,0,0,1,0.0,-3700.882557758066,1
1,0,1,0,1,1,0,1,0,0,0,0,1,0,0,1,0,1,0,0,0,1,0,1,0,1,0,1,0,1,0,1,0,0,0,0,1,1,1,1,1,1,0,1,1,0,0,1,0,1,0,1,1,0,1,1,0,0,0,0,1,1,0,1,0.0,-3700.8534092748373,1
0,0,1,0,0,0,1,1,0,0,1,0,1,0,1,0,0,1,0,1,0,1,1,1,1,0,0,1,1,0,0,1,0,1,0,1,1,1,1,0,0,1,0,0,1,1,0,1,0,1,0,0,0,1,0,1,1,1,0,0,0,0,1,1,0.0,-3700.7673394414824,1
1,1,1,0,0,1,0,1,0,1,1,0,1,0,1,1,0,1,0,1,0,1,0,0,0,0,1,1,1,0,1,1,1,0,1,0,0,1,0,0,0,0,1,1,1,0,0,1,1,1,0,1,0,0,1,1,0,1,0,1,0,0,0,1,0.0,-3700.723506338032,1
0,1,1,0,0,0,0,1,0,0,1,1,1,1,1,0,1,1,0,0,0,0,0,0,0,0,1,1,1,0,1,1,1,1,0,1,1,0,0,0,1,1,1,0,1,1,1,1,1,1,1,0,0,0,1,1,0,0,1,0,0,0,1,0,0.0,-3700.562674020479,1
1,1,1,0,1,1,0,1,1,0,0,1,1,0,0,0,1,0,0,1,0,0,1,0,0,0,1,1,1,0,1,1,0,0,0,0,1,0,1,1,1,0,1,1,1,1,1,1,1,1,1,0,1,0,0,0,1,0,1,0,0,0,0,0,0.0,-3700.4518632940553,1
0,0,1,0,1,1,1,1,1,0,1,0,1,0,1,1,0,0,1,0,1,1,0,0,0,0,0,1,1,0,0,0,1,0,0,1,1,1,1,0,1,1,1,0,1,1,1,0,1,1,0,0,0,0,0,1,1,1,0,0,0,1,1,0,0.0,-3700.4099892298896,1
1,0,0,1,0,0,0,1,0,0,1,0,1,1,0,1,0,0,0,1,1,0,0,0,0,1,0,1,1,0,1,1,0,1,0,0,1,1,1,0,0,0,1,1,1,1,0,0,1,1,0,1,1,0,0,1,1,1,0,0,0,1,1,0,0.03125,-3700.3890388237273,1
1,0,1,0,0,1,0,1,1,0,1,1,0,1,1,1,0,0,0,0,0,1,0,0,1,1,1,1,0,0,1,0,1,1,1,1,1,0,0,0,0,0,0,0,1,1,0,1,1,1,1,1,0,0,1,1,0,1,0,1,0,0,1,0,0.015625,-3700.382007225325,1
1,0,1,1,0,0,0,0,0,0,1,0,1,0,0,0,0,1,0,1,1,0,0,0,1,0,0,1,0,1,1,1,0,0,1,1,1,1,0,0,1,0,1,1,1,0,1,0,1,1,1,1,1,1,1,1,0,0,1,0,0,1,1,0,0.015625,-3700.355560528099,1
0,0,1,0,0,0,0,0,0,0,1,1,1,1,1,0,0,1,0,1,1,1,0,1,0,1,1,1,0,0,1,0,1,0,0,0,1,1,0,0,1,1,1,1,1,0,0,1,1,1,1,0,0,1,0,1,1,0,0,0,0,0,1,0,0.015625,-3700.3439731653452,1
0,1,1,0,0,0,0,1,0,0,0,0,1,0,1,1,0,1,0,0,1,1,0,0,0,0,1,1,0,0,1,0,1,1,0,0,1,0,1,1,1,0,1,1,1,1,1,1,0,1,0,0,0,1,1,1,1,1,1,0,0,0,1,1,0.0,-3700.0363078588603,1
1,0,0,0,1,0,1,0,0,1,1,0,1,0,1,0,1,1,0,0,1,0,0,0,1,1,1,1,0,0,1,0,0,1,1,0,1,1,1,0,1,0,0,0,1,1,0,0,0,1,1,1,1,0,1,1,1,0,0,0,0,1,1,1,0.015625,-3699.9805182609284,1
1,0,0,0,1,0,0,1,1,0,1,0,1,1,1,1,0,0,0,1,1,0,0,1,0,1,0,0,0,1,1,0,1,0,0,0,0,0,1,1,0,1,1,0,1,0,1,0,1,1,0,0,1,0,1,1,1,1,0,0,1,1,1,1,0.015625,-3699.9616875149313,1
0,1,0,1,0,0,0,1,1,0,0,1,1,0,0,0,0,0,1,1,0,1,0,0,0,1,1,1,0,0,0,1,0,0,0,1,1,1,0,0,0,0,1,0,1,1,1,1,1,1,0,1,1,0,0,1,1,0,1,0,0,1,0,1,0.0,-3693.5721356408685,1
1,0,0,1,1,1,0,0,0,1,1,0,0,0,0,0,1,0,0,0,1,1,0,1,1,1,1,0,0,0,0,1,0,0,0,1,1,0,1,0,0,0,1,0,1,0,1,0,1,1,0,0,1,1,1,1,1,1,0,0,0,0,1,1,0.015625,-3693.3008970083483,1
1,0,1,0,0,1,1,1,1,0,0,1,0,0,0,1,1,1,0,1,0,1,0,0,0,1,1,1,0,0,1,0,0,1,1,1,0,0,0,0,0,0,1,1,1,1,1,1,0,0,0,1,0,0,1,1,1,0,0,0,1,0,0,0,0.0,-3693.1857680590474,1
1,1,1,0,0,0,1,1,1,1,0,1,1,0,1,0,0,0,0,0,0,1,0,0,0,1,1,1,1,0,0,0,0,0,0,1,1,0,0,0,0,0,1,1,1,0,0,1,1,1,0,1,1,1,0,1,1,0,0,1,0,0,0,1,0.0,-3693.042380950137,1
0,0,1,0,0,0,0,1,1,0,0,0,1,0,0,1,0,1,0,1,1,0,0,1,0,1,1,0,1,0,1,0,0,0,1,1,1,1,0,1,0,0,1,1,0,1,1,1,0,0,1,1,0,0,0,1,1,0,1,0,1,0,0,1,0.0,-3693.0236595970764,1
1,0,1,0,0,0,1,0,1,0,1,0,0,0,0,0,0,0,0,1,1,1,0,0,0,1,1,1,1,0,1,1,0,1,0,1,1,0,0,0,1,0,1,0,1,1,1,0,1,0,0,1,1,0,0,1,1,1,1,0,0,0,1,0,0.0,-3693.016008109244,1
1,1,1,1,1,0,0,1,1,1,0,1,1,0,1,0,0,0,0,0,0,0,0,0,0,0,0,1,0,0,1,1,1,0,0,1,1,0,0,0,0,0,1,1,0,1,0,1,1,1,0,0,1,0,1,1,1,0,0,1,0,1,0,1,0.0,-3692.9953799551895,1
0,1,1,0,0,1,1,0,1,0,1,0,0,0,0,0,1,1,0,0,1,0,0,1,1,0,1,1,0,0,1,1,0,1,0,1,1,1,0,0,1,0,0,1,0,0,0,0,1,0,0,1,1,1,1,1,1,1,0,0,0,1,0,0,0.0,-3692.841020472508,1
0,0,1,1,1,1,1,1,0,0,1,1,0,1,0,1,0,0,0,0,0,0,0,1,1,0,0,0,0,0,1,1,1,1,0,1,0,0,1,0,0,1,1,1,1,0,0,0,1,1,0,1,0,0,1,1,1,0,1,0,0,0,1,0,0.0,-3692.7866790100916,1
0,0,1,1,0,0,1,1,1,0,1,1,0,1,0,1,0,1,0,0,0,0,0,0,0,1,1,0,1,0,0,1,1,1,0,1,1,1,0,0,0,0,1,0,1,0,0,0,0,1,0,1,1,0,1,1,1,1,0,0,0,1,1,0,0.0,-3692.779720615457,1
1,0,0,1,0,1,1,0,1,1,0,0,0,1,0,1,0,0,1,0,0,0,1,0,0,1,0,0,0,0,1,1,1,1,0,1,1,0,0,0,0,0,1,0,1,1,0,1,1,1,0,0,1,1,0,1,0,1,0,0,1,1,0,1,0.0,-3692.746933982804,1
1,0,1,1,0,1,0,0,0,0,1,0,0,0,0,0,0,0,0,0,1,0,0,0,1,1,1,1,1,1,0,1,1,1,0,1,1,1,0,0,1,1,1,1,1,0,0,0,1,1,1,1,0,1,0,0,1,0,0,0,1,0,0,0,0.0,-3692.7276083703255,1
1,0,1,0,0,0,0,1,0,0,0,1,0,0,1,0,1,0,0,0,1,0,0,0,1,1,1,0,1,1,1,1,0,0,1,0,0,0,1,0,1,0,1,1,1,1,1,0,1,0,0,0,0,1,0,1,1,0,1,1,1,0,1,0,0.0,-3692.669112293201,1
1,1,1,0,0,0,0,0,0,1,0,1,0,1,1,0,0,1,0,0,1,1,0,1,1,1,1,0,0,0,0,1,0,1,1,0,1,1,0,0,0,0,1,1,1,1,1,0,0,1,1,1,0,0,1,0,0,0,0,0,1,1,0,0,0.015625,-3692.668347630297,1
0,0,1,0,0,0,1,1,1,1,0,1,0,0,0,1,0,0,0,0,0,1,0,0,0,0,0,1,0,0,1,1,0,0,1,1,1,1,0,0,1,1,1,1,1,1,1,1,1,1,0,1,0,0,0,1,0,0,1,0,0,1,0,1,0.0,-3692.657539382966,1
0,0,1,0,0,1,0,1,0,0,1,0,0,0,0,1,1,1,0,0,1,1,0,0,1,0,1,1,0,0,0,1,0,1,0,0,1,0,1,0,1,0,1,1,0,1,0,1,0,1,0,1,1,1,1,1,1,0,0,0,0,0,1,1,0.0,-3692.5416611368623,1
0,1,0,1,0,1,1,1,1,0,1,1,0,0,0,0,0,1,0,1,1,0,0,1,0,1,0,1,1,0,1,0,0,0,1,0,0,0,0,1,0,1,1,1,1,1,0,1,1,1,0,1,0,0,1,1,1,0,0,0,0,0,0,0,0.0,-3692.4844635134145,1
0,1,0,0,1,0,0,0,1,1,1,1,0,0,0,1,0,1,0,0,1,1,0,0,1,1,0,1,1,0,1,0,1,0,0,1,1,1,0,0,0,1,0,1,1,0,0,1,1,1,0,0,0,1,1,0,1,0,0,0,1,0,0,1,0.0,-3692.481813697601,1
1,0,1,0,0,0,1,1,0,0,1,1,1,0,0,0,0,0,1,1,1,1,0,0,0,1,0,1,0,0,1,1,0,1,0,1,1,0,0,0,0,0,1,1,1,0,1,0,1,1,0,0,0,1,1,1,1,0,0,0,1,1,0,0,0.03125,-3692.434493446097,1
0,0,1,0,0,1,0,0,0,1,0,0,0,1,0,0,0,1,0,0,0,1,1,0,1,1,0,1,0,0,1,1,0,0,1,1,0,1,0,0,0,0,1,1,1,1,0,0,1,1,0,1,1,1,1,1,0,0,0,0,1,1,1,1,0.03125,-3692.4316292908916,1
0,0,1,1,1,0,0,1,0,1,1,0,0,0,0,0,0,1,0,0,1,1,0,1,0,0,1,1,0,0,1,1,0,0,1,1,0,0,1,0,0,0,1,1,1,0,0,1,1,1,0,0,1,0,1,1,1,0,0,0,0,1,1,1,0.0,-3692.4284244026803,1
1,1,1,1,0,0,1,1,1,0,0,0,1,1,0,0,0,1,1,0,1,1,1,1,1,1,0,1,0,0,0,1,0,0,0,0,0,0,0,0,0,0,1,1,1,1,0,1,1,0,0,0,0,1,0,1,1,0,1,0,0,0,1,0,0.0,-3692.414305712109,1
0,0,1,0,0,0,1,1,1,0,0,0,0,0,1,0,0,1,0,0,1,0,0,0,1,1,0,1,0,0,1,1,1,0,0,1,1,1,1,0,0,0,1,1,1,1,1,0,1,1,0,1,1,1,1,1,0,0,0,0,0,0,1,0,0.0,-3692.3886644621043,1
0,1,0,0,1,0,1,1,1,0,0,1,1,1,0,0,0,0,1,1,0,0,0,0,0,1,1,1,0,0,1,1,1,0,0,0,1,1,0,0,0,1,0,0,0,0,1,0,1,1,0,1,1,0,1,1,1,0,0,1,0,1,1,0,0.0,-3692.344644703372,1
0,0,0,0,0,1,1,0,1,1,1,0,0,0,1,0,0,1,0,1,0,1,0,0,1,0,0,0,0,0,1,1,1,1,0,0,1,1,0,0,1,1,1,1,0,1,1,0,0,1,0,1,1,0,1,1,1,1,0,0,0,1,0,0,0.015625,-3692.330551908181,1
1,1,1,1,0,0,1,1,0,0,0,1,0,0,0,1,1,1,0,1,1,1,1,0,1,1,1,1,0,0,1,0,0,0,0,0,1,0,0,1,0,1,0,1,0,1,1,1,0,1,0,1,0,1,0,0,0,0,0,1,0,0,0,0,0.0,-3692.327081710057,1
0,1,1,0,0,1,1,1,1,0,0,0,0,0,0,1,1,1,1,0,1,1,0,0,0,0,1,1,0,1,0,1,0,1,0,1,1,0,0,0,0,0,1,1,1,0,0,1,1,0,0,0,0,1,0,1,1,0,1,1,0,0,1,0,0.015625,-3692.307951916169,1
1,0,0,1,0,1,0,1,0,1,1,1,1,0,0,1,1,0,0,0,0,0,0,0,0,0,1,1,0,0,0,1,0,1,1,1,1,1,0,0,1,1,1,0,0,1,0,0,1,1,0,1,1,0,1,1,0,0,0,0,1,1,0,0,0.0,-3692.297962274795,1
1,0,1,0,0,0,0,1,1,0,0,0,0,1,1,1,0,1,0,1,1,1,0,0,1,1,0,1,1,0,1,1,0,0,0,1,0,0,0,0,1,0,1,0,0,1,0,1,1,1,0,0,1,0,1,1,0,0,1,1,0,1,0,0,0.0,-3692.1731684935094,1
1,1,0,0,0,0,0,1,1,1,1,0,1,0,0,1,0,1,1,1,0,1,0,0,0,1,0,1,0,0,1,1,0,0,0,1,0,0,1,0,1,0,0,1,0,1,1,1,1,0,0,1,0,1,0,1,1,1,0,0,1,0,0,0,0.0,-3692.1542697022865,1
1,1,1,0,0,0,0,1,0,1,1,1,0,1,0,1,0,1,0,0,0,1,0,0,0,0,1,1,1,1,0,1,1,1,0,0,0,1,0,0,1,1,1,1,0,0,1,1,0,1,0,1,1,0,0,1,0,0,0,0,0,0,0,1,0.015625,-3692.101019019765,1
0,0,1,0,1,0,1,0,0,1,0,1,0,1,0,0,0,1,1,0,0,1,0,1,1,1,0,1,0,1,0,1,0,1,1,1,1,1,0,1,1,0,1,0,0,1,0,0,0,0,0,0,1,0,1,1,1,1,0,0,0,0,1,0,0.0,-3692.0947086275432,1
0,0,1,1,0,1,0,0,1,0,1,0,0,1,1,0,0,1,0,0,0,0,0,0,1,1,1,1,0,0,1,0,0,1,0,1,0,1,0,0,0,1,1,1,1,1,0,0,1,1,0,0,0,1,1,1,1,0,0,1,0,1,1,0,0.0,-3692.081093608733,1
0,0,0,1,1,1,1,0,0,0,1,1,0,0,0,0,0,1,0,1,1,0,0,0,0,0,1,1,1,0,0,0,1,1,1,0,1,0,1,0,1,0,1,1,1,0,0,1,1,1,0,0,0,0,1,1,1,1,0,1,0,1,0,0,0.0,-3692.06981248059,1
0,1,0,0,0,0,0,1,0,1,1,1,1,0,0,0,1,1,0,1,0,0,1,0,1,0,1,1,1,0,0,0,1,1,0,0,0,0,1,0,1,0,1,0,1,0,1,0,1,0,1,1,0,1,0,1,1,0,1,0,1,0,1,0,0.0,-3692.0491124534883,1
1,0,1,0,0,1,1,1,0,0,0,1,0,0,0,0,1,1,0,0,1,1,1,1,1,0,1,1,1,1,0,1,0,1,0,1,0,0,0,1,0,1,1,0,0,1,0,0,1,1,0,1,1,0,1,1,1,0,0,1,0,1,1,0,0.0,-3692.047142302263,1
1,1,0,1,0,0,1,1,1,1,1,0,0,0,0,0,0,1,0,0,1,0,1,0,0,1,0,1,1,0,1,1,1,0,1,1,0,0,0,0,0,0,1,0,1,1,0,1,1,1,1,0,1,0,1,1,1,0,0,0,0,0,0,0,0.0,-3692.033260361824,1
1,1,1,0,1,0,1,0,0,0,1,1,0,0,0,0,0,0,0,0,1,0,1,0,1,0,1,1,1,0,1,1,0,0,0,1,1,0,0,1,0,0,1,1,0,0,1,0,0,1,1,1,0,0,1,0,1,1,0,1,0,1,1,0,0.015625,-3691.984812556717,1
1,0,1,1,1,0,0,1,0,0,1,1,0,0,0,0,0,1,0,1,0,1,1,0,1,1,1,1,0,0,1,1,1,0,0,1,0,0,0,0,0,0,1,0,1,1,0,0,0,1,1,1,1,0,0,1,0,1,0,0,1,1,0,0,0.0,-3691.9576948483673,1
0,1,1,1,0,1,0,0,0,1,1,0,0,1,0,1,0,1,0,0,1,0,1,0,0,1,1,1,1,1,0,1,0,0,0,1,1,1,0,0,0,1,1,0,1,1,1,0,0,1,0,1,0,0,1,1,1,0,0,0,0,0,0,0,0.0,-3691.91495311367,1
1,1,1,0,0,0,1,1,0,0,1,1,0,0,1,0,1,1,0,0,1,0,0,1,1,0,0,1,1,0,1,0,1,0,0,0,0,1,1,0,0,1,1,0,0,1,1,0,0,0,0,0,0,1,1,1,1,1,0,0,1,0,1,0,0.0,-3691.896985379521,1
1,0,1,0,0,1,0,1,0,0,0,0,1,0,1,0,0,0,0,0,0,0,0,0,1,0,1,1,0,1,0,1,0,0,0,1,1,1,1,0,0,0,1,1,1,0,0,1,1,0,0,1,1,1,1,1,0,1,0,1,1,1,1,0,0.0,-3691.8707579190686,1
0,1,1,0,0,0,0,1,1,1,1,1,0,0,0,0,0,1,0,0,0,1,1,0,0,0,1,1,1,1,1,1,0,0,1,0,1,0,0,0,1,1,0,0,1,1,1,0,1,0,0,1,0,1,0,1,0,0,1,0,0,1,1,0,0.0,-3691.8363341431373,1
1,0,1,1,1,1,1,1,1,0,1,1,0,0,0,0,0,1,0,1,0,0,1,1,0,1,0,1,0,0,1,1,0,0,0,1,0,1,1,0,0,1,1,0,1,1,0,1,1,1,0,0,0,0,1,0,0,0,1,0,1,1,1,1,0.0,-3691.769216376304,1
1,0,1,0,0,1,0,1,1,0,0,0,0,1,0,0,0,1,0,1,1,0,0,0,1,1,0,1,0,0,1,1,0,0,0,0,1,1,1,0,0,1,1,0,0,1,1,1,1,1,0,0,1,1,0,1,1,1,0,0,0,0,0,1,0.015625,-3691.736882574219,1
1,0,1,1,1,1,0,0,0,0,1,0,1,0,0,0,0,0,0,0,1,0,0,0,1,1,1,1,1,0,1,1,1,1,1,0,1,1,0,0,0,0,0,0,1,0,0,1,0,1,0,0,0,0,0,1,0,1,1,1,1,1,0,1,0.0,-3691.687430526927,1
1,0,1,0,0,0,0,0,0,1,1,1,0,1,0,0,1,0,1,0,1,0,0,0,0,0,0,1,1,0,1,1,0,1,1,0,0,0,0,0,0,1,0,1,1,1,1,1,0,0,0,1,1,1,0,1,1,0,1,1,0,1,0,1,0.0,-3691.6665020922014,1
1,1,1,1,0,0,0,0,1,0,1,0,0,0,0,1,1,0,1,1,1,0,0,0,0,0,1,1,0,0,0,1,0,1,1,0,1,0,1,0,1,1,1,0,1,1,1,0,0,0,0,1,0,0,1,1,0,0,0,0,1,0,1,1,0.0,-3691.6421976053866,1
0,0,1,0,0,0,0,1,1,1,0,1,1,1,0,0,0,1,0,1,1,0,0,0,1,1,0,1,1,0,1,1,0,1,0,0,0,1,0,1,0,0,1,1,1,1,0,1,0,1,1,1,0,1,0,0,1,0,1,0,0,0,0,0,0.0,-3691.621210147172,1
0,0,1,0,0,0,0,1,0,0,1,1,1,0,0,0,1,1,0,1,1,0,1,0,1,0,1,1,1,0,1,1,1,1,0,1,1,0,0,0,0,1,1,1,1,1,1,1,0,1,0,1,1,0,0,0,1,0,0,1,0,0,1,1,0.0,-3691.6091609421924,1
1,0,0,0,1,0,1,1,1,0,0,1,0,1,1,0,0,1,0,1,1,1,0,0,0,0,0,1,0,0,1,1,0,0,1,0,1,1,0,1,0,0,1,0,1,1,1,0,0,1,0,1,0,0,0,1,0,0,0,1,1,1,1,0,0.0,-3691.605355138001,1
1,0,1,0,0,0,0,1,1,1,1,0,0,1,1,0,0,1,0,1,0,1,0,0,1,1,0,1,0,0,1,1,1,0,0,1,0,0,0,0,0,0,1,1,1,1,0,0,1,1,0,0,0,1,1,1,1,1,0,0,0,1,0,0,0.0,-3691.5767585968447,1
1,1,1,1,0,0,1,1,1,0,1,0,0,0,1,0,0,1,0,0,1,1,1,0,1,0,0,1,0,0,0,1,1,1,0,1,0,0,1,0,1,0,0,1,1,1,0,1,0,0,0,0,1,0,1,1,0,1,0,0,0,0,1,0,0.0,-3691.4712461781664,1
0,0,1,0,1,0,0,1,0,0,0,0,0,0,0,1,0,1,0,0,1,0,0,0,0,1,1,1,0,0,1,1,0,1,0,1,1,1,0,0,1,1,1,1,1,0,0,1,1,1,1,1,0,0,0,1,1,1,0,1,0,0,0,1,0.0,-3691.4702023576233,1
1,1,1,1,1,0,0,1,1,0,0,0,0,0,0,0,0,1,0,0,1,0,0,1,1,1,1,1,0,0,1,1,1,1,0,1,1,1,1,0,1,1,1,1,1,1,0,1,0,0,0,0,1,0,0,1,1,0,0,0,0,1,1,0,0.015625,-3691.396833320856,1
1,0,1,0,0,0,0,0,1,1,1,0,1,0,1,1,0,1,0,0,0,1,0,0,0,1,1,1,1,0,0,1,1,1,0,1,0,0,0,0,0,0,1,0,1,1,0,1,1,1,1,1,1,0,0,1,1,0,0,1,1,1,1,1,0.0,-3691.381871937516,1
0,0,1,1,0,0,0,1,1,0,0,1,1,1,0,1,0,1,0,0,0,1,0,0,1,1,0,1,0,0,1,1,0,0,1,0,0,1,0,0,1,0,1,1,1,0,1,0,1,0,1,1,0,0,1,0,1,0,1,0,0,1,1,0,0.015625,-3691.371166825648,1
0,1,1,0,0,1,1,1,0,0,1,1,0,1,1,0,0,0,0,1,0,0,0,0,0,0,1,1,0,0,1,0,1,1,1,1,1,0,0,0,0,1,0,0,1,1,0,1,0,0,0,1,0,1,1,1,0,1,1,0,0,0,1,1,0.0,-3691.335440761438,1
1,0,1,1,1,0,0,1,1,1,1,0,0,1,0,0,0,1,0,0,0,1,0,1,0,0,1,1,0,0,1,1,0,0,0,1,1,1,1,1,0,0,0,1,0,0,1,0,1,1,0,0,0,1,0,1,0,1,0,1,0,1,0,0,0.0,-3691.299737534556,1
0,0,0,0,1,1,1,0,0,1,1,1,0,0,0,0,1,0,0,1,1,0,0,0,0,1,0,1,0,0,1,1,0,0,1,1,0,0,1,1,0,0,0,1,1,0,1,1,0,1,0,0,1,1,1,1,0,1,1,1,1,0,0,0,0.015625,-3691.2923381732503,1
0,0,1,0,0,1,1,1,1,0,0,0,1,1,1,0,0,1,1,1,0,1,0,1,0,1,1,1,0,0,1,1,1,0,0,0,0,0,1,0,1,0,1,0,1,1,1,0,0,1,0,0,0,0,0,0,0,1,1,0,0,1,0,1,0.0,-3691.23337338533,1
0,0,0,0,0,1,1,1,0,1,0,0,0,1,1,0,0,0,0,0,1,1,1,0,0,1,0,1,1,0,1,1,1,1,0,0,1,0,0,0,1,0,1,1,1,0,1,1,1,0,0,0,0,0,0,1,1,1,0,1,1,0,0,1,0.015625,-3691.226881478146,1
0,0,1,1,1,1,0,1,1,1,1,0,1,0,0,0,0,0,0,0,0,0,1,0,0,1,1,1,1,0,1,1,0,0,0,1,0,1,1,0,1,1,1,0,1,0,0,1,0,1,0,0,1,1,0,1,0,1,0,0,0,1,0,0,0.0,-3691.226802478797,1
1,0,1,0,0,0,1,1,1,1,0,1,0,1,0,1,0,0,1,0,0,1,0,1,0,0,1,1,1,0,0,1,0,0,1,1,1,0,0,0,0,0,1,1,1,1,0,1,1,1,0,0,1,0,1,1,1,0,1,1,0,1,0,1,0.0,-3691.211821612859,1
1,0,1,0,1,0,1,1,0,0,1,1,0,1,1,1,1,1,0,0,1,1,0,0,0,1,1,1,0,1,1,1,0,0,0,0,1,1,0,0,0,0,1,0,1,1,0,1,1,0,0,0,0,1,1,1,0,0,0,0,0,0,0,0,0.0,-3691.198073305361,1
1,1,0,0,1,0,1,1,1,1,1,1,0,0,0,0,1,1,0,1,1,0,1,0,1,0,1,1,0,0,0,1,1,1,0,1,0,0,0,0,0,1,0,1,1,0,0,0,0,1,1,0,0,0,0,1,1,0,0,1,0,0,1,0,0.0,-3691.164833081382,1
0,0,0,0,1,1,1,1,1,1,0,0,1,1,1,0,0,1,0,0,1,1,0,0,1,0,0,1,0,0,1,1,0,0,1,0,1,1,1,0,1,0,0,0,1,0,1,1,1,0,0,0,0,0,0,1,1,0,1,1,0,1,0,0,0.0,-3691.1316890883627,1
1,1,1,1,0,1,1,1,1,0,1,0,0,0,0,0,0,1,1,1,1,0,0,0,1,1,0,1,0,0,0,1,1,0,0,0,1,1,1,0,0,1,1,0,1,1,0,0,1,0,0,0,1,1,0,1,1,0,1,0,1,1,1,0,0.0,-3691.0980750881076,1
0,0,1,0,1,0,1,0,0,1,1,1,1,0,0,0,1,0,0,0,1,1,1,0,0,0,0,1,1,0,1,1,1,1,0,1,1,1,1,0,0,0,1,1,1,1,1,1,0,0,0,1,0,1,0,1,0,1,1,0,0,0,1,1,0.0,-3691.0915430872506,1
1,1,0,1,0,1,0,1,1,1,1,0,0,0,0,1,0,1,0,0,0,0,1,1,1,1,1,1,1,0,0,1,1,1,0,1,1,1,0,0,0,0,1,1,1,0,0,0,1,1,0,0,0,1,0,1,0,1,0,1,1,0,0,1,0.0,-3691.0427920931015,1
0,0,1,0,1,0,0,1,1,0,0,0,1,0,0,0,1,1,0,1,1,1,0,1,1,0,1,1,0,0,1,0,0,1,1,1,1,1,0,0,0,0,1,1,1,0,0,1,1,1,1,0,0,0,0,1,1,1,0,0,0,0,0,0,0.015625,-3691.0386560240586,1
1,1,1,0,0,1,1,1,1,1,0,1,0,1,0,1,1,0,0,0,1,0,0,1,0,0,0,0,0,0,1,1,1,1,1,1,1,0,1,0,1,0,0,1,1,1,1,0,1,1,0,1,0,0,1,1,1,0,0,0,0,0,1,0,0.0,-3690.9776884886787,1
1,0,1,0,0,1,0,1,1,1,1,0,0,0,0,0,0,1,0,0,1,0,0,0,0,0,0,1,0,0,1,1,0,1,1,1,1,0,0,0,1,1,1,1,1,1,0,1,1,1,0,1,1,1,1,1,1,0,0,1,0,1,1,0,0.015625,-3690.9616926701433,1
1,0,1,0,1,0,1,1,1,1,1,0,0,0,0,1,1,1,0,0,1,0,0,0,0,1,1,1,0,0,1,0,0,1,0,0,0,1,0,0,1,0,1,1,1,1,0,1,1,1,0,0,0,1,1,1,1,0,0,0,1,1,1,1,0.03125,-3690.9353457744533,1
0,0,1,0,0,0,0,0,1,0,1,0,0,1,1,1,1,0,0,1,1,1,0,0,1,1,0,1,0,0,0,1,0,1,0,0,0,0,1,1,0,1,1,0,0,1,1,1,0,1,1,1,0,0,0,1,0,1,0,0,0,1,1,1,0.0,-3690.9347564472982,1
1,0,1,1,0,0,0,0,1,0,1,1,0,1,0,1,0,1,0,0,0,1,0,1,1,0,1,1,0,0,1,1,0,1,0,1,0,0,1,0,1,1,1,1,1,1,0,1,1,1,0,0,1,1,1,1,0,0,0,0,0,1,0,1,0.015625,-3690.8597644610936,1
0,0,0,0,0,0,1,1,1,0,0,0,0,0,0,1,0,1,0,0,0,1,0,1,0,0,0,1,0,1,1,1,0,1,1,0,1,0,1,1,0,0,0,1,1,1,1,1,0,1,0,1,1,0,0,1,0,1,0,0,1,1,1,1,0.0,-3690.8353443380142,1
0,0,1,1,1,0,0,0,0,1,1,0,1,1,1,0,0,0,0,1,1,1,0,0,1,0,0,1,1,0,1,1,1,1,0,0,0,0,0,0,1,0,0,1,1,1,0,1,1,1,0,0,0,1,1,1,1,0,0,0,0,0,0,1,0.0,-3690.814425559003,1
1,0,1,0,0,0,0,0,0,1,1,0,1,0,1,1,0,1,1,0,0,1,0,1,0,0,1,1,1,0,1,1,1,1,1,1,1,1,1,0,0,0,0,0,1,1,0,1,1,1,1,0,0,0,0,0,1,0,0,0,0,0,0,0,0.0,-3690.7854402751796,1
1,0,1,1,1,1,1,1,0,1,0,1,1,0,0,0,0,1,1,0,1,1,0,1,0,1,1,1,0,0,1,1,0,0,0,0,1,0,1,1,0,1,1,1,1,0,1,1,0,1,0,1,0,0,0,1,0,0,0,0,0,0,1,1,0.0,-3690.783514833167,1
1,0,0,0,1,0,0,1,1,0,0,0,0,0,0,1,0,1,1,1,1,1,1,1,0,0,1,1,0,0,1,1,0,0,1,1,1,1,0,0,0,1,1,1,1,0,0,0,1,1,0,0,1,0,0,0,0,0,0,1,0,1,1,0,0.03125,-3690.755379596087,1
1,0,1,0,0,0,0,0,0,0,1,0,0,0,0,0,0,1,1,0,0,0,0,1,1,1,1,1,0,1,1,1,0,1,0,0,1,0,1,1,0,0,0,0,1,1,1,1,1,1,1,1,1,0,1,1,1,0,0,0,0,0,1,0,0.0,-3690.749479822402,1
0,0,1,0,1,1,0,1,1,1,0,1,1,0,0,0,0,1,0,0,1,1,0,1,1,0,1,1,0,0,1,0,0,0,0,1,1,1,1,0,0,0,1,0,1,1,1,0,1,1,1,1,1,1,0,1,0,1,0,0,1,1,0,0,0.015625,-3690.705852205053,1
1,0,1,0,0,0,1,1,0,1,1,1,1,0,0,1,0,1,0,0,1,1,0,0,0,1,1,1,0,0,0,0,1,0,0,1,1,0,0,0,1,0,0,1,1,1,1,0,1,1,0,1,1,1,1,1,1,0,0,0,1,1,0,1,0.0,-3690.66667199465,1
0,0,1,0,1,0,1,1,0,1,1,1,0,1,1,1,1,0,0,1,1,0,0,0,0,0,0,1,0,0,1,1,0,0,0,0,1,1,0,0,1,0,0,1,1,1,0,0,0,1,0,1,0,0,0,1,0,0,0,1,1,1,1,1,0.015625,-3690.539152070621,1
1,1,1,0,0,0,0,1,0,0,0,0,0,0,0,0,1,1,0,0,1,1,0,0,1,1,1,1,0,0,1,1,1,0,1,1,1,1,1,0,0,0,1,1,1,1,0,1,1,1,1,0,0,0,0,1,1,0,1,1,0,1,1,0,0.015625,-3690.5085540916266,1
0,0,0,1,0,0,0,0,0,1,1,1,1,1,0,0,0,1,1,1,0,1,0,0,0,1,1,1,0,0,1,0,0,1,0,1,1,0,1,1,0,0,0,1,1,0,1,1,1,0,1,0,0,1,0,1,1,0,0,0,0,0,1,1,0.0,-3690.492529774791,1
1,0,1,0,1,0,1,1,1,1,1,1,0,0,1,0,0,1,0,1,1,1,0,0,0,1,0,1,0,0,1,0,0,1,0,1,0,0,1,0,0,0,1,1,1,0,1,1,1,1,0,0,0,0,1,1,1,1,1,1,0,0,0,1,0.0,-3690.4324451352722,1
0,1,1,0,1,0,1,1,1,0,1,1,0,0,1,0,0,1,0,0,1,1,0,0,0,1,1,1,0,0,1,1,0,1,0,1,1,1,1,1,0,0,1,1,1,0,1,1,0,0,1,1,0,0,1,1,1,0,1,0,0,0,0,0,0.0,-3690.4069029666844,1
0,1,1,1,0,0,1,1,1,1,1,0,0,0,0,0,0,0,0,0,0,1,1,0,1,0,1,1,1,0,1,1,1,1,0,0,1,1,1,0,0,1,0,1,1,1,1,1,1,1,0,0,1,1,1,0,0,0,0,1,0,0,1,0,0.0,-3690.366484660189,1
1,1,1,0,1,1,1,1,0,1,1,0,0,1,1,1,0,0,0,0,1,0,0,1,0,1,1,1,0,0,1,1,1,0,0,1,0,0,1,0,1,0,0,1,1,0,1,1,0,0,0,1,1,0,1,1,0,0,0,1,1,0,0,1,0.0,-3690.3564939424414,1
1,0,0,1,1,1,0,1,0,1,1,0,0,0,1,1,0,1,1,0,0,1,0,0,0,1,0,1,1,0,1,1,0,1,0,1,1,1,0,0,1,0,1,0,1,1,0,1,1,1,0,0,0,1,1,1,1,0,0,1,0,0,1,0,0.0,-3690.3255957149386,1
0,0,0,0,0,1,0,1,0,1,0,1,1,1,0,1,0,1,0,0,0,1,1,0,0,0,0,1,0,1,1,1,0,1,0,0,1,0,1,0,1,0,1,1,1,1,0,0,1,1,0,0,1,0,0,1,1,0,0,1,0,1,0,1,0.0,-3690.231998519613,1
0,0,1,0,1,1,1,1,1,0,0,0,1,1,0,0,1,1,0,0,1,0,0,0,0,0,0,1,0,0,1,1,0,1,0,0,1,1,1,1,0,0,0,1,1,0,0,1,1,1,0,0,1,0,1,0,0,1,1,1,0,0,0,1,0.0,-3690.210401165378,1
0,0,1,0,1,0,0,1,1,1,1,0,1,1,1,0,1,1,0,0,1,0,1,1,0,0,1,1,0,0,0,0,0,0,0,0,0,1,0,0,0,0,0,1,1,1,1,0,1,1,0,0,1,1,1,1,1,1,0,0,0,1,0,0,0.015625,-3690.1289929851723,1
1,1,1,1,0,0,0,1,0,0,0,0,0,1,0,1,0,1,0,0,1,1,0,1,0,1,1,1,0,1,0,1,1,1,0,0,1,0,0,0,1,0,0,1,1,0,0,1,1,1,1,0,0,1,0,1,0,1,1,0,0,0,0,0,0.0,-3690.0880951075096,1
1,0,0,1,0,1,1,1,1,0,1,1,1,0,0,1,1,1,0,1,0,1,0,0,0,1,1,0,1,0,0,0,0,1,0,1,1,0,1,1,1,0,1,1,1,1,0,0,1,1,0,0,1,0,1,1,0,1,0,0,0,0,1,0,0.0,-3689.999891318172,1
1,0,1,0,0,0,0,1,1,1,1,0,0,1,1,0,1,1,0,1,1,0,0,0,0,1,0,0,1,0,1,1,0,0,1,1,1,0,1,1,0,1,1,0,1,1,0,1,1,1,0,0,1,1,0,1,1,0,0,0,0,1,1,0,0.0,-3689.8480111643757,1
1,0,0,0,1,0,0,1,0,1,1,0,1,0,0,0,1,1,0,0,1,1,0,0,0,1,1,0,1,0,1,0,0,0,1,1,1,1,1,0,0,1,0,1,1,0,0,0,1,1,1,0,0,0,0,1,1,1,0,1,0,1,0,0,0.0,-3689.6736531339034,1
0,0,1,1,1,0,1,1,1,0,1,0,0,1,1,1,0,0,0,0,0,0,0,0,0,1,0,1,1,1,1,1,0,0,1,1,1,0,0,0,1,1,1,0,1,1,1,0,1,1,1,1,1,1,0,1,1,0,0,0,0,0,0,1,0.0,-3689.662481206605,1
1,1,0,1,0,1,1,1,0,1,1,0,1,0,0,1,1,1,1,0,0,1,0,0,1,0,0,1,0,0,1,0,0,1,1,1,1,1,0,1,0,0,1,1,1,1,0,0,1,1,0,0,0,1,1,1,1,0,0,0,0,0,1,0,0.015625,-3689.577292749904,1
1,1,1,0,0,0,1,1,0,1,1,0,1,0,1,0,0,1,0,0,1,1,0,1,1,1,1,1,1,0,0,1,0,0,0,0,1,1,1,0,0,0,1,1,1,1,0,0,1,1,1,0,1,0,1,1,1,0,0,0,1,0,0,0,0.015625,-3689.415550187543,1
1,1,1,0,0,0,1,0,0,0,0,1,1,0,0,1,1,1,0,0,1,1,0,0,1,0,0,1,0,0,1,1,0,1,1,0,1,1,0,1,1,1,1,0,1,1,0,0,1,1,1,0,0,0,1,1,1,0,1,0,1,1,0,0,0.0,-3689.386674465071,1
0,0,0,0,1,0,0,1,1,1,1,1,1,1,0,1,1,1,0,0,1,1,0,0,0,1,0,1,0,0,1,0,0,0,0,0,1,0,0,0,0,0,1,1,1,1,1,0,1,1,0,1,1,1,1,1,1,1,0,1,1,0,1,0,0.0,-3689.1923094782533,1
1,0,1,0,0,1,0,1,1,1,0,0,0,0,0,1,0,0,1,1,0,0,1,1,0,1,1,1,0,1,1,0,0,1,0,0,1,0,1,0,1,0,1,0,1,1,1,0,1,1,0,0,1,1,1,1,1,1,1,1,0,0,0,0,0.0,-3689.1694757572423,1
1,0,1,1,1,1,0,1,0,0,0,0,1,1,1,1,1,1,0,1,0,1,0,1,0,0,1,1,0,0,1,1,0,1,0,1,0,0,1,0,1,1,1,0,1,0,0,1,1,1,0,0,1,0,1,0,0,0,1,0,0,1,1,0,0.0,-3689.144132019631,1
1,1,1,0,0,0,0,1,1,1,0,1,0,0,0,1,0,1,0,0,0,0,1,0,1,0,1,1,1,0,1,0,1,1,0,0,1,1,1,1,1,0,0,1,1,1,1,1,1,1,1,0,0,1,0,1,1,0,0,0,0,0,0,1,0.0,-3688.981873486391,1
0,0,1,0,0,1,1,1,0,0,1,1,1,1,0,1,1,0,0,1,1,1,0,1,1,1,1,1,0,0,1,0,0,1,0,0,1,0,1,0,1,1,1,1,1,1,0,1,0,1,0,0,0,1,0,1,0,1,0,0,1,0,0,0,0.0,-3688.7204203947417,1
0,0,0,1,1,1,1,0,1,0,0,0,1,1,0,1,0,1,1,1,0,1,0,0,0,1,0,1,1,0,0,0,0,0,1,1,0,0,1,0,0,1,0,1,1,1,1,0,1,1,1,0,1,1,0,1,1,1,0,1,1,1,0,0,0.0,-3688.58262637752,1
0,0,0,1,1,1,0,1,1,0,1,0,1,0,0,1,0,1,0,0,0,0,0,0,1,0,0,1,1,0,0,0,0,0,1,1,1,1,1,1,0,1,1,1,1,0,1,1,0,1,1,0,1,0,1,1,1,1,0,1,1,1,0,0,0.0,-3688.198668425066,1
1,0,1,0,0,1,0,1,1,0,1,1,0,1,1,0,0,0,0,1,1,1,0,1,1,0,0,1,0,1,1,1,0,0,0,0,1,1,1,0,1,0,0,1,1,1,0,0,1,1,0,0,0,0,0,1,1,1,0,1,1,1,1,0,0.015625,-3688.1622723781015,1
1,1,0,0,1,0,0,1,0,0,1,1,1,0,0,1,1,1,0,1,1,1,1,0,0,0,1,1,1,0,1,0,1,1,0,0,1,0,1,0,1,0,0,1,0,1,1,0,1,0,1,0,1,1,1,0,0,1,0,1,0,1,0,0,0.015625,-3688.159519779957,1
0,1,1,0,1,0,1,1,1,0,1,0,1,0,0,0,0,1,1,1,1,1,0,1,1,1,1,1,1,1,1,0,1,1,1,0,0,0,1,0,1,1,0,1,1,1,0,0,0,0,1,0,0,1,0,1,0,1,0,0,0,0,0,0,0.0,-3687.9095780712328,1
0,0,1,1,0,0,1,1,1,1,1,0,1,1,0,0,1,1,0,1,0,0,1,0,0,0,0,1,0,0,1,1,1,1,0,1,0,0,1,1,1,0,1,1,1,1,0,1,0,1,1,0,1,0,0,1,1,1,1,0,0,0,0,0,0.015625,-3687.8194834894866,1
1,0,1,0,0,0,1,1,1,1,1,1,0,0,0,0,0,1,0,0,0,1,0,0,0,1,1,1,0,0,0,1,0,1,1,1,0,1,0,0,0,0,1,1,1,0,0,0,1,0,0,1,1,0,0,1,1,1,0,0,1,0,1,0,0.0,-3675.375288912285,1
0,0,0,0,0,0,0,1,0,1,0,1,1,0,0,0,0,1,1,1,0,1,0,0,1,1,0,1,1,0,1,1,1,1,0,0,1,0,0,0,0,0,1,1,1,1,1,1,1,0,0,1,0,1,0,1,0,0,1,0,0,0,1,0,0.0,-3675.207740614036,1
1,0,0,1,0,1,0,1,1,0,1,0,0,0,1,0,0,0,0,0,1,1,0,0,0,1,1,1,1,0,0,1,1,1,1,0,0,1,1,0,0,0,1,1,1,1,1,1,1,0,0,0,0,0,0,1,0,0,0,0,1,0,0,1,0.015625,-3674.999187382272,1
1,0,1,0,0,0,1,0,1,0,1,1,0,0,1,1,0,1,0,0,1,0,0,0,1,0,1,1,0,0,0,1,0,1,0,1,0,1,0,0,0,1,1,0,0,1,0,1,1,1,0,0,0,0,1,1,0,1,0,1,1,0,1,0,0.0,-3674.983312016546,1
1,0,1,0,0,0,0,1,1,0,1,1,0,0,0,0,0,0,0,0,0,1,0,0,1,1,0,1,1,0,0,1,1,0,1,1,0,1,0,1,1,1,1,0,0,0,0,1,1,0,1,1,0,0,1,1,0,0,0,1,0,1,0,1,0.015625,-3674.605676291937,1
1,1,1,0,0,0,1,0,1,0,1,1,0,0,0,0,0,0,0,0,1,0,0,0,0,1,0,1,0,0,0,0,0,1,1,0,1,1,1,0,0,0,1,0,1,1,0,1,1,1,1,1,1,1,0,1,1,0,0,1,0,0,1,0,0.0,-3674.541402968943,1
1,0,1,1,0,1,0,1,0,1,1,1,0,1,0,1,1,1,0,1,0,1,0,1,1,1,1,0,1,0,0,0,0,0,0,0,0,1,1,0,0,0,1,0,1,0,0,1,0,1,0,0,0,0,0,1,1,0,1,0,1,0,0,0,0.0,-3674.5356745879017,1
0,0,1,1,0,0,1,1,0,0,1,0,1,1,0,1,0,1,0,0,1,1,0,1,0,1,1,1,0,0,0,1,0,1,1,1,0,0,1,0,0,0,0,1,1,0,0,0,0,0,0,1,0,1,1,1,1,0,0,0,0,0,1,1,0.0,-3674.5044136479646,1
1,0,1,0,0,0,0,0,1,0,1,1,0,0,0,0,1,0,0,1,1,0,1,1,0,1,1,1,1,0,1,1,0,0,1,1,0,1,0,0,0,0,0,1,1,1,0,0,0,0,1,1,1,0,0,0,1,0,0,1,1,0,0,1,0.0,-3674.4777701228186,1
0,0,1,0,1,0,1,1,1,0,1,0,0,1,0,0,0,1,0,0,1,1,0,1,1,0,0,1,0,0,0,1,1,0,0,0,1,1,0,0,1,1,1,1,1,0,0,1,0,0,0,0,0,1,1,1,1,0,0,1,0,1,0,0,0.0,-3674.4676238463353,1
1,0,1,1,0,0,1,1,1,0,1,0,0,0,1,1,0,1,0,0,0,0,0,1,0,0,1,1,0,0,1,0,0,1,0,1,1,0,0,0,0,1,1,1,1,0,1,0,1,0,0,1,1,1,0,0,1,0,1,0,0,0,1,0,0.0,-3674.459671599786,1
1,1,1,1,1,0,0,1,1,0,0,0,1,1,0,1,0,0,0,0,1,0,0,1,1,1,1,1,0,0,0,1,1,1,1,0,1,0,0,0,1,1,1,1,1,0,0,0,0,0,0,0,0,0,1,1,1,0,0,0,0,0,0,0,0.0,-3674.415219475484,1
1,1,1,0,1,1,0,0,0,0,1,1,0,0,0,1,0,1,0,0,1,0,0,1,0,0,1,1,0,0,1,0,1,0,1,1,1,0,0,1,0,0,1,0,0,1,1,0,1,1,0,0,0,0,0,1,0,1,0,1,0,1,1,0,0.015625,-3674.3612814414437,1
1,0,1,1,0,1,0,1,1,1,1,1,0,0,0,0,0,0,0,0,1,1,1,0,0,1,1,1,1,0,1,1,0,0,0,1,1,1,0,0,1,1,0,0,0,0,0,0,1,1,0,0,0,0,1,1,1,0,0,0,1,0,0,0,0.0,-3674.3506901640203,1
1,0,1,1,1,0,0,1,0,0,0,0,0,1,0,1,0,1,1,0,1,1,0,0,1,1,1,1,0,0,0,1,1,0,0,1,1,0,0,1,1,0,0,1,0,0,1,0,0,1,0,0,0,0,1,0,1,0,0,0,0,1,1,1,0.0,-3674.331170741634,1
0,0,1,0,0,0,1,0,0,1,1,1,1,0,0,0,0,1,0,0,0,1,0,0,0,1,1,1,1,0,1,1,0,0,0,1,1,0,0,0,1,0,1,1,1,0,1,0,1,0,1,1,1,1,1,1,1,0,0,0,0,0,0,0,0.0,-3674.281187788965,1
1,0,1,0,0,0,0,0,1,0,0,1,0,1,0,0,0,1,0,0,0,0,0,1,1,0,1,1,0,0,1,1,0,1,1,1,1,1,1,0,0,0,0,1,0,1,0,1,1,1,0,0,1,0,0,1,1,1,1,1,0,0,0,0,0.0,-3674.2775766982886,1
0,0,1,0,1,1,1,1,0,0,1,0,0,0,0,1,0,1,0,1,0,1,0,0,1,1,1,1,0,0,1,1,1,1,0,1,0,1,0,0,0,0,0,1,1,1,0,1,1,0,1,0,0,0,0,1,0,0,0,0,1,0,0,1,0.0,-3674.2641689769966,1
1,0,1,0,0,0,1,1,0,0,1,1,0,0,0,1,0,1,1,1,1,1,0,1,0,0,1,1,0,0,1,0,1,0,1,1,1,1,0,0,1,0,0,1,1,0,0,1,0,0,0,1,0,0,0,1,1,0,0,0,1,0,0,0,0.0,-3674.253205878597,1
1,0,1,1,0,0,1,1,0,0,1,0,0,1,1,0,0,1,0,0,1,1,0,0,0,0,0,1,0,1,0,1,0,0,1,1,0,1,1,0,0,0,1,0,1,0,1,0,1,1,0,1,0,0,1,1,1,0,0,0,1,1,0,0,0.0,-3674.2045824779907,1
1,0,1,0,0,1,1,1,1,1,0,0,0,0,0,0,1,0,0,1,0,1,0,1,1,0,0,1,0,1,0,0,0,1,0,1,1,0,1,0,0,0,0,0,1,1,1,0,1,0,0,0,0,0,1,1,1,1,0,0,1,0,1,1,0.0,-3674.1930600301557,1
1,0,1,0,0,0,0,0,0,0,0,0,0,1,0,0,0,1,0,1,0,1,0,0,1,1,1,1,0,0,1,1,1,0,0,0,0,0,0,0,1,1,1,1,1,1,1,0,1,1,0,1,0,1,1,1,0,1,0,1,0,1,0,0,0.0,-3674.1891118859385,1
1,0,1,0,0,0,1,0,1,0,1,1,0,1,1,0,0,1,0,1,1,0,1,0,0,1,0,1,1,0,0,0,1,0,0,1,0,0,0,0,0,0,1,1,1,1,0,0,0,1,0,1,1,1,1,1,1,0,0,0,0,1,0,0,0.0,-3674.172814666332,1
0,0,0,1,0,1,0,1,0,0,0,1,0,0,0,0,1,1,0,0,1,0,0,0,0,1,1,1,0,0,1,1,0,1,0,1,1,1,0,0,1,1,1,1,1,0,1,0,1,1,1,1,1,1,0,0,0,0,0,0,0,1,0,0,0.0,-3674.1390744195364,1
0,0,1,0,0,1,1,1,0,1,1,1,0,1,0,0,0,1,0,0,1,0,0,1,0,1,0,1,0,1,0,0,1,1,1,0,0,1,0,1,0,0,0,1,1,1,1,0,0,0,0,1,0,0,1,1,1,0,0,0,1,0,0,1,0.0,-3674.0869299020324,1
0,1,1,0,1,0,0,1,1,0,1,0,1,1,0,1,0,0,0,0,1,1,1,0,0,0,1,1,0,1,0,0,0,0,0,1,0,0,1,1,0,0,1,0,0,0,0,1,0,1,0,1,1,0,1,1,1,0,1,0,1,0,1,0,0.0,-3674.050989607936,1
1,1,0,0,0,1,0,1,0,1,0,1,1,0,0,1,0,0,0,1,0,0,1,0,0,1,1,1,0,1,1,1,0,0,1,0,1,0,0,0,0,0,1,1,1,1,1,1,0,0,0,1,1,1,0,1,1,0,0,0,0,0,0,0,0.0,-3673.9746553421855,1
0,0,0,1,1,1,1,1,0,0,1,0,0,0,1,0,1,1,0,1,0,0,1,0,1,1,0,1,1,0,0,1,0,0,0,0,0,0,1,0,0,1,1,0,1,1,1,0,0,1,0,0,0,0,1,1,1,0,0,0,1,1,1,0,0.0,-3673.9396235260365,1
0,0,1,1,1,0,0,1,1,0,0,1,0,1,1,0,0,0,0,0,0,1,1,0,1,1,0,1,0,0,1,1,0,0,0,1,0,0,0,0,0,0,0,1,1,0,0,0,1,0,0,1,1,0,1,1,1,1,1,1,1,1,0,0,0.0,-3673.9255552848003,1
0,0,0,0,0,0,0,1,0,1,1,0,0,1,1,1,0,0,1,1,1,1,0,0,1,0,1,0,0,0,0,1,0,1,0,1,0,1,1,0,0,0,1,1,1,1,0,0,0,1,0,0,0,1,0,1,1,0,0,1,1,1,0,1,0.0,-3673.9114465648613,1
1,0,1,1,0,0,1,1,0,0,0,0,0,0,0,0,0,1,0,0,1,1,1,1,1,0,0,1,0,0,0,1,1,0,1,1,1,0,0,1,1,0,1,1,1,0,0,0,1,0,1,0,1,0,0,0,1,0,1,1,0,0,1,0,0.015625,-3673.883040799258,1
1,1,0,0,0,0,0,1,1,1,1,1,1,0,0,0,0,0,0,0,1,1,1,0,1,0,1,1,0,0,1,1,1,0,1,1,0,0,1,0,0,0,0,1,1,1,1,0,0,0,0,0,1,0,0,1,0,1,0,1,1,0,0,0,0.0,-3673.7451529614896,1
1,0,0,0,0,1,1,1,1,0,1,1,0,0,0,0,0,0,0,0,0,1,1,0,1,0,0,1,0,0,1,0,1,0,1,1,1,1,0,0,0,1,0,1,1,0,1,1,0,1,0,0,0,1,1,0,1,1,0,0,1,1,0,0,0.0,-3673.7323737316106,1
0,1,1,0,1,0,0,1,1,1,1,1,0,0,1,1,0,1,0,0,1,0,1,0,1,0,1,1,0,0,0,1,0,0,0,1,1,1,0,0,0,0,0,1,1,1,0,0,1,1,0,0,0,1,0,1,0,0,0,0,0,1,1,0,0.0,-3673.691412201946,1
0,1,1,0,0,0,1,0,1,0,1,0,1,0,0,1,0,0,1,0,1,0,0,1,0,0,0,1,0,0,0,1,0,0,1,1,1,1,0,0,0,0,1,1,1,1,0,1,1,1,1,0,1,1,0,1,1,0,1,0,0,0,0,0,0.0,-3673.690097955984,1
0,0,1,1,1,0,0,1,1,1,1,0,1,1,1,0,0,0,0,0,1,1,1,0,0,1,0,1,0,0,0,0,0,1,1,0,0,1,0,0,1,1,1,0,0,0,1,0,1,1,0,0,1,1,1,1,0,0,0,0,0,1,0,0,0.0,-3673.671656253721,1
0,0,1,1,0,0,0,1,1,0,1,0,1,1,0,0,0,1,0,1,0,1,1,0,0,1,1,1,0,0,0,1,0,0,0,0,1,0,0,0,0,1,1,1,0,1,1,0,0,1,0,0,1,1,0,1,0,1,1,1,1,0,0,0,0.03125,-3673.5468893877264,1
1,0,0,1,0,0,0,1,1,0,1,0,0,0,1,1,0,0,1,0,1,1,0,1,0,1,1,1,1,0,0,1,1,0,0,0,1,1,1,0,0,1,0,0,0,1,1,0,1,1,0,1,0,0,0,1,0,1,0,0,0,1,0,0,0.015625,-3673.48910056951,1
0,0,1,1,0,0,0,1,1,1,1,1,1,0,1,0,0,1,0,0,0,1,0,0,1,1,1,1,0,0,0,1,1,1,1,1,1,0,0,0,0,0,1,1,1,1,1,1,0,1,0,1,1,1,1,1,1,0,0,0,0,0,1,0,0.0,-3673.4863227280666,1
0,1,1,1,0,0,1,1,1,0,1,0,0,0,0,1,0,0,1,0,1,1,0,0,0,1,1,0,0,0,1,1,1,0,1,1,0,1,1,0,0,1,1,0,1,0,0,0,1,1,1,0,1,0,0,0,0,1,0,0,0,0,1,0,0.0,-3673.4485620951255,1
0,0,1,0,0,0,0,1,0,0,1,1,1,0,0,0,1,0,0,1,1,0,0,1,1,0,0,1,1,0,1,0,1,0,0,0,1,1,1,0,1,1,0,1,1,1,1,0,1,1,0,1,0,0,0,1,0,0,0,0,1,0,1,0,0.0,-3673.4095026679665,1
1,0,0,0,1,0,0,0,1,0,0,0,0,1,1,0,0,1,0,1,0,0,1,1,1,1,1,1,1,0,0,1,0,0,0,0,1,0,0,1,1,0,0,1,1,1,0,1,1,0,0,0,0,0,1,1,1,1,0,1,0,0,0,1,0.015625,-3673.3696298586256,1
1,0,1,0,0,1,0,1,1,0,0,1,0,0,0,1,0,1,1,0,0,0,0,0,0,1,0,1,1,0,1,0,1,0,0,1,0,0,1,0,0,1,0,1,1,1,0,1,1,1,0,1,0,0,0,1,1,1,0,0,0,0,1,1,0.015625,-3673.3678203051313,1
1,0,0,0,0,0,0,0,1,0,0,1,1,1,0,1,0,1,0,0,0,1,0,0,1,0,0,1,0,0,1,1,0,1,0,1,1,1,1,0,1,0,1,1,1,0,0,0,0,0,0,0,1,1,1,1,1,1,0,0,1,1,0,0,0.0,-3673.318052024918,1
1,0,1,1,1,1,0,1,1,1,1,1,0,0,0,0,0,1,0,0,0,1,0,1,0,0,1,0,0,1,1,1,0,1,0,0,1,1,0,0,0,0,1,1,1,1,1,1,1,1,0,0,0,1,0,1,1,0,1,1,0,0,1,1,0.0,-3673.312652829538,1
0,1,1,1,0,0,0,0,1,1,1,0,0,1,0,0,1,1,0,0,0,0,0,1,0,1,0,1,0,0,0,0,1,0,0,0,1,0,0,1,0,0,1,1,1,1,1,0,0,1,1,1,1,0,1,1,1,0,0,0,0,1,0,1,0.0,-3673.2925167772105,1
0,0,0,1,0,0,1,0,0,1,1,0,1,1,1,0,0,1,0,0,0,0,0,0,1,1,0,1,0,0,1,0,0,1,0,0,1,1,0,0,0,0,0,0,1,1,0,1,0,1,0,1,1,0,1,1,1,1,0,1,1,0,1,1,0.0,-3673.1179061462644,1
1,1,0,0,1,0,1,1,1,0,1,0,1,1,0,0,0,0,0,1,0,0,1,0,1,1,0,1,0,1,0,1,0,1,1,0,1,1,0,0,0,0,1,1,0,1,1,0,1,1,0,1,0,1,1,1,1,0,0,1,1,0,1,1,0.0,-3673.1021873276713,1
0,0,0,0,0,1,0,0,0,0,1,1,0,0,1,0,1,1,0,1,1,0,0,0,1,1,0,1,0,0,1,1,1,1,0,1,0,0,1,1,1,0,0,1,1,0,1,0,0,0,1,0,1,1,0,1,1,0,0,0,1,1,0,0,0.0,-3672.9409987536183,1
0,0,1,0,0,0,0,1,0,0,0,0,1,1,0,0,0,1,0,0,1,0,1,0,1,1,1,1,0,0,1,1,0,0,0,1,1,1,0,0,0,1,1,1,1,0,1,1,1,1,0,0,1,0,1,1,0,1,0,0,0,0,1,0,0.0,-3672.908018260337,1
1,1,1,1,0,1,1,1,1,0,1,1,0,0,0,1,0,1,0,0,1,0,1,0,0,1,1,0,1,0,0,0,1,0,0,1,0,0,0,1,0,1,1,1,1,1,0,1,1,1,0,0,1,1,1,1,1,0,0,1,0,0,1,0,0.0,-3672.9024017881284,1
1,0,1,0,0,1,0,1,1,0,1,1,0,1,1,1,0,0,0,1,0,1,0,1,0,0,1,1,0,0,1,0,0,0,0,1,0,1,0,1,0,1,0,1,0,1,0,1,0,0,0,0,0,1,1,1,1,1,0,0,0,1,0,0,0.0,-3672.758133592602,1
0,0,1,1,1,0,1,1,0,1,1,0,0,1,0,1,0,1,0,0,1,1,1,0,1,0,1,1,1,0,1,0,0,1,0,0,0,0,0,0,0,0,1,0,1,0,0,1,0,1,1,0,0,0,0,1,1,0,0,0,0,1,1,1,0.015625,-3672.667190295907,1
1,0,1,0,0,0,0,1,0,0,1,0,1,1,0,0,0,1,1,0,1,0,1,0,0,0,0,1,1,1,1,1,1,0,0,1,0,0,0,0,1,1,1,0,1,1,0,0,0,1,0,0,1,0,1,1,1,0,1,0,0,0,0,1,0.0,-3672.6575634126457,1
1,0,1,0,0,1,1,1,1,1,1,1,0,0,0,0,0,1,1,0,1,1,0,0,0,0,1,1,1,0,1,1,0,1,1,1,1,0,0,0,1,1,0,1,0,1,1,1,1,1,0,1,0,1,1,1,0,1,0,0,0,0,0,0,0.0,-3672.6558393188916,1
0,0,0,0,0,1,0,1,0,0,0,1,1,0,1,0,0,0,1,0,0,0,0,0,0,1,0,1,1,1,1,1,0,0,0,1,1,1,1,0,1,1,1,1,1,1,0,0,1,1,0,0,0,0,1,1,0,1,0,1,0,0,0,1,0.03125,-3672.6131962964455,1
1,0,1,0,0,1,1,1,0,0,1,1,1,1,0,1,1,1,0,1,1,1,0,0,1,1,1,1,0,0,1,1,0,1,1,1,1,0,0,0,0,0,1,1,1,1,0,0,1,0,0,1,0,0,0,1,0,1,0,1,0,0,0,1,0.0,-3672.5710876531784,1
0,0,1,0,1,0,1,1,0,0,0,1,1,1,0,1,1,1,0,1,1,1,0,0,0,1,1,1,0,0,1,1,0,1,1,1,0,1,1,0,0,0,1,1,1,0,0,1,1,0,0,1,0,1,1,1,1,1,0,0,1,0,0,0,0.015625,-3672.489546643248,1
0,1,1,0,1,0,0,1,1,0,1,0,0,0,1,0,0,1,0,0,1,1,1,1,0,0,0,1,0,0,1,0,0,0,0,1,0,1,0,0,0,0,0,1,1,1,0,1,0,1,1,1,1,0,0,1,0,1,1,1,0,0,1,0,0.0,-3672.4872362000306,1
1,1,1,0,0,0,1,1,0,0,0,1,0,1,0,1,0,0,0,1,0,0,0,0,0,0,0,1,1,0,1,1,1,1,0,0,1,1,1,0,1,1,0,1,1,0,0,0,1,1,0,0,0,1,0,1,1,0,0,0,0,1,1,0,0.0,-3672.3398782184763,1
1,0,1,0,0,0,1,1,0,0,1,1,0,1,1,0,0,1,0,0,1,1,1,0,1,0,1,1,0,0,1,0,1,1,0,1,0,1,0,0,0,0,0,1,1,0,0,0,1,0,1,0,1,0,1,1,1,0,0,1,0,0,0,0,0.0,-3672.3213467190567,1
0,0,1,0,0,0,0,0,1,1,1,1,0,0,0,1,0,0,1,1,0,1,0,1,0,1,0,1,0,0,1,0,1,1,0,1,1,0,1,0,0,0,0,1,1,0,0,0,1,1,1,0,1,0,0,0,0,1,1,1,0,1,0,1,0.0,-3672.2562707377274,1
1,0,0,0,1,0,0,0,0,0,1,1,0,0,0,1,0,0,0,0,1,0,1,0,0,1,0,1,0,1,1,0,0,0,1,0,1,0,1,0,0,1,1,1,1,1,1,1,1,1,0,0,1,1,0,1,0,0,0,1,1,0,1,0,0.015625,-3672.2477404344677,1
1,0,1,1,0,1,0,1,1,0,1,1,1,0,0,0,0,1,1,0,0,1,0,0,1,1,1,1,1,0,1,1,1,0,0,0,1,1,0,0,0,0,1,1,1,0,1,1,1,1,0,1,0,0,1,1,1,1,0,1,0,0,0,0,0.015625,-3672.235617665283,1
1,1,1,1,0,0,0,1,1,0,1,0,0,1,0,0,0,1,1,1,0,1,0,0,1,0,1,1,1,0,0,1,0,1,0,0,1,1,0,1,0,0,1,1,1,1,1,0,1,1,0,1,1,1,1,0,1,0,1,1,0,0,0,0,0.015625,-3672.218241893469,1
1,1,1,0,0,0,1,1,0,0,1,0,1,1,0,0,1,1,0,1,1,1,0,1,1,0,0,0,0,0,1,1,0,1,1,0,1,1,1,0,0,1,1,1,1,1,0,1,1,0,0,1,0,0,0,1,1,1,1,1,0,0,0,0,0.0,-3672.161850411061,1
0,0,0,1,1,1,1,1,1,0,1,0,0,1,0,1,1,1,1,0,1,1,0,0,1,1,1,1,0,0,1,1,0,1,0,0,1,1,0,0,1,0,1,1,1,1,0,1,1,0,1,1,0,1,0,1,1,0,0,0,0,0,0,0,0.0,-3672.1360673582876,1
1,0,0,0,0,1,1,0,1,1,0,1,0,1,0,1,0,1,1,1,0,0,0,0,0,1,1,1,0,0,1,1,1,0,0,1,0,1,0,1,0,1,1,0,1,1,1,1,1,1,1,1,1,0,0,1,1,0,0,1,0,0,1,0,0.0,-3671.980754314436,1
1,0,1,1,1,1,1,1,1,0,0,0,0,1,1,0,0,1,0,0,0,0,0,1,1,0,1,1,1,0,1,1,0,1,1,1,1,1,1,0,0,0,1,1,0,1,1,1,1,0,0,0,1,1,0,1,0,1,0,0,0,1,0,0,0.015625,-3671.9656061915985,1
1,1,1,0,1,0,1,1,1,0,1,1,1,1,0,1,1,1,0,0,1,0,1,0,1,0,0,1,1,0,1,0,0,0,0,1,1,0,0,0,0,0,1,1,1,1,1,1,0,0,1,1,0,0,0,1,1,0,1,0,0,1,0,1,0.0,-3671.656874611529,1
0,1,1,1,0,1,0,1,1,1,0,0,0,1,1,1,0,1,0,0,1,0,0,0,0,1,0,1,0,0,0,1,0,1,0,1,0,1,1,0,1,0,1,1,1,1,1,1,1,1,1,1,1,0,1,1,0,0,0,1,0,0,0,1,0.0,-3671.5764841704404,1
1,0,1,1,0,1,1,0,1,0,1,1,1,1,1,1,1,0,0,1,0,0,0,0,0,1,1,1,0,0,1,1,1,1,1,0,1,1,1,1,0,0,0,1,0,1,0,0,1,1,0,1,0,0,0,1,0,0,0,0,0,1,1,1,0.015625,-3671.4279288302114,1
1,0,0,1,0,1,0,1,1,0,1,0,0,1,0,0,0,1,0,0,1,0,1,1,1,1,1,1,1,0,1,1,0,1,0,1,0,1,0,1,0,1,0,1,1,1,1,1,1,1,0,0,0,1,0,1,1,1,0,0,0,1,0,0,0.0,-3671.2794518740147,1
1,0,1,0,1,0,1,1,0,1,1,0,1,1,0,0,1,0,0,1,0,1,1,1,0,0,1,1,0,0,0,1,1,0,1,0,1,0,1,0,1,0,1,1,1,1,0,0,0,1,0,1,1,0,0,1,0,1,1,1,0,0,1,1,0.0,-3671.2104538509557,1
1,1,1,0,1,0,1,1,1,1,1,0,0,1,0,0,0,1,0,1,1,1,0,0,0,0,1,0,0,0,1,1,1,0,0,1,0,0,0,1,1,1,0,1,1,0,0,1,0,1,1,1,1,0,0,1,1,1,1,1,0,1,0,0,0.0,-3671.2100025603486,1
1,0,1,0,1,0,0,1,1,0,1,1,0,0,1,0,1,1,0,0,1,1,0,1,1,0,0,1,1,0,0,1,1,1,0,0,1,1,1,0,1,1,0,1,0,1,0,0,0,1,1,1,1,1,1,1,0,0,0,0,0,1,1,0,0.0,-3671.0097986822984,1
1,0,1,0,0,1,1,0,0,0,1,1,1,0,1,1,0,1,1,0,1,1,0,0,0,1,1,1,0,1,1,1,0,0,0,1,1,1,0,1,0,1,1,0,1,1,0,0,0,1,0,0,1,0,1,0,1,0,1,1,1,1,0,0,0.0,-3670.9492911246307,1
1,0,1,1,0,0,0,1,1,0,0,0,1,1,1,0,0,1,0,0,1,0,1,1,1,0,1,1,0,0,1,0,0,1,0,0,0,1,1,0,0,1,1,1,1,1,1,0,0,1,1,1,0,1,1,1,1,0,1,0,1,1,0,0,0.015625,-3670.5435553601255,1
1,0,0,0,1,0,0,1,1,0,1,1,0,1,0,0,1,1,0,0,1,0,0,0,1,1,0,1,1,1,1,1,0,0,0,0,1,1,1,0,0,0,1,1,1,1,1,1,1,1,0,0,1,1,1,1,0,1,0,0,0,1,0,1,0.0,-3670.4893735147307,1
1,1,1,0,1,0,1,1,1,0,1,0,0,1,0,0,1,1,0,0,1,1,0,0,1,1,1,1,0,1,1,0,0,1,0,1,0,1,1,0,1,0,0,1,0,0,1,1,1,1,1,0,1,0,0,1,1,1,0,0,0,0,1,0,0.0,-3670.319077128922,1
1,0,1,0,0,0,1,0,1,0,1,1,1,1,0,0,0,1,0,0,1,1,1,0,1,0,1,1,1,0,1,0,0,1,0,0,1,0,0,0,0,0,0,1,1,0,1,1,1,1,1,1,1,0,1,1,0,1,0,1,0,1,1,1,0.015625,-3669.956610774827,1
1,0,1,1,1,0,1,1,1,0,1,0,1,1,1,0,0,1,0,1,0,1,0,1,0,0,1,1,1,0,1,0,0,1,1,1,1,0,1,0,0,1,0,0,1,1,0,1,0,1,1,0,0,0,0,1,1,1,0,1,0,0,0,1,0.015625,-3669.129029135207,1
0,1,0,1,1,1,0,0,1,1,0,0,0,1,0,0,1,0,1,1,1,1,0,0,0,1,0,1,0,1,1,0,0,0,0,1,1,1,1,0,0,1,0,1,1,1,0,0,1,1,1,0,1,1,1,1,1,1,0,0,1,0,1,0,0.0,-3668.691716907564,1
1,0,0,0,0,0,1,1,0,0,0,0,0,0,0,0,1,1,0,0,1,0,1,1,1,0,1,1,0,1,0,1,0,0,1,0,1,0,0,0,0,0,1,1,1,1,0,1,1,0,0,1,1,0,0,1,1,0,0,1,1,0,0,1,0.0,-3650.237624280724,1
1,0,0,1,1,1,1,0,0,0,0,0,1,0,1,0,0,0,1,0,0,0,0,1,1,0,0,0,0,0,1,1,0,1,0,0,1,1,0,0,0,0,1,0,0,1,0,1,1,1,0,0,1,1,0,1,1,1,1,0,0,1,0,1,0.015625,-3649.868675788726,1
0,0,1,1,0,1,1,1,0,0,1,1,0,0,0,0,0,0,0,0,0,1,1,0,1,1,1,1,0,0,1,1,0,0,0,1,0,0,0,0,0,1,1,0,1,0,0,1,0,1,1,0,0,1,1,0,1,0,0,1,0,1,0,1,0.0,-3649.816905296392,1
0,0,1,0,0,1,1,1,0,1,0,0,1,1,0,1,1,0,0,1,0,0,0,0,0,1,1,0,0,0,1,1,1,0,0,1,0,0,0,0,0,1,1,0,1,1,1,1,0,1,0,1,0,1,1,1,0,1,0,0,0,0,0,0,0.015625,-3649.7237495364952,1
1,1,1,0,0,0,1,0,1,0,0,1,1,1,0,0,1,1,0,0,1,1,1,1,0,1,0,1,1,0,1,1,0,0,0,0,0,0,0,0,0,0,1,0,1,0,0,1,0,0,0,0,0,0,1,1,1,0,0,0,1,1,1,0,0.0,-3649.6544861635784,1
1,0,0,0,1,0,1,0,0,1,0,1,0,0,0,0,0,0,0,0,0,1,1,0,0,1,1,1,1,0,1,1,1,0,1,1,0,0,0,0,0,1,1,1,1,0,1,0,1,1,0,0,0,1,0,1,1,1,0,1,0,0,0,0,0.0,-3649.5014821300956,1
1,0,0,1,0,0,0,1,0,0,1,1,0,0,0,1,1,0,1,0,0,1,0,1,0,0,1,0,1,0,0,0,1,1,0,1,1,0,1,1,0,1,1,1,0,1,0,0,1,0,0,0,1,0,0,1,1,0,0,0,0,1,1,0,0.0,-3649.461968574091,1
0,0,0,0,0,1,1,1,0,1,0,0,1,0,0,0,0,0,0,1,0,0,0,1,0,1,1,0,0,0,1,1,0,1,0,1,1,1,0,0,0,1,1,1,1,0,1,1,0,0,0,0,1,0,0,1,1,0,1,1,0,1,1,0,0.0,-3649.4331580266735,1
0,0,1,0,0,1,0,1,1,0,1,1,0,0,0,1,0,1,0,0,1,0,0,0,0,0,1,0,0,1,0,1,0,0,0,1,0,1,1,0,0,0,1,0,1,1,0,0,0,1,0,1,1,1,1,1,1,1,0,0,0,1,1,0,0.0,-3649.408876243377,1
1,0,1,0,0,1,0,1,0,1,1,1,1,1,0,0,0,0,0,0,1,1,0,0,1,1,0,1,0,0,0,0,0,1,0,0,0,0,0,0,0,0,1,1,1,0,0,0,1,1,0,1,1,1,1,1,1,0,0,1,0,1,0,0,0.03125,-3649.398430366292,1
1,0,1,1,0,0,0,1,1,0,0,1,0,0,0,0,0,1,0,1,1,1,0,1,0,0,1,1,0,0,0,1,0,1,1,1,0,1,0,0,0,1,1,1,1,0,1,0,0,0,1,0,0,0,0,1,1,0,0,1,1,0,0,0,0.0,-3649.3940814152593,1
0,0,1,1,1,0,0,1,1,0,0,1,0,1,0,0,0,1,1,0,1,1,0,0,1,0,0,0,0,0,0,0,1,0,1,0,1,1,0,0,1,1,0,0,1,1,0,0,1,0,0,1,0,0,1,1,1,1,0,1,1,0,0,0,0.0,-3649.3387945526088,1
1,0,0,0,0,0,0,1,0,0,0,1,1,0,0,0,0,0,0,0,0,1,1,1,0,1,0,0,0,0,1,1,1,0,1,1,0,1,0,0,1,1,1,1,1,1,1,0,0,1,0,1,1,0,1,1,0,1,0,0,0,0,0,1,0.015625,-3649.2826610852103,1
0,0,0,0,0,1,0,1,1,0,1,1,0,1,0,1,0,0,0,1,0,0,0,1,0,1,0,1,0,0,1,1,0,0,0,1,0,1,0,1,1,0,1,1,1,1,1,1,1,0,0,1,0,0,0,1,0,1,0,0,0,0,0,1,0.0,-3649.2107833223185,1
0,0,1,1,0,0,0,1,0,0,0,0,0,0,0,1,1,1,1,0,0,1,0,0,0,0,1,1,1,0,1,0,1,0,0,1,0,1,0,0,1,0,1,1,1,0,0,0,1,0,0,1,0,1,1,1,1,0,1,0,0,1,0,1,0.015625,-3649.0961737920356,1
0,1,1,0,0,0,0,1,1,0,0,0,0,0,0,0,1,1,0,0,0,1,0,0,1,0,0,1,1,0,0,1,0,1,1,0,1,1,1,0,0,0,1,1,1,0,1,1,0,0,0,0,1,0,1,1,1,1,0,1,0,0,1,0,0.0,-3649.047140101276,1
1,0,0,1,0,0,0,1,0,1,0,0,0,1,0,1,0,0,0,0,1,0,0,1,0,0,1,1,1,0,1,1,1,1,1,1,1,0,1,0,0,1,1,0,1,1,0,1,1,1,0,0,0,0,0,1,1,0,0,0,0,0,0,0,0.015625,-3648.9376841853823,1
1,0,1,1,1,1,0,0,1,1,1,0,0,1,1,0,0,1,0,0,0,0,1,1,1,0,0,1,0,0,1,1,0,0,1,1,0,0,0,0,0,0,1,1,1,0,0,0,0,0,0,1,1,1,0,0,1,1,1,0,0,0,0,0,0.015625,-3648.9243496131994,1
0,0,1,0,0,1,1,1,0,1,0,1,1,0,0,0,0,0,0,0,0,0,1,0,0,0,1,1,0,0,0,1,0,1,0,0,1,0,0,0,0,0,1,1,1,1,0,0,1,1,1,0,0,1,1,1,1,0,1,0,0,1,1,1,0.0,-3648.776659284482,1
1,0,1,0,0,1,0,1,0,0,0,0,1,1,0,0,0,1,1,0,1,0,1,0,0,1,1,1,1,0,1,1,0,0,0,1,1,1,0,0,0,0,1,0,0,0,1,0,0,1,0,0,1,1,1,1,1,0,0,0,0,1,0,0,0.015625,-3648.7758618327252,1
0,0,1,1,0,1,1,0,1,0,1,0,0,1,0,0,0,1,1,1,0,0,0,0,1,0,0,1,0,0,0,1,1,0,0,1,0,0,1,0,1,0,1,0,1,1,0,0,0,0,1,0,0,1,0,1,1,1,0,1,0,0,1,1,0.0,-3648.730972754395,1
1,1,1,0,1,0,0,1,0,0,1,0,0,0,1,0,0,1,0,0,1,1,0,0,1,0,1,1,0,1,1,1,1,0,1,0,0,1,0,0,0,0,1,0,1,0,0,1,1,1,0,0,0,0,1,1,0,1,0,0,0,0,0,1,0.0,-3648.7040312970507,1
1,0,1,0,0,0,0,1,0,0,1,1,0,1,0,0,0,1,0,1,1,0,1,0,1,1,1,1,0,0,0,0,0,0,1,1,0,1,0,0,0,0,1,1,1,0,0,1,1,1,0,0,0,0,0,1,0,1,1,0,0,1,0,1,0.0,-3648.6967218958976,1
0,0,1,1,0,0,0,1,1,1,0,0,0,1,0,0,0,1,0,1,0,1,1,0,0,0,1,1,0,0,0,0,0,1,0,0,1,0,0,0,1,0,0,1,1,1,0,1,1,1,0,1,1,1,0,1,1,1,0,0,1,0,0,0,0.0,-3648.6918377370007,1
1,1,0,1,1,1,1,1,1,0,1,0,0,0,1,1,0,1,0,0,1,0,0,0,0,0,0,1,0,0,1,1,0,0,0,1,1,0,0,0,0,1,0,0,1,1,0,0,1,1,0,1,1,1,1,0,0,0,0,0,0,0,1,0,0.0,-3648.680491426483,1
1,0,1,1,0,0,0,1,0,1,1,1,0,1,1,0,1,1,0,0,0,1,0,0,0,1,1,0,1,1,0,1,0,0,0,0,1,0,0,0,0,0,0,1,0,1,0,1,0,1,1,0,1,1,0,0,1,0,0,1,0,0,1,0,0.0,-3648.494682767248,1
1,1,0,1,1,0,0,1,0,1,1,0,0,1,0,0,0,1,0,1,1,1,1,1,0,0,0,1,0,0,0,1,0,0,0,1,0,0,0,0,0,1,0,1,1,1,0,1,1,0,1,1,1,0,0,1,0,0,0,0,0,0,0,1,0.0,-3648.46792614615,1
0,0,1,1,1,1,0,1,1,1,1,0,0,0,0,0,0,1,1,0,0,0,0,0,0,0,1,1,1,0,1,1,0,0,1,0,1,1,0,0,0,1,0,0,1,0,0,1,1,1,1,1,1,0,0,0,1,0,0,0,0,1,0,0,0.015625,-3648.4023849415876,1
0,0,1,1,0,1,0,1,0,1,1,0,0,0,0,0,0,0,0,1,1,0,1,0,1,0,1,1,0,0,1,1,0,0,1,1,1,1,0,1,0,0,0,1,1,0,1,0,0,1,0,0,0,0,1,1,1,0,0,1,0,1,0,0,0.0,-3648.3796287497034,1
1,1,0,1,0,1,0,1,1,0,1,1,0,0,1,0,0,0,0,0,0,0,0,0,0,0,1,0,0,0,1,0,1,1,0,0,0,1,1,0,0,0,1,1,1,1,1,0,0,1,1,1,1,0,1,1,1,0,0,0,0,0,1,0,0.0,-3648.3457523460884,1
0,1,1,0,0,0,1,1,0,0,1,0,1,1,0,0,1,1,0,0,0,0,1,0,0,1,0,1,0,0,0,1,0,1,0,0,1,0,0,1,1,0,1,0,1,0,1,0,1,1,0,0,0,0,1,1,0,1,0,1,0,0,1,1,0.0,-3648.298743044563,1
1,0,1,0,0,0,1,1,0,1,1,0,1,1,0,0,0,0,1,0,0,0,0,1,0,1,1,1,1,1,1,1,0,0,0,1,1,0,0,1,0,0,0,1,1,0,1,0,1,0,0,0,0,1,0,1,1,0,0,0,0,0,0,1,0.015625,-3648.2362715364497,1
0,0,0,1,0,0,0,1,1,1,0,1,1,1,1,1,1,0,1,0,1,1,0,1,1,0,0,1,0,0,0,0,0,0,0,0,1,0,1,0,0,0,1,1,1,1,0,0,1,1,0,0,0,0,1,1,0,0,0,1,1,0,0,0,0.015625,-3648.22075577884,1
1,0,0,1,0,1,1,0,1,0,1,0,1,0,0,0,0,1,1,0,0,1,1,0,1,1,1,0,0,0,1,0,1,1,1,1,0,1,1,0,0,0,1,1,1,1,0,0,1,1,0,1,0,1,0,1,0,1,0,1,1,1,1,1,0.0,-3647.970915046494,1
1,0,1,0,1,0,0,0,1,0,0,0,1,1,0,0,0,1,0,0,0,0,0,1,0,1,1,1,1,0,0,0,1,0,0,1,1,0,1,1,1,1,0,1,0,1,1,0,0,0,1,0,0,1,0,1,1,1,0,0,0,0,1,0,0.015625,-3647.9629318397338,1
0,1,1,1,0,1,0,0,1,0,0,1,1,0,0,0,1,0,0,0,1,1,1,0,1,1,1,0,0,0,0,1,0,1,0,1,1,1,1,0,0,1,0,1,1,1,1,1,1,0,1,1,1,0,1,1,1,0,1,1,1,0,0,0,0.0,-3647.9322327387436,1
0,0,1,0,0,1,0,1,0,1,0,0,1,0,0,1,0,0,0,0,1,1,0,1,0,0,1,1,1,0,1,1,0,0,0,0,1,1,1,0,1,0,0,1,1,1,0,0,1,1,0,0,1,1,0,1,1,0,0,0,0,1,0,0,0.0,-3647.854437898458,1
1,1,1,0,0,0,0,1,0,0,1,0,0,0,0,0,0,0,0,0,1,0,0,0,1,0,0,1,0,1,1,0,0,0,1,1,1,0,1,0,0,0,0,1,1,0,1,1,1,1,1,0,0,1,1,1,1,0,1,0,0,0,1,1,0.015625,-3647.6201313771917,1
0,0,1,0,0,1,1,1,1,1,1,1,0,0,0,0,0,1,0,0,0,1,0,0,0,1,1,1,1,0,1,1,1,1,0,1,0,1,1,0,0,0,1,1,1,1,1,1,1,1,0,0,1,0,1,1,1,0,1,0,0,1,1,0,0.015625,-3647.485957515827,1
1,1,1,0,0,0,1,1,0,0,1,0,0,0,0,1,1,0,0,0,1,1,0,0,0,0,1,1,0,0,1,0,0,0,0,0,0,1,0,0,1,0,0,1,1,0,0,0,1,1,1,1,0,1,0,1,1,1,0,1,1,0,1,0,0.0,-3647.3587348648603,1
1,0,0,1,1,1,0,1,1,1,0,1,1,1,0,1,0,1,0,0,1,0,1,0,0,1,0,1,0,0,1,1,0,1,0,1,1,0,1,0,0,1,1,1,1,1,0,1,1,1,0,1,0,0,0,0,1,0,0,0,1,1,1,1,0.015625,-3646.913530528015,1
0,0,0,0,0,0,1,1,1,0,1,1,1,0,1,0,0,1,0,1,1,0,0,1,0,0,1,1,0,0,0,0,1,0,0,0,0,1,0,0,0,1,0,1,1,1,0,0,0,1,1,0,0,0,0,1,1,1,1,1,0,1,1,0,0.0,-3646.7129968338554,1
1,0,0,0,0,1,0,1,1,0,1,0,0,1,0,0,0,1,1,1,1,0,1,0,1,0,1,1,0,0,1,1,0,1,0,0,1,1,0,0,0,1,1,0,1,1,1,1,1,1,0,1,1,0,1,0,1,0,0,1,1,1,1,1,0.0,-3646.6726664021153,1
1,0,1,0,1,0,0,1,1,1,1,1,1,1,0,1,0,1,1,0,0,1,1,1,1,1,1,1,1,1,1,0,0,0,1,0,0,1,0,0,0,0,1,1,1,1,1,0,0,0,0,1,0,1,1,0,1,0,0,1,0,0,0,1,0.0,-3646.3795953764866,1
1,0,0,1,0,0,0,0,0,0,1,1,0,1,0,1,1,1,1,0,1,1,1,1,1,0,0,1,1,0,1,1,0,1,0,1,0,1,1,0,1,0,0,1,1,1,1,1,1,0,0,1,1,1,0,1,1,0,0,0,1,1,0,0,0.0,-3646.3396852290407,1
1,1,1,0,1,0,1,1,1,0,0,1,1,0,0,1,0,1,1,1,1,1,0,0,0,0,1,1,0,1,1,0,0,1,1,0,1,1,1,0,1,0,1,1,1,1,1,1,1,1,0,1,0,0,0,1,1,0,0,0,0,0,0,0,0.0,-3646.1688832395203,1
1,0,1,1,1,0,0,1,1,0,0,1,1,0,0,0,0,1,0,1,1,1,0,0,1,1,1,1,1,0,1,1,0,1,0,0,1,1,0,0,1,1,0,1,1,1,0,0,1,1,1,1,1,0,0,1,0,0,1,1,0,1,0,0,0.015625,-3645.4978242000707,1
1,0,1,0,0,0,0,1,1,1,0,1,1,0,1,0,0,1,1,0,0,1,0,0,0,1,1,1,1,1,1,1,1,0,1,1,1,0,0,1,0,0,0,0,1,1,1,0,1,1,0,0,1,1,1,1,1,1,0,1,0,1,0,0,0.015625,-3645.164636764026,1
1,1,1,1,1,0,0,1,0,0,1,0,0,1,1,0,0,0,0,1,1,1,0,0,1,0,1,1,1,1,1,0,0,1,1,0,0,1,1,0,1,0,0,1,1,1,1,1,1,0,0,1,1,1,0,1,1,0,1,0,0,0,1,0,0.0,-3644.670835978669,1
0,1,1,0,1,1,1,1,0,0,1,0,0,1,0,0,0,1,1,0,1,1,1,0,1,0,1,1,0,1,0,1,0,1,1,0,1,1,1,1,0,1,0,1,1,1,0,0,0,1,0,0,0,1,1,0,1,1,0,1,0,1,1,0,0.0,-3643.9835967863364,1
1,0,0,0,1,1,0,0,1,1,0,0,0,1,0,0,0,1,0,0,0,0,0,0,1,0,1,0,0,1,1,1,0,1,1,1,1,0,0,0,1,0,1,1,0,1,0,0,1,1,0,1,0,1,0,1,0,0,0,1,0,0,0,1,0.0,-3618.2829352221374,1
0,0,0,1,0,1,1,1,0,1,1,0,0,0,0,0,0,1,1,0,0,0,0,0,1,0,1,0,1,0,0,1,0,1,0,1,1,0,0,0,1,0,1,0,1,1,0,1,1,1,0,0,1,1,1,0,0,0,1,0,0,1,0,0,0.0,-3618.0063687857287,1
1,0,0,1,1,0,0,0,1,0,0,0,1,1,0,0,0,0,0,0,0,1,1,1,1,1,1,1,0,0,1,1,0,0,0,1,1,0,0,0,0,0,1,0,1,0,0,0,0,0,0,1,0,1,1,0,1,0,0,0,1,1,1,1,0.0,-3617.9710827153185,1
1,0,1,1,0,1,0,1,1,0,0,0,0,0,0,0,0,1,0,0,1,1,0,1,0,1,1,1,0,0,0,1,1,0,0,1,0,0,1,1,1,0,1,1,1,0,0,0,1,0,0,1,0,0,0,1,0,0,1,0,0,0,0,1,0.0,-3617.8399647517786,1
0,0,0,1,0,0,0,0,1,0,0,1,0,0,0,0,0,1,0,0,0,0,0,0,1,0,1,0,1,1,1,1,1,0,1,1,0,1,0,1,1,0,1,1,1,0,1,1,1,1,0,1,0,1,1,1,0,0,0,0,0,0,0,0,0.0,-3617.785462149679,1
0,0,1,0,0,0,1,1,1,0,0,0,1,1,0,0,0,1,0,1,1,1,0,0,0,0,1,1,0,0,1,1,1,1,0,0,0,1,0,0,1,0,1,1,0,0,1,1,0,0,0,1,1,0,0,0,1,0,0,0,0,1,1,0,0.0,-3617.30807454061,1
0,0,1,0,0,0,1,1,0,1,1,1,0,0,0,0,0,0,0,1,1,0,0,0,0,0,1,1,0,1,1,1,0,0,0,1,1,0,0,0,1,0,0,0,1,1,1,1,0,0,0,1,0,1,1,1,1,0,0,0,0,1,1,0,0.0,-3617.092816502482,1
1,1,1,0,1,0,0,1,1,0,1,0,0,0,0,0,0,1,0,0,0,0,1,0,1,0,1,1,0,1,1,0,1,0,0,1,0,1,0,0,0,0,1,0,1,0,0,1,1,1,0,0,1,1,0,1,1,0,0,0,0,0,1,0,0.03125,-3617.0539079904343,1
1,1,0,0,1,1,0,0,1,0,1,0,0,1,0,0,0,0,0,0,1,0,0,0,0,1,0,1,0,0,1,0,0,0,1,1,1,0,1,0,1,1,1,0,1,1,0,1,1,1,0,1,0,0,0,1,1,0,0,0,0,0,1,0,0.015625,-3617.0515120723444,1
0,0,1,1,0,0,1,1,1,0,1,1,0,0,0,1,0,1,0,1,0,0,1,0,0,1,1,0,0,0,1,0,0,0,1,0,1,0,0,1,0,1,1,1,0,0,0,0,0,1,0,1,1,1,0,0,0,1,0,0,0,1,1,0,0.015625,-3616.6587378693407,1
1,1,1,0,0,0,0,1,0,0,1,1,0,0,0,0,1,0,0,0,1,1,0,0,1,1,1,1,0,1,1,0,0,1,0,1,0,0,0,1,0,0,1,1,1,1,0,1,0,0,1,0,1,0,1,0,1,0,0,0,0,0,0,0,0.015625,-3616.5307763820174,1
1,0,1,0,1,0,0,1,0,0,0,0,1,1,1,0,1,0,0,1,1,1,0,0,0,0,1,1,0,0,0,0,1,0,0,1,1,0,1,0,0,0,1,1,0,1,0,1,1,1,1,0,0,0,0,0,1,0,0,1,0,0,0,1,0.0,-3616.2529387247464,1
1,1,1,0,0,0,0,1,1,0,1,0,0,0,1,0,0,1,0,0,1,1,0,0,1,1,1,1,0,0,0,0,0,0,0,0,1,0,1,1,1,0,1,1,1,1,0,1,0,1,1,0,0,0,1,1,0,0,0,0,0,0,0,0,0.0,-3615.548124632653,1
1,1,1,1,0,1,1,1,0,1,0,0,0,1,0,1,0,0,0,1,0,0,1,0,0,0,1,1,0,0,0,0,0,0,1,0,0,0,1,1,0,1,1,1,0,0,1,1,0,0,0,0,0,1,1,1,0,1,0,0,0,1,0,0,0.0,-3615.4671825561454,1
1,0,1,1,0,0,0,1,0,0,0,0,0,1,0,1,1,1,0,1,0,1,0,0,1,0,0,1,0,0,0,0,0,0,0,0,1,0,0,0,1,1,1,1,1,1,0,1,0,1,1,1,0,0,1,1,0,0,0,0,1,0,0,1,0.0,-3615.2273376772787,1
0,0,1,0,0,0,0,1,0,0,1,1,0,1,0,0,0,0,0,1,0,1,0,0,0,1,1,1,1,1,1,0,0,1,0,0,1,0,0,1,1,0,1,1,1,1,1,0,1,1,1,0,0,0,0,0,0,0,0,1,0,1,0,0,0.0,-3615.221419526696,1
1,1,1,1,1,0,1,1,1,1,1,0,0,1,0,1,0,1,0,1,1,0,0,1,0,1,1,1,0,0,0,1,0,0,1,0,1,0,1,1,0,0,1,1,1,1,1,0,0,1,0,1,0,1,0,0,1,1,0,1,1,0,0,1,0.0,-3613.7222707267565,1
1,1,1,1,1,0,1,1,1,0,1,1,0,0,0,0,0,0,0,0,0,1,0,0,1,1,0,1,0,0,1,0,0,1,1,1,0,1,1,0,1,1,1,1,1,1,1,0,1,1,0,0,1,1,0,1,0,1,1,0,1,1,0,1,0.015625,-3613.557264586804,1
0,0,1,0,0,0,0,1,0,1,0,0,1,1,1,0,0,1,0,1,0,1,1,0,0,1,1,1,0,1,1,1,0,0,1,1,1,1,0,0,0,0,1,1,1,1,1,0,1,1,0,1,1,1,0,1,1,1,1,1,1,1,0,0,0.0,-3612.5570693222126,1
0,1,0,1,1,0,1,1,1,1,1,0,0,1,0,0,0,1,0,1,1,1,1,1,1,1,0,1,0,1,1,1,0,0,1,0,1,0,1,0,1,1,1,1,1,1,0,1,0,1,1,0,0,0,1,1,0,0,1,0,0,0,1,0,0.0,-3610.4899090885983,1
1,0,0,1,0,0,0,1,0,0,0,1,1,0,0,0,0,0,1,1,0,0,0,1,1,1,0,1,0,0,1,1,1,1,0,1,1,0,0,0,0,0,0,1,1,0,0,1,0,1,0,0,0,1,0,1,1,0,0,0,1,1,0,0,0.015625,-3577.6532311773235,1
0,0,1,0,0,1,0,1,0,1,0,1,1,1,0,0,1,1,0,0,0,0,0,0,0,1,1,1,0,0,1,1,1,0,0,0,1,0,0,0,0,0,1,1,1,1,1,0,0,1,1,1,0,1,0,0,0,0,0,0,0,0,0,1,0.0,-3576.9994341867064,1
1,0,0,0,0,0,1,1,1,0,0,0,0,1,0,0,0,0,0,1,1,1,0,0,0,1,1,1,1,0,0,0,0,0,1,0,1,0,0,0,0,1,1,1,1,1,0,1,1,0,0,0,1,0,1,1,1,0,1,0,0,0,0,0,0.015625,-3576.912339937776,1
0,0,0,1,0,1,1,1,0,0,1,0,1,0,1,1,0,0,0,1,1,1,0,1,0,0,1,1,0,0,0,1,0,1,0,0,1,0,1,1,0,0,1,1,1,0,0,1,0,0,0,0,0,0,0,1,1,0,0,0,0,0,1,0,0.0,-3575.709411902046,1
1,0,1,0,0,0,0,1,1,0,1,0,0,1,1,1,0,0,0,0,0,0,0,1,0,0,0,1,0,0,1,1,1,1,1,0,0,0,0,0,0,0,0,1,1,1,0,0,0,0,0,0,1,0,1,1,1,1,1,0,1,0,0,1,0.0,-3575.6018890567425,1
1,0,1,0,0,0,0,1,0,0,1,0,0,1,0,0,0,1,0,0,1,1,1,0,0,0,0,1,0,0,1,0,1,1,0,0,0,0,0,0,0,1,1,1,1,0,0,1,1,0,1,1,1,0,1,1,0,0,0,0,1,1,0,0,0.0,-3575.4038690285533,1
1,0,0,0,0,1,0,1,1,0,1,1,1,1,0,1,1,0,1,0,0,1,1,0,0,0,0,0,0,0,1,1,0,0,0,0,1,0,1,1,0,1,0,1,1,0,1,0,1,0,0,0,1,1,1,0,0,0,0,0,0,0,0,0,0.0,-3574.914044143425,1
1,0,1,0,0,1,0,1,0,1,1,1,1,0,0,1,1,0,0,0,1,1,0,0,0,0,1,1,1,0,1,0,0,0,0,0,1,0,0,0,0,0,0,1,1,0,1,0,0,1,0,0,1,0,0,1,0,1,0,1,0,1,0,0,0.0,-3574.3459201245305,1
0,1,0,0,1,1,0,1,1,1,0,1,1,0,0,1,0,1,0,0,1,1,1,0,1,0,1,1,1,0,1,1,0,1,0,1,0,0,0,0,1,1,1,1,1,1,0,0,1,1,0,1,0,1,1,0,0,1,0,1,1,1,1,1,0.0,-3574.069345616208,1
1,0,0,1,1,1,0,1,1,0,0,1,0,1,0,0,0,0,0,0,1,0,1,1,0,1,0,0,0,0,0,0,0,0,0,0,1,0,1,0,1,1,1,1,1,0,0,1,1,0,0,0,0,0,0,0,1,0,0,1,1,1,0,0,0.015625,-3531.041980776689,1
1,1,0,0,1,0,0,0,1,0,0,0,0,0,0,0,0,0,0,0,1,1,0,1,0,0,1,1,0,0,0,1,0,1,1,0,1,0,0,0,1,0,1,1,1,1,0,1,1,0,1,0,0,1,1,0,1,0,0,1,0,0,0,0,0.0,-3531.0274347203012,1
1,0,1,0,0,0,1,1,1,1,0,0,0,1,0,0,0,1,0,0,1,0,1,0,0,0,0,1,0,1,1,1,0,1,0,1,1,0,0,0,0,1,1,0,1,0,1,0,0,0,0,1,0,0,0,1,1,0,0,0,0,0,0,1,0.0,-3530.5578580995034,1
0,1,1,1,1,0,0,1,0,0,1,1,1,0,0,0,0,1,0,0,1,0,1,0,0,0,0,1,0,0,0,0,0,1,0,0,0,0,1,1,1,0,0,1,1,1,0,1,0,0,0,1,1,1,0,1,1,0,0,0,0,0,0,0,0.0,-3530.073188248723,1
1,0,1,1,1,0,0,1,1,1,0,1,0,0,0,1,1,0,1,0,0,0,0,0,1,1,1,1,1,0,1,0,0,1,1,1,1,0,0,0,1,1,0,1,1,1,1,1,1,1,1,1,0,1,1,1,1,0,1,1,0,0,1,0,0.0,-3525.1157409240395,1
1,1,1,0,1,0,0,1,0,0,0,1,1,0,0,1,1,0,0,1,0,1,0,0,0,1,1,1,1,0,1,0,1,1,1,1,1,1,0,0,1,1,0,1,1,1,0,0,1,1,0,0,1,1,1,1,1,0,1,1,1,1,0,1,0.0,-3524.996652952389,1
1,0,1,0,0,1,0,1,0,1,0,0,0,0,0,0,0,0,0,1,0,1,0,0,0,1,0,0,0,0,0,1,0,1,0,0,1,1,0,0,1,0,1,1,1,1,0,0,1,1,0,0,0,1,1,0,0,1,0,1,0,0,0,1,0.046875,-3476.839974526997,1
